trip_id,line,start_cp,start_cp_id,dest_cp,dest_cp_id,departure_time,departure_time_str,datetime_obj,datetime_float,pdf,speed,departure_interval,planned_travel_time,hour
l4_cp1_1,4,cp1,cp1_l4,cp2,cp2_l4,2025-09-06 05:49:00,05:49,2025-09-06 05:49:00,5.833333333333333,0.05925219995610811,17.361773581571676,0.0,83.0,5
l4_cp1_3,4,cp1,cp1_l4,cp2,cp2_l4,2025-09-06 05:55:00,05:55,2025-09-06 05:55:00,5.921096639096862,0.06077248516220737,17.07592973839457,6.0,84.0,5
l4_cp1_5,4,cp1,cp1_l4,cp2,cp2_l4,2025-09-06 05:59:00,05:59,2025-09-06 05:59:00,5.992788561811099,0.06195835191023316,16.852963213829508,4.0,85.0,5
l4_cp1_7,4,cp1,cp1_l4,cp2,cp2_l4,2025-09-06 06:07:00,06:07,2025-09-06 06:07:00,6.13119544617303,0.0640911940874005,16.45194648199141,8.0,88.0,6
l4_cp1_9,4,cp1,cp1_l4,cp2,cp2_l4,2025-09-06 06:12:00,06:12,2025-09-06 06:12:00,6.202305438137687,0.06510043084232203,16.262189907669043,5.0,89.0,6
l4_cp1_11,4,cp1,cp1_l4,cp2,cp2_l4,2025-09-06 06:18:00,06:18,2025-09-06 06:18:00,6.3000944288144325,0.06638531693128728,16.020605778427278,6.0,90.0,6
l4_cp1_13,4,cp1,cp1_l4,cp2,cp2_l4,2025-09-06 06:24:00,06:24,2025-09-06 06:24:00,6.402572840611189,0.06759700498309193,15.792784335404559,6.0,91.0,6
l4_cp1_15,4,cp1,cp1_l4,cp2,cp2_l4,2025-09-06 06:30:00,06:30,2025-09-06 06:30:00,6.515884162141436,0.0687680266952435,15.572608972714498,6.0,92.0,6
l4_cp1_17,4,cp1,cp1_l4,cp2,cp2_l4,2025-09-06 06:39:00,06:39,2025-09-06 06:39:00,6.661657925104958,0.0700023511261284,15.340531440396198,9.0,94.0,6
l4_cp1_19,4,cp1,cp1_l4,cp2,cp2_l4,2025-09-06 06:43:00,06:43,2025-09-06 06:43:00,6.719247302063643,0.07040323727396824,15.265156874679661,4.0,94.0,6
l4_cp1_21,4,cp1,cp1_l4,cp2,cp2_l4,2025-09-06 06:50:00,06:50,2025-09-06 06:50:00,6.844576578082641,0.07110288163545359,15.13360982525642,7.0,95.0,6
l4_cp1_23,4,cp1,cp1_l4,cp2,cp2_l4,2025-09-06 06:58:00,06:58,2025-09-06 06:58:00,6.97536322017909,0.07157904734132482,15.044081206014901,8.0,96.0,6
l4_cp1_25,4,cp1,cp1_l4,cp2,cp2_l4,2025-09-06 07:04:00,07:04,2025-09-06 07:04:00,7.07848657834942,0.07177245482922599,15.00771675320098,6.0,96.0,7
l4_cp1_27,4,cp1,cp1_l4,cp2,cp2_l4,2025-09-06 07:10:00,07:10,2025-09-06 07:10:00,7.172453230513738,0.07181107011832523,15.000456311148898,6.0,96.0,7
l4_cp1_29,4,cp1,cp1_l4,cp2,cp2_l4,2025-09-06 07:16:00,07:16,2025-09-06 07:16:00,7.275225289426038,0.07170667409171706,15.020084839623935,6.0,96.0,7
l4_cp1_31,4,cp1,cp1_l4,cp2,cp2_l4,2025-09-06 07:23:00,07:23,2025-09-06 07:23:00,7.399484833003344,0.07138337299144729,15.080871873947327,7.0,95.0,7
l4_cp1_33,4,cp1,cp1_l4,cp2,cp2_l4,2025-09-06 07:28:00,07:28,2025-09-06 07:28:00,7.467398683374419,0.07111947820148987,15.130489340889195,5.0,95.0,7
l4_cp1_35,4,cp1,cp1_l4,cp2,cp2_l4,2025-09-06 07:32:00,07:32,2025-09-06 07:32:00,7.534019235548093,0.07080354652408762,15.18989077720374,4.0,95.0,7
l4_cp1_37,4,cp1,cp1_l4,cp2,cp2_l4,2025-09-06 07:36:00,07:36,2025-09-06 07:36:00,7.615444202014695,0.07034424032745629,15.276249473528242,4.0,94.0,7
l4_cp1_39,4,cp1,cp1_l4,cp2,cp2_l4,2025-09-06 07:43:00,07:43,2025-09-06 07:43:00,7.724364946583267,0.0696120666680023,15.413912677676866,7.0,93.0,7
l4_cp1_41,4,cp1,cp1_l4,cp2,cp2_l4,2025-09-06 07:49:00,07:49,2025-09-06 07:49:00,7.829300626231763,0.06879019346050297,15.568441180153503,6.0,92.0,7
l4_cp1_43,4,cp1,cp1_l4,cp2,cp2_l4,2025-09-06 07:53:00,07:53,2025-09-06 07:53:00,7.891867722992101,0.06825092369532959,15.669834617100696,4.0,92.0,7
l4_cp1_45,4,cp1,cp1_l4,cp2,cp2_l4,2025-09-06 07:59:00,07:59,2025-09-06 07:59:00,7.995465529489234,0.06728599222438317,15.851260917212871,6.0,91.0,7
l4_cp1_47,4,cp1,cp1_l4,cp2,cp2_l4,2025-09-06 08:03:00,08:03,2025-09-06 08:03:00,8.057660499239267,0.06666822071652531,15.967414242459315,4.0,90.0,8
l4_cp1_49,4,cp1,cp1_l4,cp2,cp2_l4,2025-09-06 08:08:00,08:08,2025-09-06 08:08:00,8.142533200700083,0.065785011450032,16.133475143434495,5.0,89.0,8
l4_cp1_51,4,cp1,cp1_l4,cp2,cp2_l4,2025-09-06 08:13:00,08:13,2025-09-06 08:13:00,8.22761589748275,0.06486008606480402,16.30737950408008,5.0,88.0,8
l4_cp1_53,4,cp1,cp1_l4,cp2,cp2_l4,2025-09-06 08:18:00,08:18,2025-09-06 08:18:00,8.314747690743358,0.06388004767659716,16.491646204974266,5.0,87.0,8
l4_cp1_55,4,cp1,cp1_l4,cp2,cp2_l4,2025-09-06 08:25:00,08:25,2025-09-06 08:25:00,8.428624877331284,0.06256307142089865,16.739263923538896,7.0,86.0,8
l4_cp1_57,4,cp1,cp1_l4,cp2,cp2_l4,2025-09-06 08:34:00,08:34,2025-09-06 08:34:00,8.576300159516537,0.06082286253138623,17.06645779144839,9.0,84.0,8
l4_cp1_59,4,cp1,cp1_l4,cp2,cp2_l4,2025-09-06 08:39:00,08:39,2025-09-06 08:39:00,8.657977735777095,0.05985805054021451,17.24786162698757,5.0,83.0,8
l4_cp1_61,4,cp1,cp1_l4,cp2,cp2_l4,2025-09-06 08:46:00,08:46,2025-09-06 08:46:00,8.768682124805705,0.05856224848872832,17.49149817420094,7.0,82.0,8
l4_cp1_63,4,cp1,cp1_l4,cp2,cp2_l4,2025-09-06 08:52:00,08:52,2025-09-06 08:52:00,8.88078302392056,0.0572785064491298,17.73286719941719,6.0,81.0,8
l4_cp1_65,4,cp1,cp1_l4,cp2,cp2_l4,2025-09-06 08:59:00,08:59,2025-09-06 08:59:00,8.99651605563367,0.055999046847183084,17.973431041216767,7.0,80.0,8
l4_cp1_67,4,cp1,cp1_l4,cp2,cp2_l4,2025-09-06 09:03:00,09:03,2025-09-06 09:03:00,9.056864813990964,0.05535540114556971,18.09444922928797,4.0,80.0,9
l4_cp1_69,4,cp1,cp1_l4,cp2,cp2_l4,2025-09-06 09:07:00,09:07,2025-09-06 09:07:00,9.133151978847385,0.054568805888788326,18.242344775677044,4.0,79.0,9
l4_cp1_71,4,cp1,cp1_l4,cp2,cp2_l4,2025-09-06 09:13:00,09:13,2025-09-06 09:13:00,9.218766981612674,0.05372620007552174,18.400771420217954,6.0,78.0,9
l4_cp1_73,4,cp1,cp1_l4,cp2,cp2_l4,2025-09-06 09:23:00,09:23,2025-09-06 09:23:00,9.388356875275736,0.0521996491394451,18.687793345198305,10.0,77.0,9
l4_cp1_75,4,cp1,cp1_l4,cp2,cp2_l4,2025-09-06 09:31:00,09:31,2025-09-06 09:31:00,9.529026752094813,0.051093873893874736,18.895701075021535,8.0,76.0,9
l4_cp1_77,4,cp1,cp1_l4,cp2,cp2_l4,2025-09-06 09:40:00,09:40,2025-09-06 09:40:00,9.68265571734538,0.05006709202171306,19.08875648019537,9.0,75.0,9
l4_cp1_79,4,cp1,cp1_l4,cp2,cp2_l4,2025-09-06 09:50:00,09:50,2025-09-06 09:50:00,9.841089427801615,0.049214607988181336,19.249040426532687,10.0,75.0,9
l4_cp1_81,4,cp1,cp1_l4,cp2,cp2_l4,2025-09-06 09:56:00,09:56,2025-09-06 09:56:00,9.94110875400922,0.04878553549987346,19.329714584623176,6.0,74.0,9
l4_cp1_83,4,cp1,cp1_l4,cp2,cp2_l4,2025-09-06 10:00:00,10:00,2025-09-06 10:00:00,10.009304920510042,0.048540944535834955,19.3757025485175,4.0,74.0,10
l4_cp1_85,4,cp1,cp1_l4,cp2,cp2_l4,2025-09-06 10:05:00,10:05,2025-09-06 10:05:00,10.092222529595016,0.048294969977303495,19.421950655683407,5.0,74.0,10
l4_cp1_87,4,cp1,cp1_l4,cp2,cp2_l4,2025-09-06 10:11:00,10:11,2025-09-06 10:11:00,10.189910856492572,0.04807555692832041,19.463204670991136,6.0,74.0,10
l4_cp1_89,4,cp1,cp1_l4,cp2,cp2_l4,2025-09-06 10:23:00,10:23,2025-09-06 10:23:00,10.383471003998078,0.04785229117476116,19.50518307135389,12.0,74.0,10
l4_cp1_91,4,cp1,cp1_l4,cp2,cp2_l4,2025-09-06 10:29:00,10:29,2025-09-06 10:29:00,10.498871788904436,0.04784121550891662,19.507265516725354,6.0,74.0,10
l4_cp1_93,4,cp1,cp1_l4,cp2,cp2_l4,2025-09-06 10:33:00,10:33,2025-09-06 10:33:00,10.558202978504662,0.047867373978329825,19.502347204425334,4.0,74.0,10
l4_cp1_95,4,cp1,cp1_l4,cp2,cp2_l4,2025-09-06 10:40:00,10:40,2025-09-06 10:40:00,10.67959203399353,0.04798131635490956,19.480923772366914,7.0,74.0,10
l4_cp1_97,4,cp1,cp1_l4,cp2,cp2_l4,2025-09-06 10:56:00,10:56,2025-09-06 10:56:00,10.943230269245912,0.04845542488459067,19.39178194314737,16.0,74.0,10
l4_cp1_99,4,cp1,cp1_l4,cp2,cp2_l4,2025-09-06 11:03:00,11:03,2025-09-06 11:03:00,11.061451075341694,0.048740772306098884,19.338130954979263,7.0,74.0,11
l4_cp1_101,4,cp1,cp1_l4,cp2,cp2_l4,2025-09-06 11:07:00,11:07,2025-09-06 11:07:00,11.117853484770432,0.048887344471877064,19.31057247384642,4.0,75.0,11
l4_cp1_103,4,cp1,cp1_l4,cp2,cp2_l4,2025-09-06 11:12:00,11:12,2025-09-06 11:12:00,11.215784907476682,0.04915270886567517,19.260678692165655,5.0,75.0,11
l4_cp1_105,4,cp1,cp1_l4,cp2,cp2_l4,2025-09-06 11:20:00,11:20,2025-09-06 11:20:00,11.349668687255864,0.049526964281312,19.19031123354257,8.0,75.0,11
l4_cp1_107,4,cp1,cp1_l4,cp2,cp2_l4,2025-09-06 11:25:00,11:25,2025-09-06 11:25:00,11.42182533831216,0.04972889021724232,19.152345143145915,5.0,75.0,11
l4_cp1_109,4,cp1,cp1_l4,cp2,cp2_l4,2025-09-06 11:38:00,11:38,2025-09-06 11:38:00,11.642937562136874,0.0503188518162965,19.041420633636783,13.0,76.0,11
l4_cp1_111,4,cp1,cp1_l4,cp2,cp2_l4,2025-09-06 11:45:00,11:45,2025-09-06 11:45:00,11.763082424566386,0.050605041419507786,18.987611298565277,7.0,76.0,11
l4_cp1_113,4,cp1,cp1_l4,cp2,cp2_l4,2025-09-06 11:52:00,11:52,2025-09-06 11:52:00,11.874502235154177,0.050839281188642546,18.943569565102518,7.0,76.0,11
l4_cp1_115,4,cp1,cp1_l4,cp2,cp2_l4,2025-09-06 12:00:00,12:00,2025-09-06 12:00:00,12.01016822187882,0.051076068297179616,18.899048881189074,8.0,76.0,12
l4_cp1_117,4,cp1,cp1_l4,cp2,cp2_l4,2025-09-06 12:07:00,12:07,2025-09-06 12:07:00,12.12334336272219,0.05122791356730854,18.87049895160495,7.0,76.0,12
l4_cp1_119,4,cp1,cp1_l4,cp2,cp2_l4,2025-09-06 12:15:00,12:15,2025-09-06 12:15:00,12.263157660618635,0.05135358346004962,18.846870513356226,8.0,76.0,12
l4_cp1_121,4,cp1,cp1_l4,cp2,cp2_l4,2025-09-06 12:23:00,12:23,2025-09-06 12:23:00,12.399113843453224,0.051407861335229406,18.836665193736835,8.0,76.0,12
l4_cp1_123,4,cp1,cp1_l4,cp2,cp2_l4,2025-09-06 12:28:00,12:28,2025-09-06 12:28:00,12.480546330887766,0.05140826873727351,18.83658859405308,5.0,76.0,12
l4_cp1_125,4,cp1,cp1_l4,cp2,cp2_l4,2025-09-06 12:36:00,12:36,2025-09-06 12:36:00,12.602633232303136,0.051365037313281695,18.84471696123725,8.0,76.0,12
l4_cp1_127,4,cp1,cp1_l4,cp2,cp2_l4,2025-09-06 12:42:00,12:42,2025-09-06 12:42:00,12.713152034138371,0.05128277200494445,18.860184474701782,6.0,76.0,12
l4_cp1_129,4,cp1,cp1_l4,cp2,cp2_l4,2025-09-06 12:48:00,12:48,2025-09-06 12:48:00,12.805954091490124,0.051184410741323794,18.87867834775947,6.0,76.0,12
l4_cp1_131,4,cp1,cp1_l4,cp2,cp2_l4,2025-09-06 12:53:00,12:53,2025-09-06 12:53:00,12.89192784660431,0.05107160379301407,18.899888296729944,5.0,76.0,12
l4_cp1_133,4,cp1,cp1_l4,cp2,cp2_l4,2025-09-06 13:00:00,13:00,2025-09-06 13:00:00,13.011047251390714,0.050885042881480096,18.934965457071673,7.0,76.0,13
l4_cp1_135,4,cp1,cp1_l4,cp2,cp2_l4,2025-09-06 13:07:00,13:07,2025-09-06 13:07:00,13.119223026733552,0.05069019616705166,18.971600513085644,7.0,76.0,13
l4_cp1_137,4,cp1,cp1_l4,cp2,cp2_l4,2025-09-06 13:13:00,13:13,2025-09-06 13:13:00,13.221172001767316,0.05048947479592557,19.00934012135143,6.0,76.0,13
l4_cp1_139,4,cp1,cp1_l4,cp2,cp2_l4,2025-09-06 13:24:00,13:24,2025-09-06 13:24:00,13.403661583848137,0.05010459010406494,19.081706095222714,11.0,75.0,13
l4_cp1_141,4,cp1,cp1_l4,cp2,cp2_l4,2025-09-06 13:30:00,13:30,2025-09-06 13:30:00,13.507427042176367,0.049880461757555436,19.123846680209123,6.0,75.0,13
l4_cp1_143,4,cp1,cp1_l4,cp2,cp2_l4,2025-09-06 13:37:00,13:37,2025-09-06 13:37:00,13.621844168016075,0.049637167749849484,19.169590790528442,7.0,75.0,13
l4_cp1_145,4,cp1,cp1_l4,cp2,cp2_l4,2025-09-06 13:42:00,13:42,2025-09-06 13:42:00,13.701940567000397,0.04947307720863617,19.200443074521765,5.0,75.0,13
l4_cp1_147,4,cp1,cp1_l4,cp2,cp2_l4,2025-09-06 13:50:00,13:50,2025-09-06 13:50:00,13.83797004695877,0.049213945519276533,19.249164983857177,8.0,75.0,13
l4_cp1_149,4,cp1,cp1_l4,cp2,cp2_l4,2025-09-06 14:02:00,14:02,2025-09-06 14:02:00,14.036376212728197,0.048900942215458404,19.308015827719604,12.0,75.0,14
l4_cp1_151,4,cp1,cp1_l4,cp2,cp2_l4,2025-09-06 14:06:00,14:06,2025-09-06 14:06:00,14.100604484483839,0.04882084522683115,19.323075653970804,4.0,75.0,14
l4_cp1_153,4,cp1,cp1_l4,cp2,cp2_l4,2025-09-06 14:10:00,14:10,2025-09-06 14:10:00,14.173977161689981,0.048744198747462095,19.337486715882708,4.0,74.0,14
l4_cp1_155,4,cp1,cp1_l4,cp2,cp2_l4,2025-09-06 14:15:00,14:15,2025-09-06 14:15:00,14.25873845983763,0.048677053320769784,19.350111391003203,5.0,74.0,14
l4_cp1_157,4,cp1,cp1_l4,cp2,cp2_l4,2025-09-06 14:26:00,14:26,2025-09-06 14:26:00,14.435273283742688,0.048618376309706196,19.36114383562693,11.0,74.0,14
l4_cp1_159,4,cp1,cp1_l4,cp2,cp2_l4,2025-09-06 14:34:00,14:34,2025-09-06 14:34:00,14.581315027253037,0.04866022059753486,19.353276277618757,8.0,74.0,14
l4_cp1_161,4,cp1,cp1_l4,cp2,cp2_l4,2025-09-06 14:38:00,14:38,2025-09-06 14:38:00,14.642494664926033,0.04870348599163042,19.345141523379727,4.0,74.0,14
l4_cp1_163,4,cp1,cp1_l4,cp2,cp2_l4,2025-09-06 14:45:00,14:45,2025-09-06 14:45:00,14.752635274534367,0.0488207655542989,19.32309063399082,7.0,75.0,14
l4_cp1_165,4,cp1,cp1_l4,cp2,cp2_l4,2025-09-06 14:54:00,14:54,2025-09-06 14:54:00,14.9025804022027,0.04906279452035195,19.277584376652243,9.0,75.0,14
l4_cp1_167,4,cp1,cp1_l4,cp2,cp2_l4,2025-09-06 15:06:00,15:06,2025-09-06 15:06:00,15.108088983708075,0.04954740063721283,19.186468792342858,12.0,75.0,15
l4_cp1_169,4,cp1,cp1_l4,cp2,cp2_l4,2025-09-06 15:12:00,15:12,2025-09-06 15:12:00,15.201132919888353,0.04982293564041387,19.13466273389486,6.0,75.0,15
l4_cp1_171,4,cp1,cp1_l4,cp2,cp2_l4,2025-09-06 15:17:00,15:17,2025-09-06 15:17:00,15.296880235344037,0.05014105480270334,19.07485000693265,5.0,75.0,15
l4_cp1_173,4,cp1,cp1_l4,cp2,cp2_l4,2025-09-06 15:24:00,15:24,2025-09-06 15:24:00,15.412508539323467,0.05056922549280575,18.994345404833226,7.0,76.0,15
l4_cp1_175,4,cp1,cp1_l4,cp2,cp2_l4,2025-09-06 15:30:00,15:30,2025-09-06 15:30:00,15.50035968929684,0.05092436740850559,18.927571664189262,6.0,76.0,15
l4_cp1_177,4,cp1,cp1_l4,cp2,cp2_l4,2025-09-06 15:37:00,15:37,2025-09-06 15:37:00,15.621948520944969,0.051454197824676674,18.827953012515962,7.0,76.0,15
l4_cp1_179,4,cp1,cp1_l4,cp2,cp2_l4,2025-09-06 15:46:00,15:46,2025-09-06 15:46:00,15.779617823012364,0.052198191658474447,18.68806738059662,9.0,77.0,15
l4_cp1_181,4,cp1,cp1_l4,cp2,cp2_l4,2025-09-06 15:53:00,15:53,2025-09-06 15:53:00,15.897259250096342,0.05278705803608507,18.57734879449271,7.0,78.0,15
l4_cp1_183,4,cp1,cp1_l4,cp2,cp2_l4,2025-09-06 15:58:00,15:58,2025-09-06 15:58:00,15.981197847868833,0.05322071744718702,18.495812203725407,5.0,78.0,15
l4_cp1_185,4,cp1,cp1_l4,cp2,cp2_l4,2025-09-06 16:04:00,16:04,2025-09-06 16:04:00,16.082768654177073,0.0537564069199655,18.3950919329274,6.0,78.0,16
l4_cp1_187,4,cp1,cp1_l4,cp2,cp2_l4,2025-09-06 16:12:00,16:12,2025-09-06 16:12:00,16.209531761608822,0.054435060591522796,18.26749155052157,8.0,79.0,16
l4_cp1_189,4,cp1,cp1_l4,cp2,cp2_l4,2025-09-06 16:21:00,16:21,2025-09-06 16:21:00,16.353550020466642,0.05520869657373194,18.122032605392352,9.0,79.0,16
l4_cp1_191,4,cp1,cp1_l4,cp2,cp2_l4,2025-09-06 16:27:00,16:27,2025-09-06 16:27:00,16.452477837869505,0.055734916346493746,18.023092826462346,6.0,80.0,16
l4_cp1_193,4,cp1,cp1_l4,cp2,cp2_l4,2025-09-06 16:32:00,16:32,2025-09-06 16:32:00,16.54477372707126,0.0562175155890746,17.932354574415797,5.0,80.0,16
l4_cp1_195,4,cp1,cp1_l4,cp2,cp2_l4,2025-09-06 16:40:00,16:40,2025-09-06 16:40:00,16.682275920453666,0.056913710980812306,17.801455999873262,8.0,81.0,16
l4_cp1_197,4,cp1,cp1_l4,cp2,cp2_l4,2025-09-06 16:46:00,16:46,2025-09-06 16:46:00,16.77852870295199,0.057379412673038525,17.713894823229587,6.0,81.0,16
l4_cp1_199,4,cp1,cp1_l4,cp2,cp2_l4,2025-09-06 16:52:00,16:52,2025-09-06 16:52:00,16.869250319660342,0.057798088965000084,17.635175356736525,6.0,82.0,16
l4_cp1_201,4,cp1,cp1_l4,cp2,cp2_l4,2025-09-06 16:58:00,16:58,2025-09-06 16:58:00,16.97067077105877,0.058238983821518965,17.552278358384655,6.0,82.0,16
l4_cp1_203,4,cp1,cp1_l4,cp2,cp2_l4,2025-09-06 17:04:00,17:04,2025-09-06 17:04:00,17.083174073390182,0.05868968857511856,17.467536904353373,6.0,82.0,17
l4_cp1_205,4,cp1,cp1_l4,cp2,cp2_l4,2025-09-06 17:12:00,17:12,2025-09-06 17:12:00,17.20980115311808,0.05914229513389053,17.382437873140347,8.0,83.0,17
l4_cp1_207,4,cp1,cp1_l4,cp2,cp2_l4,2025-09-06 17:19:00,17:19,2025-09-06 17:19:00,17.32155543295805,0.05948823939549054,17.317393474323538,7.0,83.0,17
l4_cp1_209,4,cp1,cp1_l4,cp2,cp2_l4,2025-09-06 17:24:00,17:24,2025-09-06 17:24:00,17.41100283717901,0.05972585530856399,17.272716958679986,5.0,83.0,17
l4_cp1_211,4,cp1,cp1_l4,cp2,cp2_l4,2025-09-06 17:28:00,17:28,2025-09-06 17:28:00,17.482732784488523,0.05988964035111663,17.241922114508416,4.0,84.0,17
l4_cp1_213,4,cp1,cp1_l4,cp2,cp2_l4,2025-09-06 17:40:00,17:40,2025-09-06 17:40:00,17.675509375203948,0.06020398898464461,17.182818321914354,12.0,84.0,17
l4_cp1_215,4,cp1,cp1_l4,cp2,cp2_l4,2025-09-06 17:44:00,17:44,2025-09-06 17:44:00,17.74553590916286,0.060270426652344375,17.17032671955525,4.0,84.0,17
l4_cp1_217,4,cp1,cp1_l4,cp2,cp2_l4,2025-09-06 17:48:00,17:48,2025-09-06 17:48:00,17.81577463845504,0.060310423032430505,17.162806604940485,4.0,84.0,17
l4_cp1_219,4,cp1,cp1_l4,cp2,cp2_l4,2025-09-06 17:58:00,17:58,2025-09-06 17:58:00,17.977334054868816,0.06029813646184956,17.165116724476107,10.0,84.0,17
l4_cp1_221,4,cp1,cp1_l4,cp2,cp2_l4,2025-09-06 18:03:00,18:03,2025-09-06 18:03:00,18.061129418379146,0.060233102198707554,17.177344458877602,5.0,84.0,18
l4_cp1_223,4,cp1,cp1_l4,cp2,cp2_l4,2025-09-06 18:10:00,18:10,2025-09-06 18:10:00,18.18152704267528,0.06006806057311081,17.208375565643298,7.0,84.0,18
l4_cp1_225,4,cp1,cp1_l4,cp2,cp2_l4,2025-09-06 18:17:00,18:17,2025-09-06 18:17:00,18.28394945963383,0.059860473493313714,17.247406063634763,7.0,83.0,18
l4_cp1_227,4,cp1,cp1_l4,cp2,cp2_l4,2025-09-06 18:26:00,18:26,2025-09-06 18:26:00,18.440301173509155,0.05942377315063626,17.329514409994303,9.0,83.0,18
l4_cp1_229,4,cp1,cp1_l4,cp2,cp2_l4,2025-09-06 18:31:00,18:31,2025-09-06 18:31:00,18.531896284759114,0.05910077875271381,17.39024377817892,5.0,83.0,18
l4_cp1_231,4,cp1,cp1_l4,cp2,cp2_l4,2025-09-06 18:35:00,18:35,2025-09-06 18:35:00,18.59093879022061,0.05886643369485639,17.434305308014757,4.0,83.0,18
l4_cp1_233,4,cp1,cp1_l4,cp2,cp2_l4,2025-09-06 18:42:00,18:42,2025-09-06 18:42:00,18.70078105205299,0.05837644603045681,17.52643273025069,7.0,82.0,18
l4_cp1_235,4,cp1,cp1_l4,cp2,cp2_l4,2025-09-06 18:48:00,18:48,2025-09-06 18:48:00,18.8051259772488,0.05784679340331428,17.62601795405204,6.0,82.0,18
l4_cp1_237,4,cp1,cp1_l4,cp2,cp2_l4,2025-09-06 18:53:00,18:53,2025-09-06 18:53:00,18.88994505447196,0.05737104696220355,17.71546774318328,5.0,81.0,18
l4_cp1_239,4,cp1,cp1_l4,cp2,cp2_l4,2025-09-06 19:01:00,19:01,2025-09-06 19:01:00,19.023090736877514,0.056544571131276006,17.87086163036809,8.0,81.0,19
l4_cp1_241,4,cp1,cp1_l4,cp2,cp2_l4,2025-09-06 19:08:00,19:08,2025-09-06 19:08:00,19.14640274241089,0.055695186019904606,18.030562917730325,7.0,80.0,19
l4_cp1_243,4,cp1,cp1_l4,cp2,cp2_l4,2025-09-06 19:12:00,19:12,2025-09-06 19:12:00,19.200528560230673,0.055297759847740505,18.105286939232865,4.0,80.0,19
l4_cp1_245,4,cp1,cp1_l4,cp2,cp2_l4,2025-09-06 19:17:00,19:17,2025-09-06 19:17:00,19.28587172370911,0.05464165933339025,18.22864687970979,5.0,79.0,19
l4_cp1_247,4,cp1,cp1_l4,cp2,cp2_l4,2025-09-06 19:23:00,19:23,2025-09-06 19:23:00,19.393525918434342,0.05376445389487061,18.393578941665236,6.0,78.0,19
l4_cp1_249,4,cp1,cp1_l4,cp2,cp2_l4,2025-09-06 19:34:00,19:34,2025-09-06 19:34:00,19.571002695060976,0.05220477298887717,18.686829959639034,11.0,77.0,19
l4_cp1_251,4,cp1,cp1_l4,cp2,cp2_l4,2025-09-06 19:41:00,19:41,2025-09-06 19:41:00,19.69510646020285,0.051036509831276014,18.90648665923145,7.0,76.0,19
l4_cp1_253,4,cp1,cp1_l4,cp2,cp2_l4,2025-09-06 19:46:00,19:46,2025-09-06 19:46:00,19.775672493155817,0.050246656533095346,19.05499478217594,5.0,76.0,19
l4_cp1_255,4,cp1,cp1_l4,cp2,cp2_l4,2025-09-06 19:50:00,19:50,2025-09-06 19:50:00,19.83753777060903,0.04962441703867756,19.171988177722636,4.0,75.0,19
l4_cp1_257,4,cp1,cp1_l4,cp2,cp2_l4,2025-09-06 19:57:00,19:57,2025-09-06 19:57:00,19.951677842135624,0.04844297466723501,19.394122831530062,7.0,74.0,19
l4_cp1_259,4,cp1,cp1_l4,cp2,cp2_l4,2025-09-06 20:01:00,20:01,2025-09-06 20:01:00,20.022771451098528,0.04768674981989234,19.536308137157732,4.0,74.0,20
l4_cp1_261,4,cp1,cp1_l4,cp2,cp2_l4,2025-09-06 20:10:00,20:10,2025-09-06 20:10:00,20.169155781616006,0.04608562330500936,19.83735175357311,9.0,73.0,20
l4_cp1_263,4,cp1,cp1_l4,cp2,cp2_l4,2025-09-06 20:16:00,20:16,2025-09-06 20:16:00,20.27664319045899,0.04487659553226969,20.064673011243237,6.0,72.0,20
l4_cp1_265,4,cp1,cp1_l4,cp2,cp2_l4,2025-09-06 20:25:00,20:25,2025-09-06 20:25:00,20.4318646638264,0.04308914201341931,20.400749808727557,9.0,71.0,20
l4_cp1_267,4,cp1,cp1_l4,cp2,cp2_l4,2025-09-06 20:29:00,20:29,2025-09-06 20:29:00,20.485561718861554,0.04246114736868203,20.5188252869511,4.0,70.0,20
l4_cp1_269,4,cp1,cp1_l4,cp2,cp2_l4,2025-09-06 20:40:00,20:40,2025-09-06 20:40:00,20.67743586587878,0.04018600672521937,20.946596959454858,11.0,69.0,20
l4_cp1_271,4,cp1,cp1_l4,cp2,cp2_l4,2025-09-06 20:46:00,20:46,2025-09-06 20:46:00,20.767723909626078,0.039102767925395174,21.150267389436067,6.0,68.0,20
l4_cp1_273,4,cp1,cp1_l4,cp2,cp2_l4,2025-09-06 20:59:00,20:59,2025-09-06 20:59:00,20.993394324181846,0.03637714985741111,21.66273777358493,13.0,66.0,20
l4_cp1_275,4,cp1,cp1_l4,cp2,cp2_l4,2025-09-06 21:10:00,21:10,2025-09-06 21:10:00,21.17625006907491,0.03416672784351085,22.0783410570752,11.0,65.0,21
l4_cp1_277,4,cp1,cp1_l4,cp2,cp2_l4,2025-09-06 21:20:00,21:20,2025-09-06 21:20:00,21.337666566596244,0.03222780979718726,22.44289619695492,10.0,64.0,21
l4_cp1_279,4,cp1,cp1_l4,cp2,cp2_l4,2025-09-06 21:25:00,21:25,2025-09-06 21:25:00,21.418896804154958,0.03125987727172515,22.6248867549793,5.0,64.0,21
l4_cp1_281,4,cp1,cp1_l4,cp2,cp2_l4,2025-09-06 21:32:00,21:32,2025-09-06 21:32:00,21.53894108039365,0.02984235129496653,22.89140982010844,7.0,63.0,21
l4_cp1_283,4,cp1,cp1_l4,cp2,cp2_l4,2025-09-06 21:44:00,21:44,2025-09-06 21:44:00,21.734719628732503,0.02757228178659001,23.31822801839797,12.0,62.0,21
l4_cp1_285,4,cp1,cp1_l4,cp2,cp2_l4,2025-09-06 21:55:00,21:55,2025-09-06 21:55:00,21.931048447119807,0.02536057591756912,23.734072692174934,11.0,61.0,21
l4_cp1_287,4,cp1,cp1_l4,cp2,cp2_l4,2025-09-06 22:05:00,22:05,2025-09-06 22:05:00,22.090528443782542,0.023620682901685352,24.061207169562433,10.0,60.0,22
l4_cp1_289,4,cp1,cp1_l4,cp2,cp2_l4,2025-09-06 22:23:00,22:23,2025-09-06 22:23:00,22.39819278880159,0.020430465338132295,24.66103149547091,18.0,58.0,22
l4_cp2_2,4,cp2,cp2_l4,cp1,cp1_l4,2025-09-06 05:53:00,05:53,2025-09-06 05:53:00,5.897827469379632,0.06037651770965224,17.150379491610163,0.0,84.0,5
l4_cp2_4,4,cp2,cp2_l4,cp1,cp1_l4,2025-09-06 05:57:00,05:57,2025-09-06 05:57:00,5.962913435332593,0.0614705753442409,16.944674905606544,4.0,85.0,5
l4_cp2_6,4,cp2,cp2_l4,cp1,cp1_l4,2025-09-06 06:02:00,06:02,2025-09-06 06:02:00,6.045291476624769,0.06279257892499962,16.696111949983532,5.0,86.0,6
l4_cp2_8,4,cp2,cp2_l4,cp1,cp1_l4,2025-09-06 06:10:00,06:10,2025-09-06 06:10:00,6.168569447014373,0.06462927235896189,16.35077706953107,8.0,88.0,6
l4_cp2_10,4,cp2,cp2_l4,cp1,cp1_l4,2025-09-06 06:16:00,06:16,2025-09-06 06:16:00,6.280276695169402,0.06613485443235732,16.067697707611785,6.0,90.0,6
l4_cp2_12,4,cp2,cp2_l4,cp1,cp1_l4,2025-09-06 06:20:00,06:20,2025-09-06 06:20:00,6.342499528632875,0.066903848303769,15.923111571601197,4.0,90.0,6
l4_cp2_14,4,cp2,cp2_l4,cp1,cp1_l4,2025-09-06 06:28:00,06:28,2025-09-06 06:28:00,6.467835157673821,0.06829359757385596,15.661811079548457,8.0,92.0,6
l4_cp2_16,4,cp2,cp2_l4,cp1,cp1_l4,2025-09-06 06:34:00,06:34,2025-09-06 06:34:00,6.5673815796802355,0.06923963341873282,15.48393753279683,6.0,93.0,6
l4_cp2_18,4,cp2,cp2_l4,cp1,cp1_l4,2025-09-06 06:41:00,06:41,2025-09-06 06:41:00,6.693251279459717,0.07022842904107057,15.298024297785538,7.0,94.0,6
l4_cp2_20,4,cp2,cp2_l4,cp1,cp1_l4,2025-09-06 06:46:00,06:46,2025-09-06 06:46:00,6.773318236247676,0.07073423524265396,15.202922676074454,5.0,95.0,6
l4_cp2_22,4,cp2,cp2_l4,cp1,cp1_l4,2025-09-06 06:53:00,06:53,2025-09-06 06:53:00,6.892430166407076,0.07130720041322851,15.095193833021462,7.0,95.0,6
l4_cp2_24,4,cp2,cp2_l4,cp1,cp1_l4,2025-09-06 07:01:00,07:01,2025-09-06 07:01:00,7.02653492542523,0.07169495165974202,15.02228888988614,8.0,96.0,7
l4_cp2_26,4,cp2,cp2_l4,cp1,cp1_l4,2025-09-06 07:08:00,07:08,2025-09-06 07:08:00,7.147986886002914,0.07181349704864262,15.0,7.0,96.0,7
l4_cp2_28,4,cp2,cp2_l4,cp1,cp1_l4,2025-09-06 07:13:00,07:13,2025-09-06 07:13:00,7.219207466641467,0.07178230086306919,15.005865503091789,5.0,96.0,7
l4_cp2_30,4,cp2,cp2_l4,cp1,cp1_l4,2025-09-06 07:20:00,07:20,2025-09-06 07:20:00,7.345511054613309,0.07154966704569836,15.04960528569538,7.0,96.0,7
l4_cp2_32,4,cp2,cp2_l4,cp1,cp1_l4,2025-09-06 07:26:00,07:26,2025-09-06 07:26:00,7.449901669652119,0.0711931795026847,15.116632031026441,6.0,95.0,7
l4_cp2_34,4,cp2,cp2_l4,cp1,cp1_l4,2025-09-06 07:30:00,07:30,2025-09-06 07:30:00,7.508370286815272,0.07093171915757623,15.165791773938082,4.0,95.0,7
l4_cp2_36,4,cp2,cp2_l4,cp1,cp1_l4,2025-09-06 07:34:00,07:34,2025-09-06 07:34:00,7.583136369724752,0.07053584839659002,15.240223347216418,4.0,94.0,7
l4_cp2_38,4,cp2,cp2_l4,cp1,cp1_l4,2025-09-06 07:41:00,07:41,2025-09-06 07:41:00,7.693841439680685,0.06983022602039217,15.372894382253106,7.0,94.0,7
l4_cp2_40,4,cp2,cp2_l4,cp1,cp1_l4,2025-09-06 07:45:00,07:45,2025-09-06 07:45:00,7.751920062366134,0.06940681291147148,15.452504464506024,4.0,93.0,7
l4_cp2_42,4,cp2,cp2_l4,cp1,cp1_l4,2025-09-06 07:51:00,07:51,2025-09-06 07:51:00,7.854594645803439,0.06857638352706462,15.608641698344607,6.0,92.0,7
l4_cp2_44,4,cp2,cp2_l4,cp1,cp1_l4,2025-09-06 07:57:00,07:57,2025-09-06 07:57:00,7.951335371885881,0.06770738173726874,15.772031311245186,6.0,91.0,7
l4_cp2_46,4,cp2,cp2_l4,cp1,cp1_l4,2025-09-06 08:01:00,08:01,2025-09-06 08:01:00,8.03233888995363,0.06692295421247316,15.919519280924765,4.0,90.0,8
l4_cp2_48,4,cp2,cp2_l4,cp1,cp1_l4,2025-09-06 08:06:00,08:06,2025-09-06 08:06:00,8.111378682940233,0.06611419885085396,16.071581367583146,5.0,90.0,8
l4_cp2_50,4,cp2,cp2_l4,cp1,cp1_l4,2025-09-06 08:10:00,08:10,2025-09-06 08:10:00,8.176371554214285,0.06542146383709548,16.201829322270633,4.0,89.0,8
l4_cp2_52,4,cp2,cp2_l4,cp1,cp1_l4,2025-09-06 08:16:00,08:16,2025-09-06 08:16:00,8.268448949098252,0.0644044346014225,16.39305103789473,6.0,88.0,8
l4_cp2_54,4,cp2,cp2_l4,cp1,cp1_l4,2025-09-06 08:21:00,08:21,2025-09-06 08:21:00,8.351112287875374,0.06346319915498529,16.57002201430412,5.0,87.0,8
l4_cp2_56,4,cp2,cp2_l4,cp1,cp1_l4,2025-09-06 08:31:00,08:31,2025-09-06 08:31:00,8.530800286523409,0.061360822801185384,16.965310565665316,10.0,85.0,8
l4_cp2_58,4,cp2,cp2_l4,cp1,cp1_l4,2025-09-06 08:36:00,08:36,2025-09-06 08:36:00,8.600035302920233,0.0605421821549901,17.11923128235101,5.0,84.0,8
l4_cp2_60,4,cp2,cp2_l4,cp1,cp1_l4,2025-09-06 08:42:00,08:42,2025-09-06 08:42:00,8.702097873689066,0.05933926163026855,17.34540425597697,6.0,83.0,8
l4_cp2_62,4,cp2,cp2_l4,cp1,cp1_l4,2025-09-06 08:49:00,08:49,2025-09-06 08:49:00,8.829231003055517,0.05786433321050992,17.6227201215945,7.0,82.0,8
l4_cp2_64,4,cp2,cp2_l4,cp1,cp1_l4,2025-09-06 08:56:00,08:56,2025-09-06 08:56:00,8.946014824953002,0.05655063525891692,17.86972145381211,7.0,81.0,8
l4_cp2_66,4,cp2,cp2_l4,cp1,cp1_l4,2025-09-06 09:01:00,09:01,2025-09-06 09:01:00,9.017450762022433,0.05577376723410666,18.015788087205813,5.0,80.0,9
l4_cp2_68,4,cp2,cp2_l4,cp1,cp1_l4,2025-09-06 09:05:00,09:05,2025-09-06 09:05:00,9.08948935443522,0.055015126577815016,18.158427612944017,4.0,79.0,9
l4_cp2_70,4,cp2,cp2_l4,cp1,cp1_l4,2025-09-06 09:10:00,09:10,2025-09-06 09:10:00,9.171620434576848,0.054184682596616685,18.314567591269594,5.0,79.0,9
l4_cp2_72,4,cp2,cp2_l4,cp1,cp1_l4,2025-09-06 09:19:00,09:19,2025-09-06 09:19:00,9.32345720072479,0.05276008440278393,18.582420373809747,9.0,77.0,9
l4_cp2_74,4,cp2,cp2_l4,cp1,cp1_l4,2025-09-06 09:28:00,09:28,2025-09-06 09:28:00,9.481583982467734,0.05144962221480853,18.828813318137794,9.0,76.0,9
l4_cp2_76,4,cp2,cp2_l4,cp1,cp1_l4,2025-09-06 09:37:00,09:37,2025-09-06 09:37:00,9.623416586197628,0.05043999946674782,19.018642466844156,9.0,76.0,9
l4_cp2_78,4,cp2,cp2_l4,cp1,cp1_l4,2025-09-06 09:48:00,09:48,2025-09-06 09:48:00,9.805276370787496,0.04938875870782313,19.216296628990783,11.0,75.0,9
l4_cp2_80,4,cp2,cp2_l4,cp1,cp1_l4,2025-09-06 09:54:00,09:54,2025-09-06 09:54:00,9.913431226117927,0.048895853815924935,19.308972547993164,6.0,75.0,9
l4_cp2_82,4,cp2,cp2_l4,cp1,cp1_l4,2025-09-06 09:58:00,09:58,2025-09-06 09:58:00,9.976183891630205,0.04865491890800627,19.354273100651763,4.0,74.0,9
l4_cp2_84,4,cp2,cp2_l4,cp1,cp1_l4,2025-09-06 10:02:00,10:02,2025-09-06 10:02:00,10.041921942928328,0.04843751979527546,19.395148455905474,4.0,74.0,10
l4_cp2_86,4,cp2,cp2_l4,cp1,cp1_l4,2025-09-06 10:08:00,10:08,2025-09-06 10:08:00,10.135339771376419,0.04818890063603923,19.441893800580562,6.0,74.0,10
l4_cp2_88,4,cp2,cp2_l4,cp1,cp1_l4,2025-09-06 10:19:00,10:19,2025-09-06 10:19:00,10.321096450133055,0.047894946563045944,19.49716301033467,11.0,74.0,10
l4_cp2_90,4,cp2,cp2_l4,cp1,cp1_l4,2025-09-06 10:26:00,10:26,2025-09-06 10:26:00,10.442505823300126,0.04783600849941594,19.50824453803081,7.0,74.0,10
l4_cp2_92,4,cp2,cp2_l4,cp1,cp1_l4,2025-09-06 10:31:00,10:31,2025-09-06 10:31:00,10.520273210794983,0.04784827247169512,19.50593866742519,5.0,74.0,10
l4_cp2_94,4,cp2,cp2_l4,cp1,cp1_l4,2025-09-06 10:35:00,10:35,2025-09-06 10:35:00,10.583957275571526,0.047884998551542705,19.499033434271343,4.0,74.0,10
l4_cp2_96,4,cp2,cp2_l4,cp1,cp1_l4,2025-09-06 10:52:00,10:52,2025-09-06 10:52:00,10.870900016037808,0.04829974003285442,19.421053790407488,17.0,74.0,10
l4_cp2_98,4,cp2,cp2_l4,cp1,cp1_l4,2025-09-06 10:59:00,10:59,2025-09-06 10:59:00,10.993947322512106,0.048573678237740385,19.369547961788292,7.0,74.0,10
l4_cp2_100,4,cp2,cp2_l4,cp1,cp1_l4,2025-09-06 11:05:00,11:05,2025-09-06 11:05:00,11.08557147632174,0.04880276792646491,19.32647454583019,6.0,75.0,11
l4_cp2_102,4,cp2,cp2_l4,cp1,cp1_l4,2025-09-06 11:10:00,11:10,2025-09-06 11:10:00,11.172529787198094,0.04903412320025535,19.282975154838134,5.0,75.0,11
l4_cp2_104,4,cp2,cp2_l4,cp1,cp1_l4,2025-09-06 11:17:00,11:17,2025-09-06 11:17:00,11.288171445708828,0.04935431087589384,19.22277350624268,7.0,75.0,11
l4_cp2_106,4,cp2,cp2_l4,cp1,cp1_l4,2025-09-06 11:23:00,11:23,2025-09-06 11:23:00,11.383635003611332,0.04962224272938494,19.172396991096576,6.0,75.0,11
l4_cp2_108,4,cp2,cp2_l4,cp1,cp1_l4,2025-09-06 11:31:00,11:31,2025-09-06 11:31:00,11.523514458727565,0.050007742757594675,19.099915321758303,8.0,75.0,11
l4_cp2_110,4,cp2,cp2_l4,cp1,cp1_l4,2025-09-06 11:42:00,11:42,2025-09-06 11:42:00,11.714087794256638,0.050492134565999755,19.008840031699222,11.0,76.0,11
l4_cp2_112,4,cp2,cp2_l4,cp1,cp1_l4,2025-09-06 11:47:00,11:47,2025-09-06 11:47:00,11.796826903633226,0.05067943556519643,18.973623720163403,5.0,76.0,11
l4_cp2_114,4,cp2,cp2_l4,cp1,cp1_l4,2025-09-06 11:54:00,11:54,2025-09-06 11:54:00,11.90655275362439,0.050900286811014064,18.93209929525833,7.0,76.0,11
l4_cp2_116,4,cp2,cp2_l4,cp1,cp1_l4,2025-09-06 12:05:00,12:05,2025-09-06 12:05:00,12.087267973135729,0.051184253454279245,18.878707920850832,11.0,76.0,12
l4_cp2_118,4,cp2,cp2_l4,cp1,cp1_l4,2025-09-06 12:13:00,12:13,2025-09-06 12:13:00,12.225168958621333,0.05132638733317715,18.851983925888014,8.0,76.0,12
l4_cp2_120,4,cp2,cp2_l4,cp1,cp1_l4,2025-09-06 12:18:00,12:18,2025-09-06 12:18:00,12.311064447908674,0.05138039802664729,18.84182884174181,5.0,76.0,12
l4_cp2_122,4,cp2,cp2_l4,cp1,cp1_l4,2025-09-06 12:25:00,12:25,2025-09-06 12:25:00,12.420634153545077,0.05141028907804233,18.836208729822626,7.0,76.0,12
l4_cp2_124,4,cp2,cp2_l4,cp1,cp1_l4,2025-09-06 12:31:00,12:31,2025-09-06 12:31:00,12.526076593076143,0.05139819788879092,18.83848211378396,6.0,76.0,12
l4_cp2_126,4,cp2,cp2_l4,cp1,cp1_l4,2025-09-06 12:38:00,12:38,2025-09-06 12:38:00,12.639752733409553,0.05134182938236449,18.849080513641066,7.0,76.0,12
l4_cp2_128,4,cp2,cp2_l4,cp1,cp1_l4,2025-09-06 12:45:00,12:45,2025-09-06 12:45:00,12.759252855374505,0.05123709669088704,18.868772341804686,7.0,76.0,12
l4_cp2_130,4,cp2,cp2_l4,cp1,cp1_l4,2025-09-06 12:50:00,12:50,2025-09-06 12:50:00,12.849999677966318,0.051129085789636694,18.889080538578924,5.0,76.0,12
l4_cp2_132,4,cp2,cp2_l4,cp1,cp1_l4,2025-09-06 12:57:00,12:57,2025-09-06 12:57:00,12.957706403521685,0.05097259682954733,18.918503574195707,7.0,76.0,12
l4_cp2_134,4,cp2,cp2_l4,cp1,cp1_l4,2025-09-06 13:02:00,13:02,2025-09-06 13:02:00,13.03950619625617,0.05083589664655521,18.944205926302217,5.0,76.0,13
l4_cp2_136,4,cp2,cp2_l4,cp1,cp1_l4,2025-09-06 13:10:00,13:10,2025-09-06 13:10:00,13.17522387153538,0.05058167348860683,18.992004934146962,8.0,76.0,13
l4_cp2_138,4,cp2,cp2_l4,cp1,cp1_l4,2025-09-06 13:15:00,13:15,2025-09-06 13:15:00,13.259325992735603,0.05041110409741078,19.024075370741524,5.0,76.0,13
l4_cp2_140,4,cp2,cp2_l4,cp1,cp1_l4,2025-09-06 13:26:00,13:26,2025-09-06 13:26:00,13.4411159404768,0.05002368068662989,19.096918674241486,11.0,75.0,13
l4_cp2_142,4,cp2,cp2_l4,cp1,cp1_l4,2025-09-06 13:34:00,13:34,2025-09-06 13:34:00,13.580162522451053,0.04972488937097213,19.15309738178459,8.0,75.0,13
l4_cp2_144,4,cp2,cp2_l4,cp1,cp1_l4,2025-09-06 13:39:00,13:39,2025-09-06 13:39:00,13.660854416106504,0.04955640834670692,19.184775163877823,5.0,75.0,13
l4_cp2_146,4,cp2,cp2_l4,cp1,cp1_l4,2025-09-06 13:44:00,13:44,2025-09-06 13:44:00,13.737554690636504,0.04940253009483783,19.21370733444633,5.0,75.0,13
l4_cp2_148,4,cp2,cp2_l4,cp1,cp1_l4,2025-09-06 13:55:00,13:55,2025-09-06 13:55:00,13.930794073414747,0.04905629001228176,19.278807353484023,11.0,75.0,13
l4_cp2_150,4,cp2,cp2_l4,cp1,cp1_l4,2025-09-06 14:04:00,14:04,2025-09-06 14:04:00,14.079964640065104,0.04884531113614507,19.318475576618837,9.0,75.0,14
l4_cp2_152,4,cp2,cp2_l4,cp1,cp1_l4,2025-09-06 14:08:00,14:08,2025-09-06 14:08:00,14.147331208557643,0.04877012125420951,19.332612769254972,4.0,74.0,14
l4_cp2_154,4,cp2,cp2_l4,cp1,cp1_l4,2025-09-06 14:12:00,14:12,2025-09-06 14:12:00,14.215583111038558,0.048708263854959855,19.344243190086225,4.0,74.0,14
l4_cp2_156,4,cp2,cp2_l4,cp1,cp1_l4,2025-09-06 14:19:00,14:19,2025-09-06 14:19:00,14.324796023809343,0.04864176702798672,19.356745915564858,7.0,74.0,14
l4_cp2_158,4,cp2,cp2_l4,cp1,cp1_l4,2025-09-06 14:30:00,14:30,2025-09-06 14:30:00,14.5161299905046,0.048630999894825715,19.358770350657952,11.0,74.0,14
l4_cp2_160,4,cp2,cp2_l4,cp1,cp1_l4,2025-09-06 14:36:00,14:36,2025-09-06 14:36:00,14.607830967926894,0.048677072564034446,19.350107772886876,6.0,74.0,14
l4_cp2_162,4,cp2,cp2_l4,cp1,cp1_l4,2025-09-06 14:41:00,14:41,2025-09-06 14:41:00,14.688249577003358,0.04874601771211251,19.337144714366023,5.0,74.0,14
l4_cp2_164,4,cp2,cp2_l4,cp1,cp1_l4,2025-09-06 14:47:00,14:47,2025-09-06 14:47:00,14.787160367192461,0.0488680596795661,19.31419839819727,6.0,75.0,14
l4_cp2_166,4,cp2,cp2_l4,cp1,cp1_l4,2025-09-06 15:01:00,15:01,2025-09-06 15:01:00,15.018596091979282,0.04931497778791201,19.230168908755083,14.0,75.0,15
l4_cp2_168,4,cp2,cp2_l4,cp1,cp1_l4,2025-09-06 15:08:00,15:08,2025-09-06 15:08:00,15.14721254398861,0.049659122008291604,19.165462953473906,7.0,75.0,15
l4_cp2_170,4,cp2,cp2_l4,cp1,cp1_l4,2025-09-06 15:14:00,15:14,2025-09-06 15:14:00,15.24940951399395,0.04997906043715952,19.105308168226536,6.0,75.0,15
l4_cp2_172,4,cp2,cp2_l4,cp1,cp1_l4,2025-09-06 15:21:00,15:21,2025-09-06 15:21:00,15.359763575470922,0.050368159312447654,19.0321498440897,7.0,76.0,15
l4_cp2_174,4,cp2,cp2_l4,cp1,cp1_l4,2025-09-06 15:27:00,15:27,2025-09-06 15:27:00,15.462649295527354,0.05076891749642228,18.956799338123844,6.0,76.0,15
l4_cp2_176,4,cp2,cp2_l4,cp1,cp1_l4,2025-09-06 15:32:00,15:32,2025-09-06 15:32:00,15.54690055900288,0.05112217364953864,18.89038015833598,5.0,76.0,15
l4_cp2_178,4,cp2,cp2_l4,cp1,cp1_l4,2025-09-06 15:42:00,15:42,2025-09-06 15:42:00,15.711451978510524,0.05186943621297175,18.74987994026035,10.0,77.0,15
l4_cp2_180,4,cp2,cp2_l4,cp1,cp1_l4,2025-09-06 15:50:00,15:50,2025-09-06 15:50:00,15.84895732403186,0.052542296136463454,18.623368897674982,8.0,77.0,15
l4_cp2_182,4,cp2,cp2_l4,cp1,cp1_l4,2025-09-06 15:56:00,15:56,2025-09-06 15:56:00,15.944727422417179,0.053031118458438435,18.53146058298277,6.0,78.0,15
l4_cp2_184,4,cp2,cp2_l4,cp1,cp1_l4,2025-09-06 16:00:00,16:00,2025-09-06 16:00:00,16.002823965858084,0.05333390472816148,18.474530744652657,4.0,78.0,16
l4_cp2_186,4,cp2,cp2_l4,cp1,cp1_l4,2025-09-06 16:08:00,16:08,2025-09-06 16:08:00,16.141585192930165,0.05407038155355405,18.336058459757357,8.0,79.0,16
l4_cp2_188,4,cp2,cp2_l4,cp1,cp1_l4,2025-09-06 16:16:00,16:16,2025-09-06 16:16:00,16.278469790390666,0.054805810216167816,18.19778325030275,8.0,79.0,16
l4_cp2_190,4,cp2,cp2_l4,cp1,cp1_l4,2025-09-06 16:24:00,16:24,2025-09-06 16:24:00,16.416443121315268,0.05554408916454669,18.058972130458443,8.0,80.0,16
l4_cp2_192,4,cp2,cp2_l4,cp1,cp1_l4,2025-09-06 16:30:00,16:30,2025-09-06 16:30:00,16.50219501676751,0.055996118903142884,17.973981552906086,6.0,80.0,16
l4_cp2_194,4,cp2,cp2_l4,cp1,cp1_l4,2025-09-06 16:36:00,16:36,2025-09-06 16:36:00,16.601693529293136,0.05650952742863875,17.87745054315945,6.0,81.0,16
l4_cp2_196,4,cp2,cp2_l4,cp1,cp1_l4,2025-09-06 16:43:00,16:43,2025-09-06 16:43:00,16.720019156462854,0.0570987299207536,17.766668760846535,7.0,81.0,16
l4_cp2_198,4,cp2,cp2_l4,cp1,cp1_l4,2025-09-06 16:48:00,16:48,2025-09-06 16:48:00,16.802326070980477,0.05749127321782275,17.69286281693713,5.0,81.0,16
l4_cp2_200,4,cp2,cp2_l4,cp1,cp1_l4,2025-09-06 16:56:00,16:56,2025-09-06 16:56:00,16.94304193089203,0.058121941751856525,17.574284594366887,8.0,82.0,16
l4_cp2_202,4,cp2,cp2_l4,cp1,cp1_l4,2025-09-06 17:00:00,17:00,2025-09-06 17:00:00,17.010334117786286,0.05840274762357107,17.521487507849464,4.0,82.0,17
l4_cp2_204,4,cp2,cp2_l4,cp1,cp1_l4,2025-09-06 17:08:00,17:08,2025-09-06 17:08:00,17.13474738825155,0.05888139688303329,17.4314919311579,8.0,83.0,17
l4_cp2_206,4,cp2,cp2_l4,cp1,cp1_l4,2025-09-06 17:14:00,17:14,2025-09-06 17:14:00,17.237361608031023,0.05923246756196394,17.36548366396584,6.0,83.0,17
l4_cp2_208,4,cp2,cp2_l4,cp1,cp1_l4,2025-09-06 17:21:00,17:21,2025-09-06 17:21:00,17.365678649004614,0.05960997227917581,17.29450527204805,7.0,83.0,17
l4_cp2_210,4,cp2,cp2_l4,cp1,cp1_l4,2025-09-06 17:26:00,17:26,2025-09-06 17:26:00,17.440751251268505,0.059796741142167674,17.25938901269801,5.0,83.0,17
l4_cp2_212,4,cp2,cp2_l4,cp1,cp1_l4,2025-09-06 17:37:00,17:37,2025-09-06 17:37:00,17.630687253480186,0.06014783889713392,17.19337565467297,11.0,84.0,17
l4_cp2_214,4,cp2,cp2_l4,cp1,cp1_l4,2025-09-06 17:42:00,17:42,2025-09-06 17:42:00,17.705853970293106,0.06023599487797683,17.176800577666306,5.0,84.0,17
l4_cp2_216,4,cp2,cp2_l4,cp1,cp1_l4,2025-09-06 17:46:00,17:46,2025-09-06 17:46:00,17.767194137579637,0.06028563323042429,17.167467580557844,4.0,84.0,17
l4_cp2_218,4,cp2,cp2_l4,cp1,cp1_l4,2025-09-06 17:52:00,17:52,2025-09-06 17:52:00,17.875961423993722,0.06032302769354177,17.160436678061288,6.0,84.0,17
l4_cp2_220,4,cp2,cp2_l4,cp1,cp1_l4,2025-09-06 18:01:00,18:01,2025-09-06 18:01:00,18.030971561043675,0.060261186313331175,17.172064086994723,9.0,84.0,18
l4_cp2_222,4,cp2,cp2_l4,cp1,cp1_l4,2025-09-06 18:07:00,18:07,2025-09-06 18:07:00,18.12437676436612,0.06015699493690834,17.191654137166317,6.0,84.0,18
l4_cp2_224,4,cp2,cp2_l4,cp1,cp1_l4,2025-09-06 18:14:00,18:14,2025-09-06 18:14:00,18.243466777019602,0.05994993647833842,17.230585243857682,7.0,84.0,18
l4_cp2_226,4,cp2,cp2_l4,cp1,cp1_l4,2025-09-06 18:19:00,18:19,2025-09-06 18:19:00,18.319711626422382,0.05977336632086348,17.26378394381249,5.0,83.0,18
l4_cp2_228,4,cp2,cp2_l4,cp1,cp1_l4,2025-09-06 18:29:00,18:29,2025-09-06 18:29:00,18.489327885344366,0.059257040561962813,17.360863451436053,10.0,83.0,18
l4_cp2_230,4,cp2,cp2_l4,cp1,cp1_l4,2025-09-06 18:33:00,18:33,2025-09-06 18:33:00,18.56111896588145,0.058987343071329114,17.411571941467184,4.0,83.0,18
l4_cp2_232,4,cp2,cp2_l4,cp1,cp1_l4,2025-09-06 18:38:00,18:38,2025-09-06 18:38:00,18.647801848868422,0.058621503996080085,17.48035696077409,5.0,82.0,18
l4_cp2_234,4,cp2,cp2_l4,cp1,cp1_l4,2025-09-06 18:45:00,18:45,2025-09-06 18:45:00,18.764785756960304,0.05805889883214836,17.586137916613392,7.0,82.0,18
l4_cp2_236,4,cp2,cp2_l4,cp1,cp1_l4,2025-09-06 18:51:00,18:51,2025-09-06 18:51:00,18.860551069799598,0.05754045232210498,17.683616167613934,6.0,81.0,18
l4_cp2_238,4,cp2,cp2_l4,cp1,cp1_l4,2025-09-06 18:59:00,18:59,2025-09-06 18:59:00,18.991244185846238,0.056750957234507585,17.832056939847266,8.0,81.0,18
l4_cp2_240,4,cp2,cp2_l4,cp1,cp1_l4,2025-09-06 19:06:00,19:06,2025-09-06 19:06:00,19.10808613559663,0.05596755268855329,17.979352569167084,7.0,80.0,19
l4_cp2_242,4,cp2,cp2_l4,cp1,cp1_l4,2025-09-06 19:10:00,19:10,2025-09-06 19:10:00,19.172248176542222,0.055507249677175165,18.06589868648142,4.0,80.0,19
l4_cp2_244,4,cp2,cp2_l4,cp1,cp1_l4,2025-09-06 19:15:00,19:15,2025-09-06 19:15:00,19.264277934797366,0.05481101809776677,18.196804065025482,5.0,79.0,19
l4_cp2_246,4,cp2,cp2_l4,cp1,cp1_l4,2025-09-06 19:20:00,19:20,2025-09-06 19:20:00,19.33849536298639,0.05421962548525029,18.30799763351517,5.0,79.0,19
l4_cp2_248,4,cp2,cp2_l4,cp1,cp1_l4,2025-09-06 19:27:00,19:27,2025-09-06 19:27:00,19.45588025716611,0.05323209465436598,18.493673062588197,7.0,78.0,19
l4_cp2_250,4,cp2,cp2_l4,cp1,cp1_l4,2025-09-06 19:37:00,19:37,2025-09-06 19:37:00,19.616908127457922,0.05177973719630088,18.766745138679397,10.0,77.0,19
l4_cp2_252,4,cp2,cp2_l4,cp1,cp1_l4,2025-09-06 19:44:00,19:44,2025-09-06 19:44:00,19.740387035805654,0.05059551137105146,18.989403137139703,7.0,76.0,19
l4_cp2_254,4,cp2,cp2_l4,cp1,cp1_l4,2025-09-06 19:48:00,19:48,2025-09-06 19:48:00,19.804501787902552,0.04995834322571533,19.109203415852022,4.0,75.0,19
l4_cp2_256,4,cp2,cp2_l4,cp1,cp1_l4,2025-09-06 19:54:00,19:54,2025-09-06 19:54:00,19.902576838876673,0.04895632988678097,19.297601844361772,6.0,75.0,19
l4_cp2_258,4,cp2,cp2_l4,cp1,cp1_l4,2025-09-06 19:59:00,19:59,2025-09-06 19:59:00,19.992114212715432,0.04801467429007201,19.47465181737516,5.0,74.0,19
l4_cp2_260,4,cp2,cp2_l4,cp1,cp1_l4,2025-09-06 20:06:00,20:06,2025-09-06 20:06:00,20.112242602674396,0.04671476927468734,19.719059803371497,7.0,73.0,20
l4_cp2_262,4,cp2,cp2_l4,cp1,cp1_l4,2025-09-06 20:13:00,20:13,2025-09-06 20:13:00,20.223877631519713,0.045473346592364114,19.952471948078863,7.0,72.0,20
l4_cp2_264,4,cp2,cp2_l4,cp1,cp1_l4,2025-09-06 20:23:00,20:23,2025-09-06 20:23:00,20.390473897629043,0.0435700522195692,20.310329129109363,10.0,71.0,20
l4_cp2_266,4,cp2,cp2_l4,cp1,cp1_l4,2025-09-06 20:27:00,20:27,2025-09-06 20:27:00,20.45548903252599,0.042813399232743944,20.4525949334715,4.0,70.0,20
l4_cp2_268,4,cp2,cp2_l4,cp1,cp1_l4,2025-09-06 20:35:00,20:35,2025-09-06 20:35:00,20.599297188860163,0.041117675003237056,20.77142480091095,8.0,69.0,20
l4_cp2_270,4,cp2,cp2_l4,cp1,cp1_l4,2025-09-06 20:44:00,20:44,2025-09-06 20:44:00,20.738157525055183,0.03945816544481371,21.083445590211394,9.0,68.0,20
l4_cp2_272,4,cp2,cp2_l4,cp1,cp1_l4,2025-09-06 20:53:00,20:53,2025-09-06 20:53:00,20.8882859332594,0.037648606885046745,21.42367857485312,9.0,67.0,20
l4_cp2_274,4,cp2,cp2_l4,cp1,cp1_l4,2025-09-06 21:06:00,21:06,2025-09-06 21:06:00,21.105214127429278,0.03502444867799022,21.917072488048124,13.0,66.0,21
l4_cp2_276,4,cp2,cp2_l4,cp1,cp1_l4,2025-09-06 21:12:00,21:12,2025-09-06 21:12:00,21.213636422803095,0.03371619155766504,22.163050835819504,6.0,65.0,21
l4_cp2_278,4,cp2,cp2_l4,cp1,cp1_l4,2025-09-06 21:22:00,21:22,2025-09-06 21:22:00,21.37573901202722,0.031773363837022436,22.528341072198508,10.0,64.0,21
l4_cp2_280,4,cp2,cp2_l4,cp1,cp1_l4,2025-09-06 21:27:00,21:27,2025-09-06 21:27:00,21.462335261704354,0.03074500915632232,22.721692196646202,5.0,63.0,21
l4_cp2_282,4,cp2,cp2_l4,cp1,cp1_l4,2025-09-06 21:34:00,21:34,2025-09-06 21:34:00,21.57594430871944,0.029409012000884045,22.972886222511914,7.0,63.0,21
l4_cp2_284,4,cp2,cp2_l4,cp1,cp1_l4,2025-09-06 21:52:00,21:52,2025-09-06 21:52:00,21.87331176322497,0.026003468305378145,23.6131961420754,18.0,61.0,21
l4_cp2_286,4,cp2,cp2_l4,cp1,cp1_l4,2025-09-06 22:01:00,22:01,2025-09-06 22:01:00,22.01892571212104,0.02439510159450449,23.91560105927765,9.0,60.0,22
l4_cp2_288,4,cp2,cp2_l4,cp1,cp1_l4,2025-09-06 22:20:00,22:20,2025-09-06 22:20:00,22.34741255862755,0.020940810694164556,24.565076422481575,19.0,59.0,22
l4_cp2_290,4,cp2,cp2_l4,cp1,cp1_l4,2025-09-06 22:34:00,22:34,2025-09-06 22:34:00,22.583333333333332,0.01862763202522487,25.0,14.0,58.0,22
l59_cp1_1,59,cp1,cp1_l59,cp2,cp2_l59,2025-09-06 06:00:00,06:00,2025-09-06 06:00:00,6.0,0.06207469155881094,17.055772036649625,0.0,40.0,6
l59_cp1_3,59,cp1,cp1_l59,cp2,cp2_l59,2025-09-06 06:24:00,06:24,2025-09-06 06:24:00,6.411151820966082,0.0676919623158243,15.86491884387363,24.0,43.0,6
l59_cp1_5,59,cp1,cp1_l59,cp2,cp2_l59,2025-09-06 06:36:00,06:36,2025-09-06 06:36:00,6.611270689197397,0.06961103042921118,15.458079207894171,12.0,44.0,6
l59_cp1_7,59,cp1,cp1_l59,cp2,cp2_l59,2025-09-06 06:49:00,06:49,2025-09-06 06:49:00,6.820835743815702,0.07098861489021008,15.166033315028692,13.0,45.0,6
l59_cp1_9,59,cp1,cp1_l59,cp2,cp2_l59,2025-09-06 07:02:00,07:02,2025-09-06 07:02:00,7.047971781201283,0.07173181796544607,15.008475349014551,13.0,46.0,7
l59_cp1_11,59,cp1,cp1_l59,cp2,cp2_l59,2025-09-06 07:14:00,07:14,2025-09-06 07:14:00,7.246940793057724,0.07175041925272403,15.004531903291014,12.0,46.0,7
l59_cp1_13,59,cp1,cp1_l59,cp2,cp2_l59,2025-09-06 07:25:00,07:25,2025-09-06 07:25:00,7.428137905059887,0.0712793504961541,15.104397791378737,11.0,45.0,7
l59_cp1_15,59,cp1,cp1_l59,cp2,cp2_l59,2025-09-06 07:36:00,07:36,2025-09-06 07:36:00,7.600650780196441,0.0704334785264594,15.28372141300281,11.0,45.0,7
l59_cp1_17,59,cp1,cp1_l59,cp2,cp2_l59,2025-09-06 07:54:00,07:54,2025-09-06 07:54:00,7.90545579644988,0.06812929694831228,15.772204540800455,18.0,43.0,7
l59_cp1_19,59,cp1,cp1_l59,cp2,cp2_l59,2025-09-06 08:06:00,08:06,2025-09-06 08:06:00,8.10369542284349,0.06619452229735781,16.182373939794537,12.0,42.0,8
l59_cp1_21,59,cp1,cp1_l59,cp2,cp2_l59,2025-09-06 08:18:00,08:18,2025-09-06 08:18:00,8.316285461039595,0.06386250336836782,16.676758545296146,12.0,41.0,8
l59_cp1_23,59,cp1,cp1_l59,cp2,cp2_l59,2025-09-06 08:36:00,08:36,2025-09-06 08:36:00,8.613889443407516,0.060378421193265086,17.415378875629134,18.0,39.0,8
l59_cp1_25,59,cp1,cp1_l59,cp2,cp2_l59,2025-09-06 08:51:00,08:51,2025-09-06 08:51:00,8.854590614529055,0.05757508659499935,18.009681714351316,15.0,38.0,8
l59_cp1_27,59,cp1,cp1_l59,cp2,cp2_l59,2025-09-06 09:06:00,09:06,2025-09-06 09:06:00,9.106416802471756,0.05484082898508691,18.589340332474887,15.0,37.0,9
l59_cp1_29,59,cp1,cp1_l59,cp2,cp2_l59,2025-09-06 09:22:00,09:22,2025-09-06 09:22:00,9.368824923936694,0.052365090454001624,19.11419328362389,16.0,36.0,9
l59_cp1_31,59,cp1,cp1_l59,cp2,cp2_l59,2025-09-06 09:42:00,09:42,2025-09-06 09:42:00,9.715325519026154,0.049873982744466194,19.64230447814755,20.0,35.0,9
l59_cp1_33,59,cp1,cp1_l59,cp2,cp2_l59,2025-09-06 09:56:00,09:56,2025-09-06 09:56:00,9.948676158491068,0.04875648822010426,19.879211684478065,14.0,34.0,9
l59_cp1_35,59,cp1,cp1_l59,cp2,cp2_l59,2025-09-06 10:15:00,10:15,2025-09-06 10:15:00,10.262939006271933,0.04795939716348407,20.048193823806884,19.0,34.0,10
l59_cp1_37,59,cp1,cp1_l59,cp2,cp2_l59,2025-09-06 10:31:00,10:31,2025-09-06 10:31:00,10.525028530252039,0.047850209413648724,20.071341467231605,16.0,34.0,10
l59_cp1_39,59,cp1,cp1_l59,cp2,cp2_l59,2025-09-06 10:59:00,10:59,2025-09-06 10:59:00,10.999781163953072,0.04858770731081917,19.914992990631205,28.0,34.0,10
l59_cp1_41,59,cp1,cp1_l59,cp2,cp2_l59,2025-09-06 11:14:00,11:14,2025-09-06 11:14:00,11.24579552159503,0.04923592320353799,19.777572168519583,15.0,35.0,11
l59_cp1_43,59,cp1,cp1_l59,cp2,cp2_l59,2025-09-06 11:40:00,11:40,2025-09-06 11:40:00,11.681073301061291,0.050413020309776575,19.528029301919915,26.0,35.0,11
l59_cp1_45,59,cp1,cp1_l59,cp2,cp2_l59,2025-09-06 11:58:00,11:58,2025-09-06 11:58:00,11.970301508679443,0.05101243284852599,19.40095471954048,18.0,35.0,11
l59_cp1_47,59,cp1,cp1_l59,cp2,cp2_l59,2025-09-06 12:23:00,12:23,2025-09-06 12:23:00,12.399551550659098,0.05140792741717959,19.317110448865314,25.0,35.0,12
l59_cp1_49,59,cp1,cp1_l59,cp2,cp2_l59,2025-09-06 12:39:00,12:39,2025-09-06 12:39:00,12.6594221940851,0.05132769512546212,19.334119577477495,16.0,35.0,12
l59_cp1_51,59,cp1,cp1_l59,cp2,cp2_l59,2025-09-06 12:50:00,12:50,2025-09-06 12:50:00,12.842475045348861,0.05113891233759399,19.374141252664366,11.0,35.0,12
l59_cp1_53,59,cp1,cp1_l59,cp2,cp2_l59,2025-09-06 13:08:00,13:08,2025-09-06 13:08:00,13.137125499606942,0.050656007126685526,19.47651645177695,18.0,35.0,13
l59_cp1_55,59,cp1,cp1_l59,cp2,cp2_l59,2025-09-06 13:25:00,13:25,2025-09-06 13:25:00,13.425799974967312,0.0500567880911712,19.603550011753285,17.0,35.0,13
l59_cp1_57,59,cp1,cp1_l59,cp2,cp2_l59,2025-09-06 13:43:00,13:43,2025-09-06 13:43:00,13.727493791072165,0.04942228724114457,19.738063264853984,18.0,35.0,13
l59_cp1_59,59,cp1,cp1_l59,cp2,cp2_l59,2025-09-06 14:13:00,14:13,2025-09-06 14:13:00,14.23210916311665,0.04869556967701502,19.892126326601467,30.0,34.0,14
l59_cp1_61,59,cp1,cp1_l59,cp2,cp2_l59,2025-09-06 14:32:00,14:32,2025-09-06 14:32:00,14.538146210553913,0.048638942774416515,19.90413114721159,19.0,34.0,14
l59_cp1_63,59,cp1,cp1_l59,cp2,cp2_l59,2025-09-06 15:13:00,15:13,2025-09-06 15:13:00,15.22671532983191,0.04990457083044191,19.635819848614677,41.0,35.0,15
l59_cp1_65,59,cp1,cp1_l59,cp2,cp2_l59,2025-09-06 15:36:00,15:36,2025-09-06 15:36:00,15.600972863357898,0.05135984009886747,19.327304890084392,23.0,35.0,15
l59_cp1_67,59,cp1,cp1_l59,cp2,cp2_l59,2025-09-06 16:07:00,16:07,2025-09-06 16:07:00,16.124956994675784,0.05398141177618308,18.771535525019587,31.0,36.0,16
l59_cp1_69,59,cp1,cp1_l59,cp2,cp2_l59,2025-09-06 16:28:00,16:28,2025-09-06 16:28:00,16.478594590560483,0.055872457883719376,18.37063651333592,21.0,37.0,16
l59_cp1_71,59,cp1,cp1_l59,cp2,cp2_l59,2025-09-06 16:44:00,16:44,2025-09-06 16:44:00,16.734564360320032,0.057169226738246065,18.095723410958307,16.0,38.0,16
l59_cp1_73,59,cp1,cp1_l59,cp2,cp2_l59,2025-09-06 17:08:00,17:08,2025-09-06 17:08:00,17.144667590514445,0.05891713400562965,17.72516962423879,24.0,39.0,17
l59_cp1_75,59,cp1,cp1_l59,cp2,cp2_l59,2025-09-06 17:21:00,17:21,2025-09-06 17:21:00,17.354188135602417,0.05957910796726757,17.584832111619008,13.0,39.0,17
l59_cp1_77,59,cp1,cp1_l59,cp2,cp2_l59,2025-09-06 17:31:00,17:31,2025-09-06 17:31:00,17.531759944711773,0.05998732267030265,17.49829119104108,10.0,39.0,17
l59_cp1_79,59,cp1,cp1_l59,cp2,cp2_l59,2025-09-06 17:49:00,17:49,2025-09-06 17:49:00,17.824444183600562,0.06031348065555202,17.429146174736022,18.0,39.0,17
l59_cp1_81,59,cp1,cp1_l59,cp2,cp2_l59,2025-09-06 18:05:00,18:05,2025-09-06 18:05:00,18.089574846126784,0.06020176418633496,17.452829902974813,16.0,39.0,18
l59_cp1_83,59,cp1,cp1_l59,cp2,cp2_l59,2025-09-06 18:14:00,18:14,2025-09-06 18:14:00,18.241162356278135,0.059954737232632165,17.5051992562148,9.0,39.0,18
l59_cp1_85,59,cp1,cp1_l59,cp2,cp2_l59,2025-09-06 18:50:00,18:50,2025-09-06 18:50:00,18.83842464552991,0.05766480743870948,17.990661026580952,36.0,38.0,18
l59_cp1_87,59,cp1,cp1_l59,cp2,cp2_l59,2025-09-06 19:07:00,19:07,2025-09-06 19:07:00,19.123850099843715,0.055856407404163956,18.374039191549407,17.0,37.0,19
l59_cp1_89,59,cp1,cp1_l59,cp2,cp2_l59,2025-09-06 19:20:00,19:20,2025-09-06 19:20:00,19.337661145465898,0.05422641759512072,18.719594649396612,13.0,37.0,19
l59_cp1_91,59,cp1,cp1_l59,cp2,cp2_l59,2025-09-06 19:32:00,19:32,2025-09-06 19:32:00,19.544043712496737,0.05245036949073473,19.096114252442476,12.0,36.0,19
l59_cp1_93,59,cp1,cp1_l59,cp2,cp2_l59,2025-09-06 19:42:00,19:42,2025-09-06 19:42:00,19.716263255543446,0.05083140642907148,19.43933205595693,10.0,35.0,19
l59_cp1_95,59,cp1,cp1_l59,cp2,cp2_l59,2025-09-06 20:23:00,20:23,2025-09-06 20:23:00,20.399366807421835,0.04346697194918504,21.00058140510265,41.0,33.0,20
l59_cp1_97,59,cp1,cp1_l59,cp2,cp2_l59,2025-09-06 21:01:00,21:01,2025-09-06 21:01:00,21.01685450845447,0.03609323478052736,22.56380291067519,38.0,30.0,21
l59_cp1_99,59,cp1,cp1_l59,cp2,cp2_l59,2025-09-06 21:55:00,21:55,2025-09-06 21:55:00,21.92652081478175,0.025410751159677027,24.828473829516682,54.0,28.0,21
l59_cp2_2,59,cp2,cp2_l59,cp1,cp1_l59,2025-09-06 06:15:00,06:15,2025-09-06 06:15:00,6.266502027292864,0.06595775605208634,16.232568037839584,0.0,42.0,6
l59_cp2_4,59,cp2,cp2_l59,cp1,cp1_l59,2025-09-06 06:29:00,06:29,2025-09-06 06:29:00,6.490947401048421,0.06852591625312017,15.688121827704,14.0,44.0,6
l59_cp2_6,59,cp2,cp2_l59,cp1,cp1_l59,2025-09-06 06:38:00,06:38,2025-09-06 06:38:00,6.642903964873909,0.0698611059831569,15.405063555857165,9.0,44.0,6
l59_cp2_8,59,cp2,cp2_l59,cp1,cp1_l59,2025-09-06 06:52:00,06:52,2025-09-06 06:52:00,6.881316635740817,0.0712628487346652,15.107896140702728,14.0,45.0,6
l59_cp2_10,59,cp2,cp2_l59,cp1,cp1_l59,2025-09-06 07:04:00,07:04,2025-09-06 07:04:00,7.077892722145533,0.07177179630237604,15.0,12.0,46.0,7
l59_cp2_12,59,cp2,cp2_l59,cp1,cp1_l59,2025-09-06 07:23:00,07:23,2025-09-06 07:23:00,7.385434929231031,0.07143041839184842,15.072371618225354,19.0,45.0,7
l59_cp2_14,59,cp2,cp2_l59,cp1,cp1_l59,2025-09-06 07:31:00,07:31,2025-09-06 07:31:00,7.523380945574319,0.07085768930738545,15.193789347284765,8.0,45.0,7
l59_cp2_16,59,cp2,cp2_l59,cp1,cp1_l59,2025-09-06 07:41:00,07:41,2025-09-06 07:41:00,7.693115673491377,0.06983529319672105,15.410535828865049,10.0,44.0,7
l59_cp2_18,59,cp2,cp2_l59,cp1,cp1_l59,2025-09-06 07:58:00,07:58,2025-09-06 07:58:00,7.9724644118726875,0.06750746414955426,15.904032185542212,17.0,43.0,7
l59_cp2_20,59,cp2,cp2_l59,cp1,cp1_l59,2025-09-06 08:15:00,08:15,2025-09-06 08:15:00,8.265337936053049,0.064439387730466,16.554459903449583,17.0,41.0,8
l59_cp2_22,59,cp2,cp2_l59,cp1,cp1_l59,2025-09-06 08:29:00,08:29,2025-09-06 08:29:00,8.497757277118998,0.06175087532129057,17.124420605857793,14.0,40.0,8
l59_cp2_24,59,cp2,cp2_l59,cp1,cp1_l59,2025-09-06 08:41:00,08:41,2025-09-06 08:41:00,8.698808792144918,0.05937784659360299,17.627499228761568,12.0,39.0,8
l59_cp2_26,59,cp2,cp2_l59,cp1,cp1_l59,2025-09-06 08:55:00,08:55,2025-09-06 08:55:00,8.91709371126456,0.0568713388276841,18.158875212736632,14.0,38.0,8
l59_cp2_28,59,cp2,cp2_l59,cp1,cp1_l59,2025-09-06 09:15:00,09:15,2025-09-06 09:15:00,9.258825589793945,0.05334781250251422,18.90585764524978,20.0,36.0,9
l59_cp2_30,59,cp2,cp2_l59,cp1,cp1_l59,2025-09-06 09:28:00,09:28,2025-09-06 09:28:00,9.46751547691178,0.051558523857548874,19.28518422355197,13.0,35.0,9
l59_cp2_32,59,cp2,cp2_l59,cp1,cp1_l59,2025-09-06 09:53:00,09:53,2025-09-06 09:53:00,9.891655170801275,0.04898716647129306,19.83030823228303,25.0,34.0,9
l59_cp2_34,59,cp2,cp2_l59,cp1,cp1_l59,2025-09-06 10:01:00,10:01,2025-09-06 10:01:00,10.029393186030898,0.04847621745303847,19.9386286775766,8.0,34.0,10
l59_cp2_36,59,cp2,cp2_l59,cp1,cp1_l59,2025-09-06 10:27:00,10:27,2025-09-06 10:27:00,10.458590026845563,0.047835475623402936,20.07446500923534,26.0,34.0,10
l59_cp2_38,59,cp2,cp2_l59,cp1,cp1_l59,2025-09-06 10:52:00,10:52,2025-09-06 10:52:00,10.879832299447946,0.0483180596123992,19.97215790869879,25.0,34.0,10
l59_cp2_40,59,cp2,cp2_l59,cp1,cp1_l59,2025-09-06 11:07:00,11:07,2025-09-06 11:07:00,11.130251060689512,0.04892026555918443,19.844491127897367,15.0,34.0,11
l59_cp2_42,59,cp2,cp2_l59,cp1,cp1_l59,2025-09-06 11:25:00,11:25,2025-09-06 11:25:00,11.433201392941756,0.049760508816812286,19.66636078500703,18.0,35.0,11
l59_cp2_44,59,cp2,cp2_l59,cp1,cp1_l59,2025-09-06 11:46:00,11:46,2025-09-06 11:46:00,11.77363981966719,0.05062862246933288,19.48232195912244,21.0,35.0,11
l59_cp2_46,59,cp2,cp2_l59,cp1,cp1_l59,2025-09-06 12:03:00,12:03,2025-09-06 12:03:00,12.052622510714409,0.05113811269288915,19.374310776173388,17.0,35.0,12
l59_cp2_48,59,cp2,cp2_l59,cp1,cp1_l59,2025-09-06 12:27:00,12:27,2025-09-06 12:27:00,12.455228659075999,0.051410691254946794,19.316524519297065,24.0,35.0,12
l59_cp2_50,59,cp2,cp2_l59,cp1,cp1_l59,2025-09-06 12:43:00,12:43,2025-09-06 12:43:00,12.732163276041641,0.051264717190298355,19.347470807711602,16.0,35.0,12
l59_cp2_52,59,cp2,cp2_l59,cp1,cp1_l59,2025-09-06 13:06:00,13:06,2025-09-06 13:06:00,13.109672826269923,0.05070822791362019,19.465445721249534,23.0,35.0,13
l59_cp2_54,59,cp2,cp2_l59,cp1,cp1_l59,2025-09-06 13:10:00,13:10,2025-09-06 13:10:00,13.17546653086738,0.05058119356517347,19.492376817503192,4.0,35.0,13
l59_cp2_56,59,cp2,cp2_l59,cp1,cp1_l59,2025-09-06 13:31:00,13:31,2025-09-06 13:31:00,13.516935135350485,0.0498599968334411,19.64526947084927,21.0,35.0,13
l59_cp2_58,59,cp2,cp2_l59,cp1,cp1_l59,2025-09-06 13:45:00,13:45,2025-09-06 13:45:00,13.764521267440152,0.049350292323287165,19.753326082243923,14.0,35.0,13
l59_cp2_60,59,cp2,cp2_l59,cp1,cp1_l59,2025-09-06 14:22:00,14:22,2025-09-06 14:22:00,14.380926078680126,0.04862416136951039,19.907264783453748,37.0,34.0,14
l59_cp2_62,59,cp2,cp2_l59,cp1,cp1_l59,2025-09-06 14:47:00,14:47,2025-09-06 14:47:00,14.794093265654187,0.04887816510400749,19.85341636287953,25.0,34.0,14
l59_cp2_64,59,cp2,cp2_l59,cp1,cp1_l59,2025-09-06 15:23:00,15:23,2025-09-06 15:23:00,15.392103824443444,0.05049032557394311,19.511640698871688,36.0,35.0,15
l59_cp2_66,59,cp2,cp2_l59,cp1,cp1_l59,2025-09-06 15:52:00,15:52,2025-09-06 15:52:00,15.870002978745255,0.05264846665772349,19.054117942491796,29.0,36.0,15
l59_cp2_68,59,cp2,cp2_l59,cp1,cp1_l59,2025-09-06 16:13:00,16:13,2025-09-06 16:13:00,16.232110334355944,0.0545564777427377,18.649622380371294,21.0,37.0,16
l59_cp2_70,59,cp2,cp2_l59,cp1,cp1_l59,2025-09-06 16:39:00,16:39,2025-09-06 16:39:00,16.656187236852674,0.0567841561944657,18.177357803591473,26.0,38.0,16
l59_cp2_72,59,cp2,cp2_l59,cp1,cp1_l59,2025-09-06 16:46:00,16:46,2025-09-06 16:46:00,16.774243422451978,0.057359123581727234,18.05546555760928,7.0,38.0,16
l59_cp2_74,59,cp2,cp2_l59,cp1,cp1_l59,2025-09-06 17:13:00,17:13,2025-09-06 17:13:00,17.22426089543189,0.05918999123279458,17.667324290766896,27.0,39.0,17
l59_cp2_76,59,cp2,cp2_l59,cp1,cp1_l59,2025-09-06 17:25:00,17:25,2025-09-06 17:25:00,17.422459917960868,0.059753646719995286,17.547830151069142,12.0,39.0,17
l59_cp2_78,59,cp2,cp2_l59,cp1,cp1_l59,2025-09-06 17:41:00,17:41,2025-09-06 17:41:00,17.683617857395024,0.060213019458833186,17.450443801650902,16.0,39.0,17
l59_cp2_80,59,cp2,cp2_l59,cp1,cp1_l59,2025-09-06 17:55:00,17:55,2025-09-06 17:55:00,17.92912796535189,0.060317253779625005,17.428346277945675,14.0,39.0,17
l59_cp2_82,59,cp2,cp2_l59,cp1,cp1_l59,2025-09-06 18:11:00,18:11,2025-09-06 18:11:00,18.199037001159482,0.06003696434680331,17.48776722815719,16.0,39.0,18
l59_cp2_84,59,cp2,cp2_l59,cp1,cp1_l59,2025-09-06 18:34:00,18:34,2025-09-06 18:34:00,18.582325823514203,0.05890189027518664,17.728401272819237,23.0,39.0,18
l59_cp2_86,59,cp2,cp2_l59,cp1,cp1_l59,2025-09-06 18:56:00,18:56,2025-09-06 18:56:00,18.9338293973855,0.05710927249479699,18.108433622966988,22.0,38.0,18
l59_cp2_88,59,cp2,cp2_l59,cp1,cp1_l59,2025-09-06 19:13:00,19:13,2025-09-06 19:13:00,19.23281544668916,0.055053733067175474,18.544204978158263,17.0,37.0,19
l59_cp2_90,59,cp2,cp2_l59,cp1,cp1_l59,2025-09-06 19:26:00,19:26,2025-09-06 19:26:00,19.44844895233862,0.05329644893006968,18.916746647557815,13.0,36.0,19
l59_cp2_92,59,cp2,cp2_l59,cp1,cp1_l59,2025-09-06 19:37:00,19:37,2025-09-06 19:37:00,19.623696529877165,0.051716165009837486,19.251764529605154,11.0,36.0,19
l59_cp2_94,59,cp2,cp2_l59,cp1,cp1_l59,2025-09-06 20:15:00,20:15,2025-09-06 20:15:00,20.25867125147775,0.04508052239258483,20.65851106875137,38.0,33.0,20
l59_cp2_96,59,cp2,cp2_l59,cp1,cp1_l59,2025-09-06 20:41:00,20:41,2025-09-06 20:41:00,20.696422692466005,0.039958744552430266,21.744320487145924,26.0,31.0,20
l59_cp2_98,59,cp2,cp2_l59,cp1,cp1_l59,2025-09-06 21:31:00,21:31,2025-09-06 21:31:00,21.5239094770503,0.03001889884708636,23.85155325301016,50.0,29.0,21
l59_cp2_100,59,cp2,cp2_l59,cp1,cp1_l59,2025-09-06 22:00:00,22:00,2025-09-06 22:00:00,22.0,0.02460165987339312,25.0,29.0,27.0,22
l60_cp1_1,60,cp1,cp1_l60,cp2,cp2_l60,2025-09-06 06:00:00,06:00,2025-09-06 06:00:00,6.0,0.06207469155881094,17.062820520282717,0.0,67.0,6
l60_cp1_3,60,cp1,cp1_l60,cp2,cp2_l60,2025-09-06 06:17:00,06:17,2025-09-06 06:17:00,6.286235025834119,0.06621069671690243,16.186771431316608,17.0,70.0,6
l60_cp1_5,60,cp1,cp1_l60,cp2,cp2_l60,2025-09-06 06:25:00,06:25,2025-09-06 06:25:00,6.429747967633698,0.06789429314507166,15.830168124331168,8.0,72.0,6
l60_cp1_7,60,cp1,cp1_l60,cp2,cp2_l60,2025-09-06 06:33:00,06:33,2025-09-06 06:33:00,6.566443177836503,0.06923138430409298,15.546958252256013,8.0,73.0,6
l60_cp1_9,60,cp1,cp1_l60,cp2,cp2_l60,2025-09-06 06:45:00,06:45,2025-09-06 06:45:00,6.752600410777285,0.07061262482313813,15.25439708463142,12.0,75.0,6
l60_cp1_11,60,cp1,cp1_l60,cp2,cp2_l60,2025-09-06 07:00:00,07:00,2025-09-06 07:00:00,7.016179416780238,0.07167467507956415,15.02944374825609,15.0,76.0,7
l60_cp1_13,60,cp1,cp1_l60,cp2,cp2_l60,2025-09-06 07:12:00,07:12,2025-09-06 07:12:00,7.205633438547298,0.07179389831844678,15.004191021091962,12.0,76.0,7
l60_cp1_15,60,cp1,cp1_l60,cp2,cp2_l60,2025-09-06 07:23:00,07:23,2025-09-06 07:23:00,7.388198790652117,0.07142137117402528,15.083096160957938,11.0,76.0,7
l60_cp1_17,60,cp1,cp1_l60,cp2,cp2_l60,2025-09-06 07:33:00,07:33,2025-09-06 07:33:00,7.558223990142539,0.07067523580611043,15.241135424528105,10.0,75.0,7
l60_cp1_19,60,cp1,cp1_l60,cp2,cp2_l60,2025-09-06 07:47:00,07:47,2025-09-06 07:47:00,7.793398388066485,0.06908347823497293,15.578286302428213,14.0,73.0,7
l60_cp1_21,60,cp1,cp1_l60,cp2,cp2_l60,2025-09-06 07:58:00,07:58,2025-09-06 07:58:00,7.982781553078149,0.06740860996737848,15.933040893846913,11.0,72.0,7
l60_cp1_23,60,cp1,cp1_l60,cp2,cp2_l60,2025-09-06 08:11:00,08:11,2025-09-06 08:11:00,8.186333987687902,0.0653133091250282,16.376847495601226,13.0,70.0,8
l60_cp1_25,60,cp1,cp1_l60,cp2,cp2_l60,2025-09-06 08:22:00,08:22,2025-09-06 08:22:00,8.37927986507452,0.06313773385228634,16.837657060099488,11.0,68.0,8
l60_cp1_27,60,cp1,cp1_l60,cp2,cp2_l60,2025-09-06 08:33:00,08:33,2025-09-06 08:33:00,8.551411060465838,0.06111720179794448,17.26562685166759,11.0,66.0,8
l60_cp1_29,60,cp1,cp1_l60,cp2,cp2_l60,2025-09-06 08:49:00,08:49,2025-09-06 08:49:00,8.825289751210875,0.05790946026479035,17.945060010076695,16.0,64.0,8
l60_cp1_31,60,cp1,cp1_l60,cp2,cp2_l60,2025-09-06 09:14:00,09:14,2025-09-06 09:14:00,9.237910014928296,0.05354406734922915,18.8696958218031,25.0,60.0,9
l60_cp1_33,60,cp1,cp1_l60,cp2,cp2_l60,2025-09-06 09:22:00,09:22,2025-09-06 09:22:00,9.381229896576526,0.052259690475402985,19.141740257725356,8.0,60.0,9
l60_cp1_35,60,cp1,cp1_l60,cp2,cp2_l60,2025-09-06 09:38:00,09:38,2025-09-06 09:38:00,9.64229967790682,0.05031796259078958,19.55301850311338,16.0,58.0,9
l60_cp1_37,60,cp1,cp1_l60,cp2,cp2_l60,2025-09-06 09:55:00,09:55,2025-09-06 09:55:00,9.928621989520673,0.048834511749058805,19.867228884568497,17.0,57.0,9
l60_cp1_39,60,cp1,cp1_l60,cp2,cp2_l60,2025-09-06 10:01:00,10:01,2025-09-06 10:01:00,10.018803001301455,0.04850992803575589,19.935979105001845,6.0,57.0,10
l60_cp1_41,60,cp1,cp1_l60,cp2,cp2_l60,2025-09-06 10:20:00,10:20,2025-09-06 10:20:00,10.34269122425718,0.047877138747743096,20.070010485061083,19.0,57.0,10
l60_cp1_43,60,cp1,cp1_l60,cp2,cp2_l60,2025-09-06 10:34:00,10:34,2025-09-06 10:34:00,10.578985840205242,0.04788130988906368,20.069126993765938,14.0,57.0,10
l60_cp1_45,60,cp1,cp1_l60,cp2,cp2_l60,2025-09-06 10:49:00,10:49,2025-09-06 10:49:00,10.817314695102414,0.04819573263176186,20.002528973027957,15.0,57.0,10
l60_cp1_47,60,cp1,cp1_l60,cp2,cp2_l60,2025-09-06 11:07:00,11:07,2025-09-06 11:07:00,11.122705787741179,0.04890020208226979,19.853314985923866,18.0,57.0,11
l60_cp1_49,60,cp1,cp1_l60,cp2,cp2_l60,2025-09-06 11:18:00,11:18,2025-09-06 11:18:00,11.3049280168923,0.049401306949932076,19.747175741408366,11.0,58.0,11
l60_cp1_51,60,cp1,cp1_l60,cp2,cp2_l60,2025-09-06 11:32:00,11:32,2025-09-06 11:32:00,11.540838252955824,0.050054173438999844,19.60889180047918,14.0,58.0,11
l60_cp1_53,60,cp1,cp1_l60,cp2,cp2_l60,2025-09-06 11:53:00,11:53,2025-09-06 11:53:00,11.893638877186467,0.05087606821969412,19.434805902050208,21.0,59.0,11
l60_cp1_55,60,cp1,cp1_l60,cp2,cp2_l60,2025-09-06 12:02:00,12:02,2025-09-06 12:02:00,12.041764571783725,0.051122815773997896,19.38254219301456,9.0,59.0,12
l60_cp1_57,60,cp1,cp1_l60,cp2,cp2_l60,2025-09-06 12:17:00,12:17,2025-09-06 12:17:00,12.295355410328943,0.051372527061978965,19.329650734232793,15.0,59.0,12
l60_cp1_59,60,cp1,cp1_l60,cp2,cp2_l60,2025-09-06 12:39:00,12:39,2025-09-06 12:39:00,12.656192372728977,0.05133010226626689,19.33863674904963,22.0,59.0,12
l60_cp1_61,60,cp1,cp1_l60,cp2,cp2_l60,2025-09-06 13:19:00,13:19,2025-09-06 13:19:00,13.32001393331245,0.050283753342924356,19.560264379092985,40.0,58.0,13
l60_cp1_63,60,cp1,cp1_l60,cp2,cp2_l60,2025-09-06 13:23:00,13:23,2025-09-06 13:23:00,13.387950876414447,0.05013844905598151,19.591041344627016,4.0,58.0,13
l60_cp1_65,60,cp1,cp1_l60,cp2,cp2_l60,2025-09-06 13:41:00,13:41,2025-09-06 13:41:00,13.691828646899905,0.049493404378825545,19.727668544102194,18.0,58.0,13
l60_cp1_67,60,cp1,cp1_l60,cp2,cp2_l60,2025-09-06 13:54:00,13:54,2025-09-06 13:54:00,13.906520556329566,0.04909576341785746,19.811893052601704,13.0,58.0,13
l60_cp1_69,60,cp1,cp1_l60,cp2,cp2_l60,2025-09-06 14:21:00,14:21,2025-09-06 14:21:00,14.355117300001547,0.048630812665360804,19.910374477931153,27.0,57.0,14
l60_cp1_71,60,cp1,cp1_l60,cp2,cp2_l60,2025-09-06 14:36:00,14:36,2025-09-06 14:36:00,14.61267792554387,0.048680466409688594,19.89985729629829,15.0,57.0,14
l60_cp1_73,60,cp1,cp1_l60,cp2,cp2_l60,2025-09-06 14:54:00,14:54,2025-09-06 14:54:00,14.906617699746374,0.04907062473128527,19.81721768896641,18.0,58.0,14
l60_cp1_75,60,cp1,cp1_l60,cp2,cp2_l60,2025-09-06 15:11:00,15:11,2025-09-06 15:11:00,15.187133683965895,0.049779322365903905,19.667108128308467,17.0,58.0,15
l60_cp1_77,60,cp1,cp1_l60,cp2,cp2_l60,2025-09-06 15:29:00,15:29,2025-09-06 15:29:00,15.499823569801555,0.05092212664524835,19.42505024648313,18.0,59.0,15
l60_cp1_79,60,cp1,cp1_l60,cp2,cp2_l60,2025-09-06 15:47:00,15:47,2025-09-06 15:47:00,15.799257345030494,0.052294720295846614,19.134320575903576,18.0,60.0,15
l60_cp1_81,60,cp1,cp1_l60,cp2,cp2_l60,2025-09-06 16:05:00,16:05,2025-09-06 16:05:00,16.096138811414946,0.05382758871318443,18.8096430358172,18.0,61.0,16
l60_cp1_83,60,cp1,cp1_l60,cp2,cp2_l60,2025-09-06 16:18:00,16:18,2025-09-06 16:18:00,16.304495324555397,0.054945664069346194,18.572822998191096,13.0,61.0,16
l60_cp1_85,60,cp1,cp1_l60,cp2,cp2_l60,2025-09-06 16:35:00,16:35,2025-09-06 16:35:00,16.596906543509572,0.05648516101373168,18.24674146684761,17.0,62.0,16
l60_cp1_87,60,cp1,cp1_l60,cp2,cp2_l60,2025-09-06 16:47:00,16:47,2025-09-06 16:47:00,16.793271599655068,0.057448875960509314,18.04261657607084,12.0,63.0,16
l60_cp1_89,60,cp1,cp1_l60,cp2,cp2_l60,2025-09-06 17:11:00,17:11,2025-09-06 17:11:00,17.1844406171004,0.059056610455982275,17.702081618733313,24.0,64.0,17
l60_cp1_91,60,cp1,cp1_l60,cp2,cp2_l60,2025-09-06 17:22:00,17:22,2025-09-06 17:22:00,17.369189412202182,0.05961928361600264,17.58290156687647,11.0,65.0,17
l60_cp1_93,60,cp1,cp1_l60,cp2,cp2_l60,2025-09-06 17:34:00,17:34,2025-09-06 17:34:00,17.57096210668781,0.060056864516051606,17.490217362146474,12.0,65.0,17
l60_cp1_95,60,cp1,cp1_l60,cp2,cp2_l60,2025-09-06 17:45:00,17:45,2025-09-06 17:45:00,17.76176569772492,0.06028206111665705,17.442518370182523,11.0,65.0,17
l60_cp1_97,60,cp1,cp1_l60,cp2,cp2_l60,2025-09-06 17:51:00,17:51,2025-09-06 17:51:00,17.85034257274757,0.06032013077478967,17.43445481899012,6.0,65.0,17
l60_cp1_99,60,cp1,cp1_l60,cp2,cp2_l60,2025-09-06 18:07:00,18:07,2025-09-06 18:07:00,18.125009574547846,0.060156115235682026,17.46919502315317,16.0,65.0,18
l60_cp1_101,60,cp1,cp1_l60,cp2,cp2_l60,2025-09-06 18:16:00,18:16,2025-09-06 18:16:00,18.273146673992276,0.05988529590486835,17.52655738585951,9.0,65.0,18
l60_cp1_103,60,cp1,cp1_l60,cp2,cp2_l60,2025-09-06 18:42:00,18:42,2025-09-06 18:42:00,18.70659537932738,0.05834856713600387,17.852052588716788,26.0,64.0,18
l60_cp1_105,60,cp1,cp1_l60,cp2,cp2_l60,2025-09-06 19:05:00,19:05,2025-09-06 19:05:00,19.089083875077474,0.056099826904762125,18.32835925556094,23.0,62.0,19
l60_cp1_107,60,cp1,cp1_l60,cp2,cp2_l60,2025-09-06 19:42:00,19:42,2025-09-06 19:42:00,19.703822616564242,0.05095221469258132,19.41867728381812,37.0,59.0,19
l60_cp1_109,60,cp1,cp1_l60,cp2,cp2_l60,2025-09-06 19:47:00,19:47,2025-09-06 19:47:00,19.78654292666714,0.050138287619396864,19.59107553858169,5.0,58.0,19
l60_cp1_111,60,cp1,cp1_l60,cp2,cp2_l60,2025-09-06 20:02:00,20:02,2025-09-06 20:02:00,20.038841892614975,0.04751378074638874,20.14697350466281,15.0,57.0,20
l60_cp1_113,60,cp1,cp1_l60,cp2,cp2_l60,2025-09-06 20:29:00,20:29,2025-09-06 20:29:00,20.485164983463584,0.04246580323100923,21.21618786355163,27.0,54.0,20
l60_cp1_115,60,cp1,cp1_l60,cp2,cp2_l60,2025-09-06 20:54:00,20:54,2025-09-06 20:54:00,20.913541886659946,0.037343273451501215,22.30119317060751,25.0,51.0,20
l60_cp1_117,60,cp1,cp1_l60,cp2,cp2_l60,2025-09-06 21:14:00,21:14,2025-09-06 21:14:00,21.23893089833123,0.03341180633799063,23.133918965533855,20.0,49.0,21
l60_cp1_119,60,cp1,cp1_l60,cp2,cp2_l60,2025-09-06 21:50:00,21:50,2025-09-06 21:50:00,21.84259496844546,0.026348136140045372,24.630078086506145,36.0,46.0,21
l60_cp2_2,60,cp2,cp2_l60,cp1,cp1_l60,2025-09-06 06:14:00,06:14,2025-09-06 06:14:00,6.246317967854856,0.06569383910425829,16.2962472717411,0.0,70.0,6
l60_cp2_4,60,cp2,cp2_l60,cp1,cp1_l60,2025-09-06 06:22:00,06:22,2025-09-06 06:22:00,6.375523163275416,0.06729097400476748,15.957957419319179,8.0,71.0,6
l60_cp2_6,60,cp2,cp2_l60,cp1,cp1_l60,2025-09-06 06:31:00,06:31,2025-09-06 06:31:00,6.5246678346939335,0.06885118090978558,15.627489302018658,9.0,73.0,6
l60_cp2_8,60,cp2,cp2_l60,cp1,cp1_l60,2025-09-06 06:36:00,06:36,2025-09-06 06:36:00,6.606019650254528,0.06956808661261876,15.47564118678772,5.0,74.0,6
l60_cp2_10,60,cp2,cp2_l60,cp1,cp1_l60,2025-09-06 06:47:00,06:47,2025-09-06 06:47:00,6.7906153109776515,0.07083079309329192,15.208186766461086,11.0,75.0,6
l60_cp2_12,60,cp2,cp2_l60,cp1,cp1_l60,2025-09-06 07:09:00,07:09,2025-09-06 07:09:00,7.155349639421513,0.07181368497774744,15.0,22.0,76.0,7
l60_cp2_14,60,cp2,cp2_l60,cp1,cp1_l60,2025-09-06 07:18:00,07:18,2025-09-06 07:18:00,7.310148944393377,0.0716371951876847,15.037382380796554,9.0,76.0,7
l60_cp2_16,60,cp2,cp2_l60,cp1,cp1_l60,2025-09-06 07:26:00,07:26,2025-09-06 07:26:00,7.449430473186892,0.07119510999082956,15.13102064263302,8.0,75.0,7
l60_cp2_18,60,cp2,cp2_l60,cp1,cp1_l60,2025-09-06 07:37:00,07:37,2025-09-06 07:37:00,7.627936354138252,0.07026693069273354,15.327618711884325,11.0,74.0,7
l60_cp2_20,60,cp2,cp2_l60,cp1,cp1_l60,2025-09-06 07:49:00,07:49,2025-09-06 07:49:00,7.831461674677024,0.06877215461107322,15.644227897437448,12.0,73.0,7
l60_cp2_22,60,cp2,cp2_l60,cp1,cp1_l60,2025-09-06 08:03:00,08:03,2025-09-06 08:03:00,8.061763016128406,0.06662655004012559,16.098689354281362,14.0,71.0,8
l60_cp2_24,60,cp2,cp2_l60,cp1,cp1_l60,2025-09-06 08:17:00,08:17,2025-09-06 08:17:00,8.283878635815897,0.06423053260810944,16.6061908704142,14.0,69.0,8
l60_cp2_26,60,cp2,cp2_l60,cp1,cp1_l60,2025-09-06 08:26:00,08:26,2025-09-06 08:26:00,8.438906617485927,0.062442725188254576,16.984867153819376,9.0,67.0,8
l60_cp2_28,60,cp2,cp2_l60,cp1,cp1_l60,2025-09-06 08:35:00,08:35,2025-09-06 08:35:00,8.584867998811294,0.06072153318424931,17.349433596415484,9.0,66.0,8
l60_cp2_30,60,cp2,cp2_l60,cp1,cp1_l60,2025-09-06 08:57:00,08:57,2025-09-06 08:57:00,8.965444136316487,0.0563371095873801,18.278100305199565,22.0,62.0,8
l60_cp2_32,60,cp2,cp2_l60,cp1,cp1_l60,2025-09-06 09:19:00,09:19,2025-09-06 09:19:00,9.333098953448681,0.052674901955150684,19.053794129841638,22.0,60.0,9
l60_cp2_34,60,cp2,cp2_l60,cp1,cp1_l60,2025-09-06 09:29:00,09:29,2025-09-06 09:29:00,9.483412768366122,0.05143557963592842,19.316295540548538,10.0,59.0,9
l60_cp2_36,60,cp2,cp2_l60,cp1,cp1_l60,2025-09-06 09:46:00,09:46,2025-09-06 09:46:00,9.767622867929267,0.049583557260940596,19.708573222112555,17.0,58.0,9
l60_cp2_38,60,cp2,cp2_l60,cp1,cp1_l60,2025-09-06 09:58:00,09:58,2025-09-06 09:58:00,9.978545114434137,0.04864649331181444,19.90705315324343,12.0,57.0,9
l60_cp2_40,60,cp2,cp2_l60,cp1,cp1_l60,2025-09-06 10:09:00,10:09,2025-09-06 10:09:00,10.154356225692734,0.04814677770997926,20.012898136747243,11.0,57.0,10
l60_cp2_42,60,cp2,cp2_l60,cp1,cp1_l60,2025-09-06 10:23:00,10:23,2025-09-06 10:23:00,10.395679614922901,0.04784704212277924,20.0763852645579,14.0,57.0,10
l60_cp2_44,60,cp2,cp2_l60,cp1,cp1_l60,2025-09-06 10:40:00,10:40,2025-09-06 10:40:00,10.679388280450368,0.04798106214921809,20.047998423251556,17.0,57.0,10
l60_cp2_46,60,cp2,cp2_l60,cp1,cp1_l60,2025-09-06 10:58:00,10:58,2025-09-06 10:58:00,10.968541772587713,0.048513584755509646,19.93520457356718,18.0,57.0,10
l60_cp2_48,60,cp2,cp2_l60,cp1,cp1_l60,2025-09-06 11:13:00,11:13,2025-09-06 11:13:00,11.222001092351332,0.049169890921942225,19.796192073048104,15.0,58.0,11
l60_cp2_50,60,cp2,cp2_l60,cp1,cp1_l60,2025-09-06 11:29:00,11:29,2025-09-06 11:29:00,11.496156222772825,0.049933689764394745,19.634411501093336,16.0,58.0,11
l60_cp2_52,60,cp2,cp2_l60,cp1,cp1_l60,2025-09-06 11:35:00,11:35,2025-09-06 11:35:00,11.592029213101402,0.05018896042717175,19.58034250866762,6.0,58.0,11
l60_cp2_54,60,cp2,cp2_l60,cp1,cp1_l60,2025-09-06 11:55:00,11:55,2025-09-06 11:55:00,11.930484079419513,0.05094384901312371,19.420449222098487,20.0,59.0,11
l60_cp2_56,60,cp2,cp2_l60,cp1,cp1_l60,2025-09-06 12:14:00,12:14,2025-09-06 12:14:00,12.244665106689252,0.05134099834535808,19.336328845699352,19.0,59.0,12
l60_cp2_58,60,cp2,cp2_l60,cp1,cp1_l60,2025-09-06 12:36:00,12:36,2025-09-06 12:36:00,12.603129596780638,0.05136475723319112,19.331296465118232,22.0,59.0,12
l60_cp2_60,60,cp2,cp2_l60,cp1,cp1_l60,2025-09-06 13:13:00,13:13,2025-09-06 13:13:00,13.227893493940114,0.05047577890931605,19.519591358614147,37.0,58.0,13
l60_cp2_62,60,cp2,cp2_l60,cp1,cp1_l60,2025-09-06 13:21:00,13:21,2025-09-06 13:21:00,13.352900195098627,0.050213689244899454,19.575104686804853,8.0,58.0,13
l60_cp2_64,60,cp2,cp2_l60,cp1,cp1_l60,2025-09-06 13:34:00,13:34,2025-09-06 13:34:00,13.581044373824179,0.049723020488360054,19.679033453989668,13.0,58.0,13
l60_cp2_66,60,cp2,cp2_l60,cp1,cp1_l60,2025-09-06 13:52:00,13:52,2025-09-06 13:52:00,13.872479748742272,0.0491532616205788,19.799714332753478,18.0,58.0,13
l60_cp2_68,60,cp2,cp2_l60,cp1,cp1_l60,2025-09-06 14:14:00,14:14,2025-09-06 14:14:00,14.241302971765903,0.048688904455272505,19.89807003011658,22.0,57.0,14
l60_cp2_70,60,cp2,cp2_l60,cp1,cp1_l60,2025-09-06 14:29:00,14:29,2025-09-06 14:29:00,14.491125555742448,0.048624336073287804,19.911746287773813,15.0,57.0,14
l60_cp2_72,60,cp2,cp2_l60,cp1,cp1_l60,2025-09-06 14:46:00,14:46,2025-09-06 14:46:00,14.779829774694054,0.048857595969651446,19.862339405555126,17.0,57.0,14
l60_cp2_74,60,cp2,cp2_l60,cp1,cp1_l60,2025-09-06 15:01:00,15:01,2025-09-06 15:01:00,15.018120344788807,0.04931382951745013,19.765704375223287,15.0,58.0,15
l60_cp2_76,60,cp2,cp2_l60,cp1,cp1_l60,2025-09-06 15:25:00,15:25,2025-09-06 15:25:00,15.418719478741988,0.05059351669726728,19.494653265471353,24.0,58.0,15
l60_cp2_78,60,cp2,cp2_l60,cp1,cp1_l60,2025-09-06 15:32:00,15:32,2025-09-06 15:32:00,15.534575413330353,0.05106916563202102,19.393905853407922,7.0,59.0,15
l60_cp2_80,60,cp2,cp2_l60,cp1,cp1_l60,2025-09-06 15:57:00,15:57,2025-09-06 15:57:00,15.955665730130303,0.05308780510621283,18.966336930081727,25.0,60.0,15
l60_cp2_82,60,cp2,cp2_l60,cp1,cp1_l60,2025-09-06 16:10:00,16:10,2025-09-06 16:10:00,16.176588214187987,0.05425806661045894,18.718463321258668,13.0,61.0,16
l60_cp2_84,60,cp2,cp2_l60,cp1,cp1_l60,2025-09-06 16:29:00,16:29,2025-09-06 16:29:00,16.486899611567047,0.05591604572124725,18.367286029642045,19.0,62.0,16
l60_cp2_86,60,cp2,cp2_l60,cp1,cp1_l60,2025-09-06 16:45:00,16:45,2025-09-06 16:45:00,16.765271032102063,0.05731650173223974,18.070654820136202,16.0,63.0,16
l60_cp2_88,60,cp2,cp2_l60,cp1,cp1_l60,2025-09-06 17:00:00,17:00,2025-09-06 17:00:00,17.000775366985156,0.05836375086942221,17.848836515399707,15.0,64.0,17
l60_cp2_90,60,cp2,cp2_l60,cp1,cp1_l60,2025-09-06 17:19:00,17:19,2025-09-06 17:19:00,17.332066289765834,0.05951802309783901,17.604349602189465,19.0,65.0,17
l60_cp2_92,60,cp2,cp2_l60,cp1,cp1_l60,2025-09-06 17:25:00,17:25,2025-09-06 17:25:00,17.431021029069914,0.05977401263392884,17.550128344888172,6.0,65.0,17
l60_cp2_94,60,cp2,cp2_l60,cp1,cp1_l60,2025-09-06 17:38:00,17:38,2025-09-06 17:38:00,17.634210769607797,0.06015263266864384,17.469932667223823,13.0,65.0,17
l60_cp2_96,60,cp2,cp2_l60,cp1,cp1_l60,2025-09-06 17:47:00,17:47,2025-09-06 17:47:00,17.79525239966405,0.06030153148787778,17.438394342209207,9.0,65.0,17
l60_cp2_98,60,cp2,cp2_l60,cp1,cp1_l60,2025-09-06 18:05:00,18:05,2025-09-06 18:05:00,18.08581737304542,0.060206174238018245,17.4585920036416,18.0,65.0,18
l60_cp2_100,60,cp2,cp2_l60,cp1,cp1_l60,2025-09-06 18:10:00,18:10,2025-09-06 18:10:00,18.17957710796767,0.060071411631447066,17.487136131175486,5.0,65.0,18
l60_cp2_102,60,cp2,cp2_l60,cp1,cp1_l60,2025-09-06 18:19:00,18:19,2025-09-06 18:19:00,18.321317989057132,0.059769275755300305,17.55113166525371,9.0,65.0,18
l60_cp2_104,60,cp2,cp2_l60,cp1,cp1_l60,2025-09-06 19:02:00,19:02,2025-09-06 19:02:00,19.047794324672694,0.056380766771118807,18.26885325772761,43.0,62.0,19
l60_cp2_106,60,cp2,cp2_l60,cp1,cp1_l60,2025-09-06 19:29:00,19:29,2025-09-06 19:29:00,19.493347633952506,0.05290395535059159,19.00527822845113,27.0,60.0,19
l60_cp2_108,60,cp2,cp2_l60,cp1,cp1_l60,2025-09-06 19:44:00,19:44,2025-09-06 19:44:00,19.734443474292153,0.05065382935580599,19.4818784144868,15.0,59.0,19
l60_cp2_110,60,cp2,cp2_l60,cp1,cp1_l60,2025-09-06 19:59:00,19:59,2025-09-06 19:59:00,19.983790258188936,0.04810323934106562,20.022120017998347,15.0,57.0,19
l60_cp2_112,60,cp2,cp2_l60,cp1,cp1_l60,2025-09-06 20:17:00,20:17,2025-09-06 20:17:00,20.286694584167332,0.0447622482144532,20.7297768319621,18.0,55.0,20
l60_cp2_114,60,cp2,cp2_l60,cp1,cp1_l60,2025-09-06 20:45:00,20:45,2025-09-06 20:45:00,20.75362382752828,0.03927232919148415,21.892599017800244,28.0,52.0,20
l60_cp2_116,60,cp2,cp2_l60,cp1,cp1_l60,2025-09-06 20:56:00,20:56,2025-09-06 20:56:00,20.94568057891806,0.03695452752244463,22.38353361844836,11.0,51.0,20
l60_cp2_118,60,cp2,cp2_l60,cp1,cp1_l60,2025-09-06 21:21:00,21:21,2025-09-06 21:21:00,21.364544223260715,0.03190685251101989,23.452683903840207,25.0,49.0,21
l60_cp2_120,60,cp2,cp2_l60,cp1,cp1_l60,2025-09-06 22:00:00,22:00,2025-09-06 22:00:00,22.0,0.02460165987339312,25.0,39.0,46.0,22
