,trip_id,line,start_cp,start_cp_id,dest_cp,dest_cp_id,departure_time,departure_time_str,datetime_obj,datetime_float,pdf,speed,departure_interval,planned_travel_time
0,l4_cp1_1,4,cp1,cp1_l4,cp2,cp2_l4,2025-08-25 05:49:00,05:49,2025-08-25 05:49:00,5.833333333333333,0.057384656442490016,20.00988273359203,0.0,72.0
1,l4_cp1_3,4,cp1,cp1_l4,cp2,cp2_l4,2025-08-25 05:55:00,05:55,2025-08-25 05:55:00,5.931126788111258,0.06156486409075374,19.58243209378187,6.0,74.0
2,l4_cp1_5,4,cp1,cp1_l4,cp2,cp2_l4,2025-08-25 06:00:00,06:00,2025-08-25 06:00:00,6.004359211966569,0.06471304660813974,19.2605120494858,5.0,75.0
3,l4_cp1_7,4,cp1,cp1_l4,cp2,cp2_l4,2025-08-25 06:04:00,06:04,2025-08-25 06:04:00,6.080928521921183,0.06800340866948039,18.924053316649566,4.0,76.0
4,l4_cp1_9,4,cp1,cp1_l4,cp2,cp2_l4,2025-08-25 06:11:00,06:11,2025-08-25 06:11:00,6.196890768909895,0.07294507529792699,18.41873905004001,7.0,78.0
5,l4_cp1_11,4,cp1,cp1_l4,cp2,cp2_l4,2025-08-25 06:18:00,06:18,2025-08-25 06:18:00,6.309332938399282,0.07763505978015059,17.93916075242628,7.0,80.0
6,l4_cp1_13,4,cp1,cp1_l4,cp2,cp2_l4,2025-08-25 06:23:00,06:23,2025-08-25 06:23:00,6.39384497644929,0.08105715213606514,17.589231827811084,5.0,82.0
7,l4_cp1_15,4,cp1,cp1_l4,cp2,cp2_l4,2025-08-25 06:27:00,06:27,2025-08-25 06:27:00,6.451124404381378,0.08331139720936842,17.358722106775424,4.0,83.0
8,l4_cp1_17,4,cp1,cp1_l4,cp2,cp2_l4,2025-08-25 06:31:00,06:31,2025-08-25 06:31:00,6.523266260230345,0.08606122552169854,17.077536105892953,4.0,84.0
9,l4_cp1_19,4,cp1,cp1_l4,cp2,cp2_l4,2025-08-25 06:36:00,06:36,2025-08-25 06:36:00,6.600116801946953,0.08886404737920116,16.790931205593076,5.0,86.0
10,l4_cp1_21,4,cp1,cp1_l4,cp2,cp2_l4,2025-08-25 06:46:00,06:46,2025-08-25 06:46:00,6.779713654540006,0.09479998870136438,16.18394654608982,10.0,89.0
11,l4_cp1_23,4,cp1,cp1_l4,cp2,cp2_l4,2025-08-25 06:51:00,06:51,2025-08-25 06:51:00,6.857906174406622,0.09707095178589378,15.951727310791654,5.0,90.0
12,l4_cp1_25,4,cp1,cp1_l4,cp2,cp2_l4,2025-08-25 06:57:00,06:57,2025-08-25 06:57:00,6.964767966344796,0.09982315990563169,15.670297960706296,6.0,92.0
13,l4_cp1_27,4,cp1,cp1_l4,cp2,cp2_l4,2025-08-25 07:02:00,07:02,2025-08-25 07:02:00,7.04879280616492,0.10167883917450106,15.480543920356142,5.0,93.0
14,l4_cp1_29,4,cp1,cp1_l4,cp2,cp2_l4,2025-08-25 07:07:00,07:07,2025-08-25 07:07:00,7.1173429221827496,0.10297865953140009,15.347629699354336,5.0,94.0
15,l4_cp1_31,4,cp1,cp1_l4,cp2,cp2_l4,2025-08-25 07:13:00,07:13,2025-08-25 07:13:00,7.2267494089469695,0.10463400506424289,15.178360953239665,6.0,95.0
16,l4_cp1_33,4,cp1,cp1_l4,cp2,cp2_l4,2025-08-25 07:22:00,07:22,2025-08-25 07:22:00,7.37103356221873,0.10599214523428503,15.039483190820967,9.0,96.0
17,l4_cp1_35,4,cp1,cp1_l4,cp2,cp2_l4,2025-08-25 07:27:00,07:27,2025-08-25 07:27:00,7.454393469133839,0.10633546855778248,15.004376376366025,5.0,96.0
18,l4_cp1_37,4,cp1,cp1_l4,cp2,cp2_l4,2025-08-25 07:35:00,07:35,2025-08-25 07:35:00,7.584202284089148,0.10621715515771385,15.01647461234204,8.0,96.0
19,l4_cp1_39,4,cp1,cp1_l4,cp2,cp2_l4,2025-08-25 07:41:00,07:41,2025-08-25 07:41:00,7.690960821722454,0.10552603807215552,15.087145369697444,6.0,95.0
20,l4_cp1_41,4,cp1,cp1_l4,cp2,cp2_l4,2025-08-25 07:49:00,07:49,2025-08-25 07:49:00,7.819174750849971,0.10400335112958703,15.242849000377564,8.0,94.0
21,l4_cp1_43,4,cp1,cp1_l4,cp2,cp2_l4,2025-08-25 07:56:00,07:56,2025-08-25 07:56:00,7.94939736214512,0.10171574936190755,15.476769638179281,7.0,93.0
22,l4_cp1_45,4,cp1,cp1_l4,cp2,cp2_l4,2025-08-25 08:02:00,08:02,2025-08-25 08:02:00,8.034833784418698,0.09983271007419496,15.669321400208315,6.0,92.0
23,l4_cp1_47,4,cp1,cp1_l4,cp2,cp2_l4,2025-08-25 08:09:00,08:09,2025-08-25 08:09:00,8.156416085955977,0.09667074057071504,15.992651244333187,7.0,90.0
24,l4_cp1_49,4,cp1,cp1_l4,cp2,cp2_l4,2025-08-25 08:14:00,08:14,2025-08-25 08:14:00,8.244279983548596,0.09406275523278643,16.2593329728775,5.0,89.0
25,l4_cp1_51,4,cp1,cp1_l4,cp2,cp2_l4,2025-08-25 08:19:00,08:19,2025-08-25 08:19:00,8.33181823987456,0.09122262555555732,16.549752815580682,5.0,87.0
26,l4_cp1_53,4,cp1,cp1_l4,cp2,cp2_l4,2025-08-25 08:24:00,08:24,2025-08-25 08:24:00,8.400709491913455,0.08883493025446966,16.793908601608578,5.0,86.0
27,l4_cp1_55,4,cp1,cp1_l4,cp2,cp2_l4,2025-08-25 08:29:00,08:29,2025-08-25 08:29:00,8.49531033369776,0.08536378651631818,17.148853316463153,5.0,84.0
28,l4_cp1_57,4,cp1,cp1_l4,cp2,cp2_l4,2025-08-25 08:33:00,08:33,2025-08-25 08:33:00,8.56356677080739,0.08273920739079718,17.417231856678093,4.0,83.0
29,l4_cp1_59,4,cp1,cp1_l4,cp2,cp2_l4,2025-08-25 08:39:00,08:39,2025-08-25 08:39:00,8.664134959500796,0.07872096147608065,17.828120963556213,6.0,81.0
30,l4_cp1_61,4,cp1,cp1_l4,cp2,cp2_l4,2025-08-25 08:45:00,08:45,2025-08-25 08:45:00,8.766411963840302,0.0744903610061608,18.26072456361889,6.0,79.0
31,l4_cp1_63,4,cp1,cp1_l4,cp2,cp2_l4,2025-08-25 08:51:00,08:51,2025-08-25 08:51:00,8.856764998022467,0.0706687245432526,18.651509206068518,6.0,77.0
32,l4_cp1_65,4,cp1,cp1_l4,cp2,cp2_l4,2025-08-25 08:59:00,08:59,2025-08-25 08:59:00,8.989720910002706,0.0649688008078576,19.234359689243853,8.0,75.0
33,l4_cp1_67,4,cp1,cp1_l4,cp2,cp2_l4,2025-08-25 09:04:00,09:04,2025-08-25 09:04:00,9.074599427083916,0.061320446520245896,19.60742521749375,5.0,73.0
34,l4_cp1_69,4,cp1,cp1_l4,cp2,cp2_l4,2025-08-25 09:10:00,09:10,2025-08-25 09:10:00,9.175587046241988,0.05700743826576439,20.048455494697897,6.0,72.0
35,l4_cp1_71,4,cp1,cp1_l4,cp2,cp2_l4,2025-08-25 09:17:00,09:17,2025-08-25 09:17:00,9.289091328955505,0.05223770892924816,20.53618816928453,7.0,70.0
36,l4_cp1_73,4,cp1,cp1_l4,cp2,cp2_l4,2025-08-25 09:27:00,09:27,2025-08-25 09:27:00,9.454077920873697,0.04554033069640046,21.221034198852102,10.0,68.0
37,l4_cp1_75,4,cp1,cp1_l4,cp2,cp2_l4,2025-08-25 09:31:00,09:31,2025-08-25 09:31:00,9.522869341926057,0.04285509538431357,21.495615188308243,4.0,67.0
38,l4_cp1_77,4,cp1,cp1_l4,cp2,cp2_l4,2025-08-25 09:37:00,09:37,2025-08-25 09:37:00,9.617876796278237,0.039269495219052104,21.862263741133376,6.0,66.0
39,l4_cp1_79,4,cp1,cp1_l4,cp2,cp2_l4,2025-08-25 09:43:00,09:43,2025-08-25 09:43:00,9.725583116186394,0.03539552725345554,22.25839958529081,6.0,65.0
40,l4_cp1_81,4,cp1,cp1_l4,cp2,cp2_l4,2025-08-25 09:49:00,09:49,2025-08-25 09:49:00,9.823921114879743,0.032051596732796374,22.60033600587274,6.0,64.0
41,l4_cp1_83,4,cp1,cp1_l4,cp2,cp2_l4,2025-08-25 09:57:00,09:57,2025-08-25 09:57:00,9.954860993905811,0.0279073290315343,23.024111576252565,8.0,63.0
42,l4_cp1_85,4,cp1,cp1_l4,cp2,cp2_l4,2025-08-25 10:07:00,10:07,2025-08-25 10:07:00,10.121453093092171,0.023185164443881426,23.506980477542555,10.0,61.0
43,l4_cp1_87,4,cp1,cp1_l4,cp2,cp2_l4,2025-08-25 10:14:00,10:14,2025-08-25 10:14:00,10.241288912889923,0.020210076985446777,23.81120054137773,7.0,60.0
44,l4_cp1_89,4,cp1,cp1_l4,cp2,cp2_l4,2025-08-25 10:18:00,10:18,2025-08-25 10:18:00,10.315881732122774,0.018560765675975012,23.979852252919542,4.0,60.0
45,l4_cp1_91,4,cp1,cp1_l4,cp2,cp2_l4,2025-08-25 10:33:00,10:33,2025-08-25 10:33:00,10.56622954363009,0.014509843339697124,24.39408271469636,15.0,59.0
46,l4_cp1_93,4,cp1,cp1_l4,cp2,cp2_l4,2025-08-25 10:39:00,10:39,2025-08-25 10:39:00,10.6587915954858,0.01381239267446962,24.46540111755401,6.0,59.0
47,l4_cp1_95,4,cp1,cp1_l4,cp2,cp2_l4,2025-08-25 10:47:00,10:47,2025-08-25 10:47:00,10.798094436132429,0.013980960446873348,24.448164078576944,8.0,59.0
48,l4_cp1_97,4,cp1,cp1_l4,cp2,cp2_l4,2025-08-25 11:02:00,11:02,2025-08-25 11:02:00,11.041985286813462,0.019380195371610127,23.896060781980495,15.0,60.0
49,l4_cp1_99,4,cp1,cp1_l4,cp2,cp2_l4,2025-08-25 11:08:00,11:08,2025-08-25 11:08:00,11.14962511594982,0.02444596881132037,23.378055869273137,6.0,62.0
50,l4_cp1_101,4,cp1,cp1_l4,cp2,cp2_l4,2025-08-25 11:16:00,11:16,2025-08-25 11:16:00,11.278854805547581,0.032891833418052845,22.51441689875517,8.0,64.0
51,l4_cp1_103,4,cp1,cp1_l4,cp2,cp2_l4,2025-08-25 11:23:00,11:23,2025-08-25 11:23:00,11.38428998723138,0.04147919579527506,21.636308955014627,7.0,67.0
52,l4_cp1_105,4,cp1,cp1_l4,cp2,cp2_l4,2025-08-25 11:30:00,11:30,2025-08-25 11:30:00,11.505095926933116,0.052553892310213894,20.503856572420606,7.0,70.0
53,l4_cp1_107,4,cp1,cp1_l4,cp2,cp2_l4,2025-08-25 11:35:00,11:35,2025-08-25 11:35:00,11.588825028476231,0.06046033637734728,19.695376501694174,5.0,73.0
54,l4_cp1_109,4,cp1,cp1_l4,cp2,cp2_l4,2025-08-25 11:40:00,11:40,2025-08-25 11:40:00,11.67540250472309,0.06829756894914821,18.893973710483834,5.0,76.0
55,l4_cp1_111,4,cp1,cp1_l4,cp2,cp2_l4,2025-08-25 11:47:00,11:47,2025-08-25 11:47:00,11.795082645548446,0.07763789710761336,17.93887061912637,7.0,80.0
56,l4_cp1_113,4,cp1,cp1_l4,cp2,cp2_l4,2025-08-25 11:53:00,11:53,2025-08-25 11:53:00,11.895287499444024,0.08337047702698425,17.352680850463614,6.0,83.0
57,l4_cp1_115,4,cp1,cp1_l4,cp2,cp2_l4,2025-08-25 12:01:00,12:01,2025-08-25 12:01:00,12.032495160916866,0.08734411440238345,16.94635322719508,8.0,85.0
58,l4_cp1_117,4,cp1,cp1_l4,cp2,cp2_l4,2025-08-25 12:06:00,12:06,2025-08-25 12:06:00,12.111745343802259,0.0875433210423341,16.925983185114344,5.0,85.0
59,l4_cp1_119,4,cp1,cp1_l4,cp2,cp2_l4,2025-08-25 12:10:00,12:10,2025-08-25 12:10:00,12.177448816308223,0.08665768281953108,17.016544864540656,4.0,85.0
60,l4_cp1_121,4,cp1,cp1_l4,cp2,cp2_l4,2025-08-25 12:15:00,12:15,2025-08-25 12:15:00,12.266536881005536,0.08420384183910022,17.26746443249878,5.0,83.0
61,l4_cp1_123,4,cp1,cp1_l4,cp2,cp2_l4,2025-08-25 12:23:00,12:23,2025-08-25 12:23:00,12.391960982200338,0.07909411341328138,17.789963999184096,8.0,81.0
62,l4_cp1_125,4,cp1,cp1_l4,cp2,cp2_l4,2025-08-25 12:33:00,12:33,2025-08-25 12:33:00,12.561323276901495,0.07108832021900062,18.608603098250033,10.0,77.0
63,l4_cp1_127,4,cp1,cp1_l4,cp2,cp2_l4,2025-08-25 12:37:00,12:37,2025-08-25 12:37:00,12.617389337674242,0.06849865247206734,18.87341174616066,4.0,76.0
64,l4_cp1_129,4,cp1,cp1_l4,cp2,cp2_l4,2025-08-25 12:43:00,12:43,2025-08-25 12:43:00,12.726343121370967,0.06375981230761994,19.35798582254476,6.0,74.0
65,l4_cp1_131,4,cp1,cp1_l4,cp2,cp2_l4,2025-08-25 12:47:00,12:47,2025-08-25 12:47:00,12.783444503106258,0.061426320437020676,19.59659899131731,4.0,73.0
66,l4_cp1_133,4,cp1,cp1_l4,cp2,cp2_l4,2025-08-25 12:56:00,12:56,2025-08-25 12:56:00,12.937315220973867,0.05537404108925067,20.215479893223865,9.0,71.0
67,l4_cp1_135,4,cp1,cp1_l4,cp2,cp2_l4,2025-08-25 13:01:00,13:01,2025-08-25 13:01:00,13.024793577130357,0.05184924376277251,20.575911000762275,5.0,70.0
68,l4_cp1_137,4,cp1,cp1_l4,cp2,cp2_l4,2025-08-25 13:06:00,13:06,2025-08-25 13:06:00,13.111953880131727,0.04811603518945234,20.95765337518076,5.0,69.0
69,l4_cp1_139,4,cp1,cp1_l4,cp2,cp2_l4,2025-08-25 13:10:00,13:10,2025-08-25 13:10:00,13.17865413971715,0.04507233663530452,21.26888932416529,4.0,68.0
70,l4_cp1_141,4,cp1,cp1_l4,cp2,cp2_l4,2025-08-25 13:16:00,13:16,2025-08-25 13:16:00,13.27372265426701,0.04047033488501269,21.73947087371745,6.0,66.0
71,l4_cp1_143,4,cp1,cp1_l4,cp2,cp2_l4,2025-08-25 13:28:00,13:28,2025-08-25 13:28:00,13.482930974605528,0.02990199397330326,22.820145439326286,12.0,63.0
72,l4_cp1_145,4,cp1,cp1_l4,cp2,cp2_l4,2025-08-25 13:39:00,13:39,2025-08-25 13:39:00,13.660821536848152,0.021807750276891608,23.647829118687916,11.0,61.0
73,l4_cp1_147,4,cp1,cp1_l4,cp2,cp2_l4,2025-08-25 14:00:00,14:00,2025-08-25 14:00:00,14.012425021234307,0.012410351683746847,24.608767995219395,21.0,59.0
74,l4_cp1_149,4,cp1,cp1_l4,cp2,cp2_l4,2025-08-25 14:25:00,14:25,2025-08-25 14:25:00,14.425507436703107,0.011956510395058772,24.655175916917393,25.0,58.0
75,l4_cp1_151,4,cp1,cp1_l4,cp2,cp2_l4,2025-08-25 15:01:00,15:01,2025-08-25 15:01:00,15.019432439553677,0.019756183392387446,23.857613811503086,36.0,60.0
76,l4_cp1_153,4,cp1,cp1_l4,cp2,cp2_l4,2025-08-25 15:07:00,15:07,2025-08-25 15:07:00,15.117844356324213,0.021488935917548215,23.680429748452948,6.0,61.0
77,l4_cp1_155,4,cp1,cp1_l4,cp2,cp2_l4,2025-08-25 15:20:00,15:20,2025-08-25 15:20:00,15.334036221312576,0.025643236167873704,23.25562829135243,13.0,62.0
78,l4_cp1_157,4,cp1,cp1_l4,cp2,cp2_l4,2025-08-25 15:27:00,15:27,2025-08-25 15:27:00,15.465775456037735,0.028399093250622946,22.973825813493267,7.0,63.0
79,l4_cp1_159,4,cp1,cp1_l4,cp2,cp2_l4,2025-08-25 15:32:00,15:32,2025-08-25 15:32:00,15.54164029313612,0.030059556523497472,22.804033748578433,5.0,63.0
80,l4_cp1_161,4,cp1,cp1_l4,cp2,cp2_l4,2025-08-25 15:39:00,15:39,2025-08-25 15:39:00,15.66265973020352,0.03281387491203178,22.522388611187015,7.0,64.0
81,l4_cp1_163,4,cp1,cp1_l4,cp2,cp2_l4,2025-08-25 15:48:00,15:48,2025-08-25 15:48:00,15.811847060923593,0.036375368958237835,22.158205049788293,9.0,65.0
82,l4_cp1_165,4,cp1,cp1_l4,cp2,cp2_l4,2025-08-25 15:55:00,15:55,2025-08-25 15:55:00,15.930405125783105,0.03932301816165542,21.85679070773758,7.0,66.0
83,l4_cp1_167,4,cp1,cp1_l4,cp2,cp2_l4,2025-08-25 16:04:00,16:04,2025-08-25 16:04:00,16.0686902903883,0.042873491264989794,21.493734102097566,9.0,67.0
84,l4_cp1_169,4,cp1,cp1_l4,cp2,cp2_l4,2025-08-25 16:09:00,16:09,2025-08-25 16:09:00,16.157327945564084,0.04520229971197373,21.255599840735677,5.0,68.0
85,l4_cp1_171,4,cp1,cp1_l4,cp2,cp2_l4,2025-08-25 16:14:00,16:14,2025-08-25 16:14:00,16.239283708168415,0.04738506981087254,21.032398853167432,5.0,68.0
86,l4_cp1_173,4,cp1,cp1_l4,cp2,cp2_l4,2025-08-25 16:20:00,16:20,2025-08-25 16:20:00,16.34781082949016,0.05030840446027805,20.733470816234476,6.0,69.0
87,l4_cp1_175,4,cp1,cp1_l4,cp2,cp2_l4,2025-08-25 16:25:00,16:25,2025-08-25 16:25:00,16.417566979675847,0.05220070505689351,20.539972031294358,5.0,70.0
88,l4_cp1_177,4,cp1,cp1_l4,cp2,cp2_l4,2025-08-25 16:31:00,16:31,2025-08-25 16:31:00,16.519744895561935,0.05498088676155995,20.255682218815355,6.0,71.0
89,l4_cp1_179,4,cp1,cp1_l4,cp2,cp2_l4,2025-08-25 16:38:00,16:38,2025-08-25 16:38:00,16.635981631519336,0.05813926919800612,19.93271917323917,7.0,72.0
90,l4_cp1_181,4,cp1,cp1_l4,cp2,cp2_l4,2025-08-25 16:45:00,16:45,2025-08-25 16:45:00,16.765344109927547,0.061622865560948877,19.576501104790175,7.0,74.0
91,l4_cp1_183,4,cp1,cp1_l4,cp2,cp2_l4,2025-08-25 16:51:00,16:51,2025-08-25 16:51:00,16.853908757240262,0.06397291735960577,19.33619458668212,6.0,74.0
92,l4_cp1_185,4,cp1,cp1_l4,cp2,cp2_l4,2025-08-25 16:55:00,16:55,2025-08-25 16:55:00,16.92696473994793,0.0658814478474985,19.14103620059434,4.0,75.0
93,l4_cp1_187,4,cp1,cp1_l4,cp2,cp2_l4,2025-08-25 17:00:00,17:00,2025-08-25 17:00:00,17.00816170638328,0.06796305068120924,18.92818015659617,5.0,76.0
94,l4_cp1_189,4,cp1,cp1_l4,cp2,cp2_l4,2025-08-25 17:04:00,17:04,2025-08-25 17:04:00,17.080703752991706,0.06978099128467725,18.74228511513524,4.0,77.0
95,l4_cp1_191,4,cp1,cp1_l4,cp2,cp2_l4,2025-08-25 17:08:00,17:08,2025-08-25 17:08:00,17.1369844113415,0.07116032527055935,18.601240161298534,4.0,77.0
96,l4_cp1_193,4,cp1,cp1_l4,cp2,cp2_l4,2025-08-25 17:13:00,17:13,2025-08-25 17:13:00,17.22964975101991,0.0733643520442481,18.375865554617622,5.0,78.0
97,l4_cp1_195,4,cp1,cp1_l4,cp2,cp2_l4,2025-08-25 17:19:00,17:19,2025-08-25 17:19:00,17.320266317672868,0.07542889500968551,18.164753981761102,6.0,79.0
98,l4_cp1_197,4,cp1,cp1_l4,cp2,cp2_l4,2025-08-25 17:24:00,17:24,2025-08-25 17:24:00,17.41036898825464,0.07738166774765734,17.965071567277075,5.0,80.0
99,l4_cp1_199,4,cp1,cp1_l4,cp2,cp2_l4,2025-08-25 17:31:00,17:31,2025-08-25 17:31:00,17.52242315913854,0.07965500002161004,17.732610068526938,7.0,81.0
100,l4_cp1_201,4,cp1,cp1_l4,cp2,cp2_l4,2025-08-25 17:36:00,17:36,2025-08-25 17:36:00,17.60534603746655,0.08121590928226328,17.572997982646715,5.0,82.0
101,l4_cp1_203,4,cp1,cp1_l4,cp2,cp2_l4,2025-08-25 17:44:00,17:44,2025-08-25 17:44:00,17.74906335262216,0.0836526944611427,17.32382246998419,8.0,83.0
102,l4_cp1_205,4,cp1,cp1_l4,cp2,cp2_l4,2025-08-25 17:48:00,17:48,2025-08-25 17:48:00,17.810459148518245,0.08458259781240664,17.2287344227135,4.0,84.0
103,l4_cp1_207,4,cp1,cp1_l4,cp2,cp2_l4,2025-08-25 17:54:00,17:54,2025-08-25 17:54:00,17.902449083238636,0.08584372411670105,17.099776894520858,6.0,84.0
104,l4_cp1_209,4,cp1,cp1_l4,cp2,cp2_l4,2025-08-25 17:59:00,17:59,2025-08-25 17:59:00,17.996742431506615,0.08696479194842979,16.985141162934156,5.0,85.0
105,l4_cp1_211,4,cp1,cp1_l4,cp2,cp2_l4,2025-08-25 18:04:00,18:04,2025-08-25 18:04:00,18.072020971149602,0.08773019271997555,16.90687446495222,5.0,85.0
106,l4_cp1_213,4,cp1,cp1_l4,cp2,cp2_l4,2025-08-25 18:14:00,18:14,2025-08-25 18:14:00,18.245930694395987,0.08904064648036207,16.772872916356537,10.0,86.0
107,l4_cp1_215,4,cp1,cp1_l4,cp2,cp2_l4,2025-08-25 18:18:00,18:18,2025-08-25 18:18:00,18.31510897633829,0.0893792705881459,16.73824662414652,4.0,86.0
108,l4_cp1_217,4,cp1,cp1_l4,cp2,cp2_l4,2025-08-25 18:24:00,18:24,2025-08-25 18:24:00,18.41084915862173,0.08967288024439952,16.70822332243992,6.0,86.0
109,l4_cp1_219,4,cp1,cp1_l4,cp2,cp2_l4,2025-08-25 18:29:00,18:29,2025-08-25 18:29:00,18.485705003841016,0.08975972029603546,16.69934342011058,5.0,86.0
110,l4_cp1_221,4,cp1,cp1_l4,cp2,cp2_l4,2025-08-25 18:33:00,18:33,2025-08-25 18:33:00,18.55844552158941,0.08972369424998476,16.703027293671408,4.0,86.0
111,l4_cp1_223,4,cp1,cp1_l4,cp2,cp2_l4,2025-08-25 18:37:00,18:37,2025-08-25 18:37:00,18.633276353755555,0.0895629334928506,16.71946601975285,4.0,86.0
112,l4_cp1_225,4,cp1,cp1_l4,cp2,cp2_l4,2025-08-25 18:41:00,18:41,2025-08-25 18:41:00,18.687496210114432,0.08936843246453086,16.739354885568773,4.0,86.0
113,l4_cp1_227,4,cp1,cp1_l4,cp2,cp2_l4,2025-08-25 18:45:00,18:45,2025-08-25 18:45:00,18.751876580317724,0.08905299505127072,16.771610202879174,4.0,86.0
114,l4_cp1_229,4,cp1,cp1_l4,cp2,cp2_l4,2025-08-25 18:49:00,18:49,2025-08-25 18:49:00,18.83016771687384,0.08854718102136937,16.82333264082938,4.0,86.0
115,l4_cp1_231,4,cp1,cp1_l4,cp2,cp2_l4,2025-08-25 18:56:00,18:56,2025-08-25 18:56:00,18.935140182313095,0.08766243713321795,16.913802869315646,7.0,85.0
116,l4_cp1_233,4,cp1,cp1_l4,cp2,cp2_l4,2025-08-25 19:02:00,19:02,2025-08-25 19:02:00,19.041934331329713,0.0865264602985797,17.02996313350188,6.0,85.0
117,l4_cp1_235,4,cp1,cp1_l4,cp2,cp2_l4,2025-08-25 19:07:00,19:07,2025-08-25 19:07:00,19.119106945800365,0.08556276435934923,17.12850667020337,5.0,84.0
118,l4_cp1_237,4,cp1,cp1_l4,cp2,cp2_l4,2025-08-25 19:12:00,19:12,2025-08-25 19:12:00,19.206914579026456,0.08432647235240588,17.254924746487124,5.0,83.0
119,l4_cp1_239,4,cp1,cp1_l4,cp2,cp2_l4,2025-08-25 19:23:00,19:23,2025-08-25 19:23:00,19.393196148550008,0.08124237324309555,17.570291888131443,11.0,82.0
120,l4_cp1_241,4,cp1,cp1_l4,cp2,cp2_l4,2025-08-25 19:30:00,19:30,2025-08-25 19:30:00,19.510697427300347,0.07900200309715967,17.7993828168296,7.0,81.0
121,l4_cp1_243,4,cp1,cp1_l4,cp2,cp2_l4,2025-08-25 19:36:00,19:36,2025-08-25 19:36:00,19.612117880313416,0.07690424653709592,18.013890673667206,6.0,80.0
122,l4_cp1_245,4,cp1,cp1_l4,cp2,cp2_l4,2025-08-25 19:40:00,19:40,2025-08-25 19:40:00,19.68023870600031,0.07541765837936425,18.165902992820907,4.0,79.0
123,l4_cp1_247,4,cp1,cp1_l4,cp2,cp2_l4,2025-08-25 19:45:00,19:45,2025-08-25 19:45:00,19.751590551529258,0.07379950360874861,18.331368766345058,5.0,79.0
124,l4_cp1_249,4,cp1,cp1_l4,cp2,cp2_l4,2025-08-25 19:54:00,19:54,2025-08-25 19:54:00,19.9002287899304,0.07025150882934543,18.694171948892443,9.0,77.0
125,l4_cp1_251,4,cp1,cp1_l4,cp2,cp2_l4,2025-08-25 20:00:00,20:00,2025-08-25 20:00:00,20.01618817715128,0.0673436453273514,18.99151797066824,6.0,76.0
126,l4_cp1_253,4,cp1,cp1_l4,cp2,cp2_l4,2025-08-25 20:06:00,20:06,2025-08-25 20:06:00,20.110670133437374,0.06490207426611244,19.24118286774627,6.0,75.0
127,l4_cp1_255,4,cp1,cp1_l4,cp2,cp2_l4,2025-08-25 20:13:00,20:13,2025-08-25 20:13:00,20.221292422662927,0.061979638415966494,19.540018997206946,7.0,74.0
128,l4_cp1_257,4,cp1,cp1_l4,cp2,cp2_l4,2025-08-25 20:20:00,20:20,2025-08-25 20:20:00,20.348854462506864,0.05854987856827948,19.890731967625523,7.0,72.0
129,l4_cp1_259,4,cp1,cp1_l4,cp2,cp2_l4,2025-08-25 20:26:00,20:26,2025-08-25 20:26:00,20.448861183230434,0.05583519358944877,20.168324357459607,6.0,71.0
130,l4_cp1_261,4,cp1,cp1_l4,cp2,cp2_l4,2025-08-25 20:31:00,20:31,2025-08-25 20:31:00,20.520067753517882,0.053897152806863934,20.366500343487036,5.0,71.0
131,l4_cp1_263,4,cp1,cp1_l4,cp2,cp2_l4,2025-08-25 20:40:00,20:40,2025-08-25 20:40:00,20.673819278324668,0.049723397011561955,20.793291243660196,9.0,69.0
132,l4_cp1_265,4,cp1,cp1_l4,cp2,cp2_l4,2025-08-25 20:47:00,20:47,2025-08-25 20:47:00,20.794552725409535,0.04648084734953689,21.124860879495042,7.0,68.0
133,l4_cp1_267,4,cp1,cp1_l4,cp2,cp2_l4,2025-08-25 20:59:00,20:59,2025-08-25 20:59:00,20.997053620357708,0.041171747100438624,21.667747379220952,12.0,66.0
134,l4_cp1_269,4,cp1,cp1_l4,cp2,cp2_l4,2025-08-25 21:04:00,21:04,2025-08-25 21:04:00,21.068835916011764,0.03934217597976442,21.85483170897553,5.0,66.0
135,l4_cp1_271,4,cp1,cp1_l4,cp2,cp2_l4,2025-08-25 21:10:00,21:10,2025-08-25 21:10:00,21.181231613400172,0.036544712044088185,22.14088873048434,6.0,65.0
136,l4_cp1_273,4,cp1,cp1_l4,cp2,cp2_l4,2025-08-25 21:20:00,21:20,2025-08-25 21:20:00,21.349443322412785,0.03253270734250311,22.551139636878005,10.0,64.0
137,l4_cp1_275,4,cp1,cp1_l4,cp2,cp2_l4,2025-08-25 21:25:00,21:25,2025-08-25 21:25:00,21.43127515472101,0.030664790737731547,22.742145016276627,5.0,63.0
138,l4_cp1_277,4,cp1,cp1_l4,cp2,cp2_l4,2025-08-25 21:32:00,21:32,2025-08-25 21:32:00,21.54785036066809,0.028106135322090567,23.003782472235002,7.0,63.0
139,l4_cp1_279,4,cp1,cp1_l4,cp2,cp2_l4,2025-08-25 21:48:00,21:48,2025-08-25 21:48:00,21.816429064162254,0.022699074478802293,23.55668601469803,16.0,61.0
140,l4_cp1_281,4,cp1,cp1_l4,cp2,cp2_l4,2025-08-25 21:56:00,21:56,2025-08-25 21:56:00,21.93366014921832,0.020561268095023833,23.775289199857003,8.0,61.0
141,l4_cp1_283,4,cp1,cp1_l4,cp2,cp2_l4,2025-08-25 22:11:00,22:11,2025-08-25 22:11:00,22.188009558186472,0.016395141752500713,24.201299943935986,15.0,60.0
142,l4_cp1_285,4,cp1,cp1_l4,cp2,cp2_l4,2025-08-25 22:26:00,22:26,2025-08-25 22:26:00,22.44661963816569,0.012809486739801194,24.567954105231905,15.0,59.0
143,l4_cp1_287,4,cp1,cp1_l4,cp2,cp2_l4,2025-08-25 22:36:00,22:36,2025-08-25 22:36:00,22.605492058919157,0.010916536375450757,24.761519332716855,10.0,58.0
144,l4_cp1_289,4,cp1,cp1_l4,cp2,cp2_l4,2025-08-25 22:43:00,22:43,2025-08-25 22:43:00,22.72132156110763,0.009676665837834072,24.8883033346566,7.0,58.0
145,l4_cp2_2,4,cp2,cp2_l4,cp1,cp1_l4,2025-08-25 05:52:00,05:52,2025-08-25 05:52:00,5.878105494631697,0.05929328535123061,19.814714283397883,0.0,73.0
146,l4_cp2_4,4,cp2,cp2_l4,cp1,cp1_l4,2025-08-25 05:57:00,05:57,2025-08-25 05:57:00,5.965698397904702,0.06305022989459269,19.430544767450883,5.0,74.0
147,l4_cp2_6,4,cp2,cp2_l4,cp1,cp1_l4,2025-08-25 06:02:00,06:02,2025-08-25 06:02:00,6.045330889713266,0.06647492852654266,19.080349335893306,5.0,75.0
148,l4_cp2_8,4,cp2,cp2_l4,cp1,cp1_l4,2025-08-25 06:08:00,06:08,2025-08-25 06:08:00,6.148006129044522,0.07087116890804322,18.63080808771818,6.0,77.0
149,l4_cp2_10,4,cp2,cp2_l4,cp1,cp1_l4,2025-08-25 06:14:00,06:14,2025-08-25 06:14:00,6.248174296775349,0.07510023378729042,18.198361510767928,6.0,79.0
150,l4_cp2_12,4,cp2,cp2_l4,cp1,cp1_l4,2025-08-25 06:20:00,06:20,2025-08-25 06:20:00,6.345214862287223,0.07910065871329006,17.78929470404092,6.0,81.0
151,l4_cp2_14,4,cp2,cp2_l4,cp1,cp1_l4,2025-08-25 06:25:00,06:25,2025-08-25 06:25:00,6.418206724900683,0.08202297837931527,17.490470455084974,5.0,82.0
152,l4_cp2_16,4,cp2,cp2_l4,cp1,cp1_l4,2025-08-25 06:29:00,06:29,2025-08-25 06:29:00,6.485817923817417,0.08464710075835453,17.222138619864683,4.0,84.0
153,l4_cp2_18,4,cp2,cp2_l4,cp1,cp1_l4,2025-08-25 06:33:00,06:33,2025-08-25 06:33:00,6.550019898555139,0.08705270762706048,16.976151271464136,4.0,85.0
154,l4_cp2_20,4,cp2,cp2_l4,cp1,cp1_l4,2025-08-25 06:41:00,06:41,2025-08-25 06:41:00,6.694556842796467,0.09210201130352225,16.45983048821408,8.0,87.0
155,l4_cp2_22,4,cp2,cp2_l4,cp1,cp1_l4,2025-08-25 06:49:00,06:49,2025-08-25 06:49:00,6.8254847385913715,0.09615450380734683,16.04543946763758,8.0,90.0
156,l4_cp2_24,4,cp2,cp2_l4,cp1,cp1_l4,2025-08-25 06:53:00,06:53,2025-08-25 06:53:00,6.8963968632069825,0.09811077811306435,15.845398997406283,4.0,91.0
157,l4_cp2_26,4,cp2,cp2_l4,cp1,cp1_l4,2025-08-25 06:59:00,06:59,2025-08-25 06:59:00,6.990255123816725,0.10041572082264895,15.609705147042908,6.0,92.0
158,l4_cp2_28,4,cp2,cp2_l4,cp1,cp1_l4,2025-08-25 07:04:00,07:04,2025-08-25 07:04:00,7.077229087823537,0.10224194712624837,15.422962844364246,5.0,93.0
159,l4_cp2_30,4,cp2,cp2_l4,cp1,cp1_l4,2025-08-25 07:10:00,07:10,2025-08-25 07:10:00,7.167634254952279,0.10380485875360732,15.263146004796763,6.0,94.0
160,l4_cp2_32,4,cp2,cp2_l4,cp1,cp1_l4,2025-08-25 07:19:00,07:19,2025-08-25 07:19:00,7.328367827743958,0.10569048970083948,15.070329230449438,9.0,96.0
161,l4_cp2_34,4,cp2,cp2_l4,cp1,cp1_l4,2025-08-25 07:25:00,07:25,2025-08-25 07:25:00,7.4276213688864425,0.10626085257846288,15.012006295925993,6.0,96.0
162,l4_cp2_36,4,cp2,cp2_l4,cp1,cp1_l4,2025-08-25 07:29:00,07:29,2025-08-25 07:29:00,7.483592123607998,0.10637826686068139,15.0,4.0,96.0
163,l4_cp2_38,4,cp2,cp2_l4,cp1,cp1_l4,2025-08-25 07:37:00,07:37,2025-08-25 07:37:00,7.629571456174352,0.10598847857865552,15.039858127768287,8.0,96.0
164,l4_cp2_40,4,cp2,cp2_l4,cp1,cp1_l4,2025-08-25 07:43:00,07:43,2025-08-25 07:43:00,7.732089789006845,0.10511880538276282,15.128787289974975,6.0,95.0
165,l4_cp2_42,4,cp2,cp2_l4,cp1,cp1_l4,2025-08-25 07:53:00,07:53,2025-08-25 07:53:00,7.893445078780039,0.10278729990336818,15.367197338648532,10.0,94.0
166,l4_cp2_44,4,cp2,cp2_l4,cp1,cp1_l4,2025-08-25 08:00:00,08:00,2025-08-25 08:00:00,8.014938180091534,0.1002971348857041,15.621831251505833,7.0,92.0
167,l4_cp2_46,4,cp2,cp2_l4,cp1,cp1_l4,2025-08-25 08:07:00,08:07,2025-08-25 08:07:00,8.129066114490481,0.09742896370146523,15.915118502032062,7.0,90.0
168,l4_cp2_48,4,cp2,cp2_l4,cp1,cp1_l4,2025-08-25 08:12:00,08:12,2025-08-25 08:12:00,8.216211149733963,0.09492355314430005,16.171311360320384,5.0,89.0
169,l4_cp2_50,4,cp2,cp2_l4,cp1,cp1_l4,2025-08-25 08:16:00,08:16,2025-08-25 08:16:00,8.27615782687493,0.09305508410258832,16.362373229621756,4.0,88.0
170,l4_cp2_52,4,cp2,cp2_l4,cp1,cp1_l4,2025-08-25 08:22:00,08:22,2025-08-25 08:22:00,8.376478308667584,0.08968911089877693,16.706563643260814,6.0,86.0
171,l4_cp2_54,4,cp2,cp2_l4,cp1,cp1_l4,2025-08-25 08:27:00,08:27,2025-08-25 08:27:00,8.461581176112757,0.08662506625934183,17.019880098264537,5.0,85.0
172,l4_cp2_56,4,cp2,cp2_l4,cp1,cp1_l4,2025-08-25 08:31:00,08:31,2025-08-25 08:31:00,8.517117838365731,0.08453534828033762,17.233565963252406,4.0,84.0
173,l4_cp2_58,4,cp2,cp2_l4,cp1,cp1_l4,2025-08-25 08:36:00,08:36,2025-08-25 08:36:00,8.609398341585598,0.08092825885897291,17.602411917987514,5.0,82.0
174,l4_cp2_60,4,cp2,cp2_l4,cp1,cp1_l4,2025-08-25 08:41:00,08:41,2025-08-25 08:41:00,8.687675990813744,0.07775841734967873,17.926546720670675,5.0,80.0
175,l4_cp2_62,4,cp2,cp2_l4,cp1,cp1_l4,2025-08-25 08:47:00,08:47,2025-08-25 08:47:00,8.797449321189792,0.07318475545701827,18.394230354306696,6.0,78.0
176,l4_cp2_64,4,cp2,cp2_l4,cp1,cp1_l4,2025-08-25 08:56:00,08:56,2025-08-25 08:56:00,8.9352607126384,0.06730964066808623,18.994995145627588,9.0,76.0
177,l4_cp2_66,4,cp2,cp2_l4,cp1,cp1_l4,2025-08-25 09:01:00,09:01,2025-08-25 09:01:00,9.022097863471037,0.06357620499346814,19.376760742479803,5.0,74.0
178,l4_cp2_68,4,cp2,cp2_l4,cp1,cp1_l4,2025-08-25 09:07:00,09:07,2025-08-25 09:07:00,9.122441934641536,0.059271403949383836,19.816951784499828,6.0,73.0
179,l4_cp2_70,4,cp2,cp2_l4,cp1,cp1_l4,2025-08-25 09:14:00,09:14,2025-08-25 09:14:00,9.247859488663444,0.05395805900168323,20.360272329442154,7.0,71.0
180,l4_cp2_72,4,cp2,cp2_l4,cp1,cp1_l4,2025-08-25 09:19:00,09:19,2025-08-25 09:19:00,9.332327305201263,0.0504517069119206,20.718817303826683,5.0,70.0
181,l4_cp2_74,4,cp2,cp2_l4,cp1,cp1_l4,2025-08-25 09:29:00,09:29,2025-08-25 09:29:00,9.496117265048987,0.04389093173295069,21.389694873524967,10.0,67.0
182,l4_cp2_76,4,cp2,cp2_l4,cp1,cp1_l4,2025-08-25 09:33:00,09:33,2025-08-25 09:33:00,9.564810993043292,0.04125380247100582,21.659356738468123,4.0,66.0
183,l4_cp2_78,4,cp2,cp2_l4,cp1,cp1_l4,2025-08-25 09:40:00,09:40,2025-08-25 09:40:00,9.668149239186889,0.03743488345783998,22.049863505814706,7.0,65.0
184,l4_cp2_80,4,cp2,cp2_l4,cp1,cp1_l4,2025-08-25 09:45:00,09:45,2025-08-25 09:45:00,9.756696235872118,0.03431693158970898,22.368692289710992,5.0,64.0
185,l4_cp2_82,4,cp2,cp2_l4,cp1,cp1_l4,2025-08-25 09:51:00,09:51,2025-08-25 09:51:00,9.855164210339169,0.031029938014378186,22.7048065751845,6.0,63.0
186,l4_cp2_84,4,cp2,cp2_l4,cp1,cp1_l4,2025-08-25 10:04:00,10:04,2025-08-25 10:04:00,10.06699054726365,0.024657570042406485,23.356418407878138,13.0,62.0
187,l4_cp2_86,4,cp2,cp2_l4,cp1,cp1_l4,2025-08-25 10:12:00,10:12,2025-08-25 10:12:00,10.209330083309565,0.020966099832619267,23.733892790919636,8.0,61.0
188,l4_cp2_88,4,cp2,cp2_l4,cp1,cp1_l4,2025-08-25 10:16:00,10:16,2025-08-25 10:16:00,10.28027868616741,0.019327125364460657,23.901487500081494,4.0,60.0
189,l4_cp2_90,4,cp2,cp2_l4,cp1,cp1_l4,2025-08-25 10:20:00,10:20,2025-08-25 10:20:00,10.34926328672344,0.017878969475717828,24.04956989532927,4.0,60.0
190,l4_cp2_92,4,cp2,cp2_l4,cp1,cp1_l4,2025-08-25 10:37:00,10:37,2025-08-25 10:37:00,10.617272507719395,0.014057241265929464,24.440363919433103,17.0,59.0
191,l4_cp2_94,4,cp2,cp2_l4,cp1,cp1_l4,2025-08-25 10:41:00,10:41,2025-08-25 10:41:00,10.687928642934988,0.013713974440199264,24.47546495666146,4.0,59.0
192,l4_cp2_96,4,cp2,cp2_l4,cp1,cp1_l4,2025-08-25 10:58:00,10:58,2025-08-25 10:58:00,10.977732046850234,0.017193615449411108,24.119651346226327,17.0,60.0
193,l4_cp2_98,4,cp2,cp2_l4,cp1,cp1_l4,2025-08-25 11:04:00,11:04,2025-08-25 11:04:00,11.072106903637996,0.020616967305666596,23.76959363034718,6.0,61.0
194,l4_cp2_100,4,cp2,cp2_l4,cp1,cp1_l4,2025-08-25 11:12:00,11:12,2025-08-25 11:12:00,11.210202991063932,0.02809150718149734,23.005278285022772,8.0,63.0
195,l4_cp2_102,4,cp2,cp2_l4,cp1,cp1_l4,2025-08-25 11:21:00,11:21,2025-08-25 11:21:00,11.356849869755562,0.03912078358309985,21.877470374220465,9.0,66.0
196,l4_cp2_104,4,cp2,cp2_l4,cp1,cp1_l4,2025-08-25 11:27:00,11:27,2025-08-25 11:27:00,11.458354607417958,0.04817018824936467,20.952115908610935,6.0,69.0
197,l4_cp2_106,4,cp2,cp2_l4,cp1,cp1_l4,2025-08-25 11:33:00,11:33,2025-08-25 11:33:00,11.55807654915471,0.057569071266953806,19.991025241012622,6.0,72.0
198,l4_cp2_108,4,cp2,cp2_l4,cp1,cp1_l4,2025-08-25 11:38:00,11:38,2025-08-25 11:38:00,11.641306243194684,0.06528431833072065,19.202096180258803,5.0,75.0
199,l4_cp2_110,4,cp2,cp2_l4,cp1,cp1_l4,2025-08-25 11:44:00,11:44,2025-08-25 11:44:00,11.738252657258386,0.07348442428101254,18.3635874673198,6.0,78.0
200,l4_cp2_112,4,cp2,cp2_l4,cp1,cp1_l4,2025-08-25 11:49:00,11:49,2025-08-25 11:49:00,11.81812896825759,0.07914854175214053,17.78439838373463,5.0,81.0
201,l4_cp2_114,4,cp2,cp2_l4,cp1,cp1_l4,2025-08-25 11:58:00,11:58,2025-08-25 11:58:00,11.972238134314804,0.08617519436378625,17.065882126337883,9.0,84.0
202,l4_cp2_116,4,cp2,cp2_l4,cp1,cp1_l4,2025-08-25 12:04:00,12:04,2025-08-25 12:04:00,12.083276876269952,0.08764020721293853,16.916076008462287,6.0,85.0
203,l4_cp2_118,4,cp2,cp2_l4,cp1,cp1_l4,2025-08-25 12:08:00,12:08,2025-08-25 12:08:00,12.146653426132318,0.08718249155435284,16.962880107104336,4.0,85.0
204,l4_cp2_120,4,cp2,cp2_l4,cp1,cp1_l4,2025-08-25 12:13:00,12:13,2025-08-25 12:13:00,12.223853013683337,0.08553761073580919,17.131078775079594,5.0,84.0
205,l4_cp2_122,4,cp2,cp2_l4,cp1,cp1_l4,2025-08-25 12:20:00,12:20,2025-08-25 12:20:00,12.336661364816834,0.08151779606592181,17.542128296333722,7.0,82.0
206,l4_cp2_124,4,cp2,cp2_l4,cp1,cp1_l4,2025-08-25 12:31:00,12:31,2025-08-25 12:31:00,12.523287595127904,0.0728880492329592,18.424570298151924,11.0,78.0
207,l4_cp2_126,4,cp2,cp2_l4,cp1,cp1_l4,2025-08-25 12:35:00,12:35,2025-08-25 12:35:00,12.583959550995841,0.07003206323049703,18.716611542693542,4.0,77.0
208,l4_cp2_128,4,cp2,cp2_l4,cp1,cp1_l4,2025-08-25 12:40:00,12:40,2025-08-25 12:40:00,12.6679993262061,0.0662468309842245,19.10367364143194,5.0,75.0
209,l4_cp2_130,4,cp2,cp2_l4,cp1,cp1_l4,2025-08-25 12:45:00,12:45,2025-08-25 12:45:00,12.753961250384533,0.06262023712820065,19.474514038495197,5.0,74.0
210,l4_cp2_132,4,cp2,cp2_l4,cp1,cp1_l4,2025-08-25 12:50:00,12:50,2025-08-25 12:50:00,12.847339466673231,0.058896745035771206,19.855262846009136,5.0,73.0
211,l4_cp2_134,4,cp2,cp2_l4,cp1,cp1_l4,2025-08-25 12:58:00,12:58,2025-08-25 12:58:00,12.974561925418445,0.05389378069477823,20.366845161637194,8.0,71.0
212,l4_cp2_136,4,cp2,cp2_l4,cp1,cp1_l4,2025-08-25 13:03:00,13:03,2025-08-25 13:03:00,13.060188338673818,0.05036475664749619,20.727708476057167,5.0,69.0
213,l4_cp2_138,4,cp2,cp2_l4,cp1,cp1_l4,2025-08-25 13:08:00,13:08,2025-08-25 13:08:00,13.139487496641129,0.04687969964313989,21.084075903619226,5.0,68.0
214,l4_cp2_140,4,cp2,cp2_l4,cp1,cp1_l4,2025-08-25 13:12:00,13:12,2025-08-25 13:12:00,13.201244788691673,0.044004741415924746,21.37805716891858,4.0,67.0
215,l4_cp2_142,4,cp2,cp2_l4,cp1,cp1_l4,2025-08-25 13:19:00,13:19,2025-08-25 13:19:00,13.320739401371664,0.03810888071905602,21.980943350459086,7.0,66.0
216,l4_cp2_144,4,cp2,cp2_l4,cp1,cp1_l4,2025-08-25 13:31:00,13:31,2025-08-25 13:31:00,13.528592352098272,0.027680290694278138,23.04732757188902,12.0,62.0
217,l4_cp2_146,4,cp2,cp2_l4,cp1,cp1_l4,2025-08-25 13:49:00,13:49,2025-08-25 13:49:00,13.822864281007432,0.016245388455821783,24.21661309291453,18.0,59.0
218,l4_cp2_148,4,cp2,cp2_l4,cp1,cp1_l4,2025-08-25 14:02:00,14:02,2025-08-25 14:02:00,14.037353745724728,0.012111211534424463,24.639356822134218,13.0,58.0
219,l4_cp2_150,4,cp2,cp2_l4,cp1,cp1_l4,2025-08-25 14:45:00,14:45,2025-08-25 14:45:00,14.765416602602325,0.01578093662269663,24.264106004735023,43.0,59.0
220,l4_cp2_152,4,cp2,cp2_l4,cp1,cp1_l4,2025-08-25 15:03:00,15:03,2025-08-25 15:03:00,15.065264879726815,0.02055049201459142,23.776391117001573,18.0,61.0
221,l4_cp2_154,4,cp2,cp2_l4,cp1,cp1_l4,2025-08-25 15:14:00,15:14,2025-08-25 15:14:00,15.240721455073,0.023792732729150213,23.444853072849064,11.0,61.0
222,l4_cp2_156,4,cp2,cp2_l4,cp1,cp1_l4,2025-08-25 15:25:00,15:25,2025-08-25 15:25:00,15.421231287168474,0.02744886833852683,23.07099185901442,11.0,62.0
223,l4_cp2_158,4,cp2,cp2_l4,cp1,cp1_l4,2025-08-25 15:29:00,15:29,2025-08-25 15:29:00,15.490164621203382,0.028927174533855658,22.919826418873875,4.0,63.0
224,l4_cp2_160,4,cp2,cp2_l4,cp1,cp1_l4,2025-08-25 15:37:00,15:37,2025-08-25 15:37:00,15.63188685717101,0.03210158209935669,22.595224710282864,8.0,64.0
225,l4_cp2_162,4,cp2,cp2_l4,cp1,cp1_l4,2025-08-25 15:44:00,15:44,2025-08-25 15:44:00,15.744124340074611,0.034737045559684876,22.325733183281443,7.0,64.0
226,l4_cp2_164,4,cp2,cp2_l4,cp1,cp1_l4,2025-08-25 15:53:00,15:53,2025-08-25 15:53:00,15.886860312953802,0.0382292146277816,21.968638505675365,9.0,66.0
227,l4_cp2_166,4,cp2,cp2_l4,cp1,cp1_l4,2025-08-25 15:57:00,15:57,2025-08-25 15:57:00,15.958526788161807,0.04003589648444159,21.783894736814148,4.0,66.0
228,l4_cp2_168,4,cp2,cp2_l4,cp1,cp1_l4,2025-08-25 16:07:00,16:07,2025-08-25 16:07:00,16.118407440838507,0.044175226516185016,21.360624071973113,10.0,67.0
229,l4_cp2_170,4,cp2,cp2_l4,cp1,cp1_l4,2025-08-25 16:11:00,16:11,2025-08-25 16:11:00,16.194684607846664,0.046194100934346366,21.154182374729228,4.0,68.0
230,l4_cp2_172,4,cp2,cp2_l4,cp1,cp1_l4,2025-08-25 16:16:00,16:16,2025-08-25 16:16:00,16.273302608428946,0.04829795848308011,20.939050656177113,5.0,69.0
231,l4_cp2_174,4,cp2,cp2_l4,cp1,cp1_l4,2025-08-25 16:22:00,16:22,2025-08-25 16:22:00,16.366705453083952,0.05082019018685365,20.681137737431246,6.0,70.0
232,l4_cp2_176,4,cp2,cp2_l4,cp1,cp1_l4,2025-08-25 16:28:00,16:28,2025-08-25 16:28:00,16.48077482059185,0.05392008865649509,20.364155018942334,6.0,71.0
233,l4_cp2_178,4,cp2,cp2_l4,cp1,cp1_l4,2025-08-25 16:33:00,16:33,2025-08-25 16:33:00,16.556305752631058,0.05597574523972619,20.153952130553026,5.0,71.0
234,l4_cp2_180,4,cp2,cp2_l4,cp1,cp1_l4,2025-08-25 16:40:00,16:40,2025-08-25 16:40:00,16.68180873555382,0.05937863299854471,19.805986988124438,7.0,73.0
235,l4_cp2_182,4,cp2,cp2_l4,cp1,cp1_l4,2025-08-25 16:49:00,16:49,2025-08-25 16:49:00,16.816698089017223,0.06298985682473295,19.436718266355793,9.0,74.0
236,l4_cp2_184,4,cp2,cp2_l4,cp1,cp1_l4,2025-08-25 16:53:00,16:53,2025-08-25 16:53:00,16.89861749484856,0.06514454908372455,19.216388401861497,4.0,75.0
237,l4_cp2_186,4,cp2,cp2_l4,cp1,cp1_l4,2025-08-25 16:57:00,16:57,2025-08-25 16:57:00,16.95027891403284,0.06648374238172249,19.079448067738035,4.0,75.0
238,l4_cp2_188,4,cp2,cp2_l4,cp1,cp1_l4,2025-08-25 17:02:00,17:02,2025-08-25 17:02:00,17.04588360101562,0.0689137042453091,18.830970278904786,5.0,76.0
239,l4_cp2_190,4,cp2,cp2_l4,cp1,cp1_l4,2025-08-25 17:06:00,17:06,2025-08-25 17:06:00,17.1042159917688,0.07036072656363802,18.683003797850624,4.0,77.0
240,l4_cp2_192,4,cp2,cp2_l4,cp1,cp1_l4,2025-08-25 17:10:00,17:10,2025-08-25 17:10:00,17.168602702829446,0.07192216733312436,18.523337362088796,4.0,78.0
241,l4_cp2_194,4,cp2,cp2_l4,cp1,cp1_l4,2025-08-25 17:15:00,17:15,2025-08-25 17:15:00,17.266507640010577,0.07421556838123618,18.28882371400151,5.0,79.0
242,l4_cp2_196,4,cp2,cp2_l4,cp1,cp1_l4,2025-08-25 17:21:00,17:21,2025-08-25 17:21:00,17.36658011364545,0.07644578445963396,18.060771097997613,6.0,80.0
243,l4_cp2_198,4,cp2,cp2_l4,cp1,cp1_l4,2025-08-25 17:29:00,17:29,2025-08-25 17:29:00,17.488548069917197,0.07898693771828093,17.80092333978505,8.0,81.0
244,l4_cp2_200,4,cp2,cp2_l4,cp1,cp1_l4,2025-08-25 17:34:00,17:34,2025-08-25 17:34:00,17.568089618501457,0.08052798383726331,17.643342376119385,5.0,82.0
245,l4_cp2_202,4,cp2,cp2_l4,cp1,cp1_l4,2025-08-25 17:40:00,17:40,2025-08-25 17:40:00,17.68054042868057,0.0825350144188648,17.43811178031861,6.0,83.0
246,l4_cp2_204,4,cp2,cp2_l4,cp1,cp1_l4,2025-08-25 17:46:00,17:46,2025-08-25 17:46:00,17.78148363137039,0.08415233325466376,17.272731486010397,6.0,83.0
247,l4_cp2_206,4,cp2,cp2_l4,cp1,cp1_l4,2025-08-25 17:51:00,17:51,2025-08-25 17:51:00,17.85082764228758,0.08515590690675524,17.170110220327267,5.0,84.0
248,l4_cp2_208,4,cp2,cp2_l4,cp1,cp1_l4,2025-08-25 17:56:00,17:56,2025-08-25 17:56:00,17.936196910320795,0.08626531699965105,17.056666560604494,5.0,84.0
249,l4_cp2_210,4,cp2,cp2_l4,cp1,cp1_l4,2025-08-25 18:02:00,18:02,2025-08-25 18:02:00,18.04476672240088,0.08746661711605373,16.933826609442345,6.0,85.0
250,l4_cp2_212,4,cp2,cp2_l4,cp1,cp1_l4,2025-08-25 18:12:00,18:12,2025-08-25 18:12:00,18.207942127925392,0.08881003442805001,16.796454345223996,10.0,86.0
251,l4_cp2_214,4,cp2,cp2_l4,cp1,cp1_l4,2025-08-25 18:16:00,18:16,2025-08-25 18:16:00,18.275175229589856,0.08919666016900116,16.75691960574633,4.0,86.0
252,l4_cp2_216,4,cp2,cp2_l4,cp1,cp1_l4,2025-08-25 18:21:00,18:21,2025-08-25 18:21:00,18.35933101788217,0.08954026377409083,16.721784130862048,5.0,86.0
253,l4_cp2_218,4,cp2,cp2_l4,cp1,cp1_l4,2025-08-25 18:26:00,18:26,2025-08-25 18:26:00,18.434745827325347,0.08971424877074478,16.703993149074815,5.0,86.0
254,l4_cp2_220,4,cp2,cp2_l4,cp1,cp1_l4,2025-08-25 18:31:00,18:31,2025-08-25 18:31:00,18.52379838645713,0.08975565857786034,16.699758754509915,5.0,86.0
255,l4_cp2_222,4,cp2,cp2_l4,cp1,cp1_l4,2025-08-25 18:35:00,18:35,2025-08-25 18:35:00,18.593492718363876,0.08966399168262403,16.709132229780806,4.0,86.0
256,l4_cp2_224,4,cp2,cp2_l4,cp1,cp1_l4,2025-08-25 18:39:00,18:39,2025-08-25 18:39:00,18.66214106873597,0.08946751989645071,16.729222617094294,4.0,86.0
257,l4_cp2_226,4,cp2,cp2_l4,cp1,cp1_l4,2025-08-25 18:43:00,18:43,2025-08-25 18:43:00,18.72241608511442,0.08920867200397029,16.755691325484946,4.0,86.0
258,l4_cp2_228,4,cp2,cp2_l4,cp1,cp1_l4,2025-08-25 18:47:00,18:47,2025-08-25 18:47:00,18.797010716120756,0.08877765170312014,16.79976566792726,4.0,86.0
259,l4_cp2_230,4,cp2,cp2_l4,cp1,cp1_l4,2025-08-25 18:51:00,18:51,2025-08-25 18:51:00,18.858917787186293,0.08832817344266504,16.84572744451319,4.0,85.0
260,l4_cp2_232,4,cp2,cp2_l4,cp1,cp1_l4,2025-08-25 19:00:00,19:00,2025-08-25 19:00:00,19.016024663333784,0.08682344486736347,16.99959472728333,9.0,85.0
261,l4_cp2_234,4,cp2,cp2_l4,cp1,cp1_l4,2025-08-25 19:04:00,19:04,2025-08-25 19:04:00,19.076485547259157,0.08610951537574599,17.072598186357425,4.0,84.0
262,l4_cp2_236,4,cp2,cp2_l4,cp1,cp1_l4,2025-08-25 19:09:00,19:09,2025-08-25 19:09:00,19.161951172677114,0.08497774932915947,17.188327872879043,5.0,84.0
263,l4_cp2_238,4,cp2,cp2_l4,cp1,cp1_l4,2025-08-25 19:17:00,19:17,2025-08-25 19:17:00,19.298771377863257,0.08288112934938198,17.40271950774601,8.0,83.0
264,l4_cp2_240,4,cp2,cp2_l4,cp1,cp1_l4,2025-08-25 19:25:00,19:25,2025-08-25 19:25:00,19.42453572504873,0.08066591188427955,17.629238427965195,8.0,82.0
265,l4_cp2_242,4,cp2,cp2_l4,cp1,cp1_l4,2025-08-25 19:33:00,19:33,2025-08-25 19:33:00,19.56581884485332,0.07787972447975429,17.914142358321385,8.0,80.0
266,l4_cp2_244,4,cp2,cp2_l4,cp1,cp1_l4,2025-08-25 19:38:00,19:38,2025-08-25 19:38:00,19.645891116922307,0.07617463722868507,18.088497485561156,5.0,80.0
267,l4_cp2_246,4,cp2,cp2_l4,cp1,cp1_l4,2025-08-25 19:42:00,19:42,2025-08-25 19:42:00,19.71096976807789,0.07472807786881192,18.236416626410055,4.0,79.0
268,l4_cp2_248,4,cp2,cp2_l4,cp1,cp1_l4,2025-08-25 19:48:00,19:48,2025-08-25 19:48:00,19.805923883019524,0.07252869092468556,18.461316783426756,6.0,78.0
269,l4_cp2_250,4,cp2,cp2_l4,cp1,cp1_l4,2025-08-25 19:56:00,19:56,2025-08-25 19:56:00,19.945161007671942,0.06913772825209669,18.808062516159087,8.0,77.0
270,l4_cp2_252,4,cp2,cp2_l4,cp1,cp1_l4,2025-08-25 20:03:00,20:03,2025-08-25 20:03:00,20.0522847534407,0.06641768587323688,19.086202731427413,7.0,75.0
271,l4_cp2_254,4,cp2,cp2_l4,cp1,cp1_l4,2025-08-25 20:09:00,20:09,2025-08-25 20:09:00,20.153728388644975,0.06377170974420993,19.356769240185603,6.0,74.0
272,l4_cp2_256,4,cp2,cp2_l4,cp1,cp1_l4,2025-08-25 20:17:00,20:17,2025-08-25 20:17:00,20.29783851999538,0.059927407276463625,19.749871613974253,8.0,73.0
273,l4_cp2_258,4,cp2,cp2_l4,cp1,cp1_l4,2025-08-25 20:24:00,20:24,2025-08-25 20:24:00,20.402648972896912,0.05709135646111952,20.039874369233672,7.0,72.0
274,l4_cp2_260,4,cp2,cp2_l4,cp1,cp1_l4,2025-08-25 20:29:00,20:29,2025-08-25 20:29:00,20.49850210793136,0.0544841881874558,20.306472548186147,5.0,71.0
275,l4_cp2_262,4,cp2,cp2_l4,cp1,cp1_l4,2025-08-25 20:37:00,20:37,2025-08-25 20:37:00,20.6199232052895,0.051182750421974454,20.64406383644059,8.0,70.0
276,l4_cp2_264,4,cp2,cp2_l4,cp1,cp1_l4,2025-08-25 20:43:00,20:43,2025-08-25 20:43:00,20.724023043958788,0.04836986793350833,20.93169749499941,6.0,69.0
277,l4_cp2_266,4,cp2,cp2_l4,cp1,cp1_l4,2025-08-25 20:51:00,20:51,2025-08-25 20:51:00,20.862680982215476,0.044673442209415236,21.30967860831339,8.0,68.0
278,l4_cp2_268,4,cp2,cp2_l4,cp1,cp1_l4,2025-08-25 21:01:00,21:01,2025-08-25 21:01:00,21.028860937222042,0.04035719380777012,21.751040209483882,10.0,66.0
279,l4_cp2_270,4,cp2,cp2_l4,cp1,cp1_l4,2025-08-25 21:06:00,21:06,2025-08-25 21:06:00,21.116427370992934,0.038147123133396105,21.977032840299536,5.0,66.0
280,l4_cp2_272,4,cp2,cp2_l4,cp1,cp1_l4,2025-08-25 21:17:00,21:17,2025-08-25 21:17:00,21.284176649167946,0.03406283534201656,22.394675114677742,11.0,64.0
281,l4_cp2_274,4,cp2,cp2_l4,cp1,cp1_l4,2025-08-25 21:23:00,21:23,2025-08-25 21:23:00,21.399465982400784,0.0313840247056539,22.668599143528102,6.0,64.0
282,l4_cp2_276,4,cp2,cp2_l4,cp1,cp1_l4,2025-08-25 21:29:00,21:29,2025-08-25 21:29:00,21.49716801360501,0.02920339168946237,22.891581601911334,6.0,63.0
283,l4_cp2_278,4,cp2,cp2_l4,cp1,cp1_l4,2025-08-25 21:42:00,21:42,2025-08-25 21:42:00,21.700857824472937,0.024940064275117975,23.32753172313047,13.0,62.0
284,l4_cp2_280,4,cp2,cp2_l4,cp1,cp1_l4,2025-08-25 21:51:00,21:51,2025-08-25 21:51:00,21.857096821935066,0.021941931466982784,23.6341083085318,9.0,61.0
285,l4_cp2_282,4,cp2,cp2_l4,cp1,cp1_l4,2025-08-25 22:01:00,22:01,2025-08-25 22:01:00,22.017852376189666,0.019110753773742092,23.923612758602516,10.0,60.0
286,l4_cp2_284,4,cp2,cp2_l4,cp1,cp1_l4,2025-08-25 22:15:00,22:15,2025-08-25 22:15:00,22.25178124217155,0.0154510823802032,24.297835527012815,14.0,59.0
287,l4_cp2_286,4,cp2,cp2_l4,cp1,cp1_l4,2025-08-25 22:30:00,22:30,2025-08-25 22:30:00,22.501852562361414,0.01212547822932935,24.637897969278523,15.0,58.0
288,l4_cp2_288,4,cp2,cp2_l4,cp1,cp1_l4,2025-08-25 22:38:00,22:38,2025-08-25 22:38:00,22.647199714142676,0.01045681255744696,24.808528777384822,8.0,58.0
289,l4_cp2_290,4,cp2,cp2_l4,cp1,cp1_l4,2025-08-25 22:49:00,22:49,2025-08-25 22:49:00,22.833333333333332,0.008584340288944054,25.0,11.0,58.0
290,l59_cp1_1,59,cp1,cp1_l59,cp2,cp2_l59,2025-08-25 06:40:00,06:40,2025-08-25 06:40:00,6.666666666666667,0.09117128069041198,16.618236973312047,0.0,41.0
291,l59_cp1_3,59,cp1,cp1_l59,cp2,cp2_l59,2025-08-25 06:47:00,06:47,2025-08-25 06:47:00,6.799257361891827,0.09538686505962676,16.169062644188937,7.0,42.0
292,l59_cp1_5,59,cp1,cp1_l59,cp2,cp2_l59,2025-08-25 06:52:00,06:52,2025-08-25 06:52:00,6.871416322031586,0.09744197495858492,15.950088824834268,5.0,43.0
293,l59_cp1_7,59,cp1,cp1_l59,cp2,cp2_l59,2025-08-25 07:03:00,07:03,2025-08-25 07:03:00,7.0536236336962865,0.1017768613041371,15.48820276217885,11.0,44.0
294,l59_cp1_9,59,cp1,cp1_l59,cp2,cp2_l59,2025-08-25 07:22:00,07:22,2025-08-25 07:22:00,7.382337756798211,0.10605783268741241,15.032061387540413,19.0,46.0
295,l59_cp1_11,59,cp1,cp1_l59,cp2,cp2_l59,2025-08-25 07:35:00,07:35,2025-08-25 07:35:00,7.591904982709855,0.10618514204074132,15.018496460743973,13.0,46.0
296,l59_cp1_13,59,cp1,cp1_l59,cp2,cp2_l59,2025-08-25 07:39:00,07:39,2025-08-25 07:39:00,7.662705389085392,0.10576063332829139,15.063728248183477,4.0,45.0
297,l59_cp1_15,59,cp1,cp1_l59,cp2,cp2_l59,2025-08-25 07:51:00,07:51,2025-08-25 07:51:00,7.859906895076901,0.10336603446037781,15.318874924375939,12.0,45.0
298,l59_cp1_17,59,cp1,cp1_l59,cp2,cp2_l59,2025-08-25 08:00:00,08:00,2025-08-25 08:00:00,8.014238591442034,0.10031318352734787,15.644158953743382,9.0,44.0
299,l59_cp1_19,59,cp1,cp1_l59,cp2,cp2_l59,2025-08-25 08:12:00,08:12,2025-08-25 08:12:00,8.204667254147632,0.09527017488544665,16.181496087838024,12.0,42.0
300,l59_cp1_21,59,cp1,cp1_l59,cp2,cp2_l59,2025-08-25 08:25:00,08:25,2025-08-25 08:25:00,8.428168538311136,0.0878490801961935,16.97222044215222,13.0,40.0
301,l59_cp1_23,59,cp1,cp1_l59,cp2,cp2_l59,2025-08-25 08:35:00,08:35,2025-08-25 08:35:00,8.59142097451037,0.08164291115324271,17.633493369495223,10.0,39.0
302,l59_cp1_25,59,cp1,cp1_l59,cp2,cp2_l59,2025-08-25 09:15:00,09:15,2025-08-25 09:15:00,9.25543432363936,0.05364084982227618,20.617138342717283,40.0,33.0
303,l59_cp1_27,59,cp1,cp1_l59,cp2,cp2_l59,2025-08-25 09:37:00,09:37,2025-08-25 09:37:00,9.619149274454207,0.039222505408423786,22.153425986834453,22.0,31.0
304,l59_cp1_29,59,cp1,cp1_l59,cp2,cp2_l59,2025-08-25 09:58:00,09:58,2025-08-25 09:58:00,9.980131257984993,0.02715010273145744,23.439751416098837,21.0,29.0
305,l59_cp1_31,59,cp1,cp1_l59,cp2,cp2_l59,2025-08-25 10:53:00,10:53,2025-08-25 10:53:00,10.884088486741254,0.015029873789016828,24.73117277722637,55.0,28.0
306,l59_cp1_33,59,cp1,cp1_l59,cp2,cp2_l59,2025-08-25 11:26:00,11:26,2025-08-25 11:26:00,11.446347754491885,0.04705957485223823,21.318379146015964,33.0,32.0
307,l59_cp1_35,59,cp1,cp1_l59,cp2,cp2_l59,2025-08-25 11:30:00,11:30,2025-08-25 11:30:00,11.507312903470075,0.05276343439789765,20.710627750137427,4.0,33.0
308,l59_cp1_37,59,cp1,cp1_l59,cp2,cp2_l59,2025-08-25 11:41:00,11:41,2025-08-25 11:41:00,11.695429517986081,0.07000793823021843,18.87321026265717,11.0,36.0
309,l59_cp1_39,59,cp1,cp1_l59,cp2,cp2_l59,2025-08-25 11:55:00,11:55,2025-08-25 11:55:00,11.923912060244408,0.08458392410068914,17.32012577869127,14.0,39.0
310,l59_cp1_41,59,cp1,cp1_l59,cp2,cp2_l59,2025-08-25 12:04:00,12:04,2025-08-25 12:04:00,12.069568592839735,0.08762063628451533,16.99656134765506,9.0,40.0
311,l59_cp1_43,59,cp1,cp1_l59,cp2,cp2_l59,2025-08-25 12:11:00,12:11,2025-08-25 12:11:00,12.197525452369534,0.08621906074841089,17.14590048927977,7.0,40.0
312,l59_cp1_45,59,cp1,cp1_l59,cp2,cp2_l59,2025-08-25 12:17:00,12:17,2025-08-25 12:17:00,12.297046014946568,0.08310102089819359,17.47813045676145,6.0,39.0
313,l59_cp1_47,59,cp1,cp1_l59,cp2,cp2_l59,2025-08-25 12:23:00,12:23,2025-08-25 12:23:00,12.394894159607304,0.0789603749802995,17.919320026086297,6.0,38.0
314,l59_cp1_49,59,cp1,cp1_l59,cp2,cp2_l59,2025-08-25 12:32:00,12:32,2025-08-25 12:32:00,12.535980902997967,0.07228464751600705,18.63062482811564,9.0,37.0
315,l59_cp1_51,59,cp1,cp1_l59,cp2,cp2_l59,2025-08-25 12:36:00,12:36,2025-08-25 12:36:00,12.613332682747428,0.06868288170486052,19.014396234446586,4.0,36.0
316,l59_cp1_53,59,cp1,cp1_l59,cp2,cp2_l59,2025-08-25 12:47:00,12:47,2025-08-25 12:47:00,12.791560661490797,0.06110119146310854,19.822232190198676,11.0,35.0
317,l59_cp1_55,59,cp1,cp1_l59,cp2,cp2_l59,2025-08-25 12:58:00,12:58,2025-08-25 12:58:00,12.975563694653655,0.053853608128370645,20.594468752682925,11.0,33.0
318,l59_cp1_57,59,cp1,cp1_l59,cp2,cp2_l59,2025-08-25 13:07:00,13:07,2025-08-25 13:07:00,13.121075603819614,0.04770959349543532,21.24911907139671,9.0,32.0
319,l59_cp1_59,59,cp1,cp1_l59,cp2,cp2_l59,2025-08-25 13:13:00,13:13,2025-08-25 13:13:00,13.22568759881274,0.04283023910477604,21.769018696934637,6.0,31.0
320,l59_cp1_61,59,cp1,cp1_l59,cp2,cp2_l59,2025-08-25 13:23:00,13:23,2025-08-25 13:23:00,13.384963901476919,0.03484086794914248,22.620293422961694,10.0,30.0
321,l59_cp1_63,59,cp1,cp1_l59,cp2,cp2_l59,2025-08-25 13:33:00,13:33,2025-08-25 13:33:00,13.56394065615769,0.02601794713077955,23.560383619812075,10.0,29.0
322,l59_cp1_65,59,cp1,cp1_l59,cp2,cp2_l59,2025-08-25 14:00:00,14:00,2025-08-25 14:00:00,14.005090214386012,0.012506880454655282,25.0,27.0,27.0
323,l59_cp1_67,59,cp1,cp1_l59,cp2,cp2_l59,2025-08-25 15:17:00,15:17,2025-08-25 15:17:00,15.29423420118122,0.024843446297506216,23.68552774637557,77.0,29.0
324,l59_cp1_69,59,cp1,cp1_l59,cp2,cp2_l59,2025-08-25 15:32:00,15:32,2025-08-25 15:32:00,15.53776069015903,0.029973378642615896,23.138928813048846,15.0,30.0
325,l59_cp1_71,59,cp1,cp1_l59,cp2,cp2_l59,2025-08-25 16:15:00,16:15,2025-08-25 16:15:00,16.255128290507134,0.047809809330716185,21.23844098346458,43.0,32.0
326,l59_cp1_73,59,cp1,cp1_l59,cp2,cp2_l59,2025-08-25 16:51:00,16:51,2025-08-25 16:51:00,16.858143578698535,0.0640843581382487,19.50437308156504,36.0,35.0
327,l59_cp1_75,59,cp1,cp1_l59,cp2,cp2_l59,2025-08-25 17:06:00,17:06,2025-08-25 17:06:00,17.105556208087673,0.07039362357067581,18.83211514063383,15.0,36.0
328,l59_cp1_77,59,cp1,cp1_l59,cp2,cp2_l59,2025-08-25 17:15:00,17:15,2025-08-25 17:15:00,17.261468094148576,0.07410008724430299,18.437188082316936,9.0,37.0
329,l59_cp1_79,59,cp1,cp1_l59,cp2,cp2_l59,2025-08-25 17:22:00,17:22,2025-08-25 17:22:00,17.37935802862425,0.0767215064466061,18.15787349425088,7.0,38.0
330,l59_cp1_81,59,cp1,cp1_l59,cp2,cp2_l59,2025-08-25 17:38:00,17:38,2025-08-25 17:38:00,17.635001913143615,0.08174741249797095,17.622358656653617,16.0,39.0
331,l59_cp1_83,59,cp1,cp1_l59,cp2,cp2_l59,2025-08-25 18:08:00,18:08,2025-08-25 18:08:00,18.14148705821355,0.08833138035061569,16.92083092427646,30.0,40.0
332,l59_cp1_85,59,cp1,cp1_l59,cp2,cp2_l59,2025-08-25 18:19:00,18:19,2025-08-25 18:19:00,18.3246487148246,0.08941767413093733,16.80508533902146,11.0,41.0
333,l59_cp1_87,59,cp1,cp1_l59,cp2,cp2_l59,2025-08-25 18:45:00,18:45,2025-08-25 18:45:00,18.75811690650645,0.08901757541617045,16.847716219119803,26.0,41.0
334,l59_cp1_89,59,cp1,cp1_l59,cp2,cp2_l59,2025-08-25 18:49:00,18:49,2025-08-25 18:49:00,18.825426380582122,0.08858159262583548,16.894170579940578,4.0,40.0
335,l59_cp1_91,59,cp1,cp1_l59,cp2,cp2_l59,2025-08-25 18:59:00,18:59,2025-08-25 18:59:00,18.985979290532107,0.08715079421731539,17.046623445064267,10.0,40.0
336,l59_cp1_93,59,cp1,cp1_l59,cp2,cp2_l59,2025-08-25 19:04:00,19:04,2025-08-25 19:04:00,19.07096673222753,0.0861777042512562,17.150307061474127,5.0,40.0
337,l59_cp1_95,59,cp1,cp1_l59,cp2,cp2_l59,2025-08-25 19:14:00,19:14,2025-08-25 19:14:00,19.24278479070672,0.08378011710925441,17.405772140974708,10.0,39.0
338,l59_cp1_97,59,cp1,cp1_l59,cp2,cp2_l59,2025-08-25 19:31:00,19:31,2025-08-25 19:31:00,19.522424653162943,0.07876689919019465,17.939935046593668,17.0,38.0
339,l59_cp1_99,59,cp1,cp1_l59,cp2,cp2_l59,2025-08-25 19:44:00,19:44,2025-08-25 19:44:00,19.73908843761002,0.07408731643795835,18.43854882328896,13.0,37.0
340,l59_cp2_2,59,cp2,cp2_l59,cp1,cp1_l59,2025-08-25 06:45:00,06:45,2025-08-25 06:45:00,6.763560083473676,0.0943055557881378,16.284277125517445,0.0,42.0
341,l59_cp2_4,59,cp2,cp2_l59,cp1,cp1_l59,2025-08-25 06:50:00,06:50,2025-08-25 06:50:00,6.845340173140647,0.09672008243512069,16.02700712643297,5.0,43.0
342,l59_cp2_6,59,cp2,cp2_l59,cp1,cp1_l59,2025-08-25 07:00:00,07:00,2025-08-25 07:00:00,7.002548608196359,0.10069239984126123,15.603753112351978,10.0,44.0
343,l59_cp2_8,59,cp2,cp2_l59,cp1,cp1_l59,2025-08-25 07:13:00,07:13,2025-08-25 07:13:00,7.23259476789102,0.10470751498920694,15.175938960154973,13.0,45.0
344,l59_cp2_10,59,cp2,cp2_l59,cp1,cp1_l59,2025-08-25 07:31:00,07:31,2025-08-25 07:31:00,7.533101086834245,0.10635873475462217,15.0,18.0,46.0
345,l59_cp2_12,59,cp2,cp2_l59,cp1,cp1_l59,2025-08-25 07:37:00,07:37,2025-08-25 07:37:00,7.623259956066066,0.10602606922953933,15.035445812718798,6.0,45.0
346,l59_cp2_14,59,cp2,cp2_l59,cp1,cp1_l59,2025-08-25 07:46:00,07:46,2025-08-25 07:46:00,7.774744772085574,0.1046150077366349,15.185795691624165,9.0,45.0
347,l59_cp2_16,59,cp2,cp2_l59,cp1,cp1_l59,2025-08-25 07:55:00,07:55,2025-08-25 07:55:00,7.921329618905491,0.10226966054944624,15.435694556668697,9.0,44.0
348,l59_cp2_18,59,cp2,cp2_l59,cp1,cp1_l59,2025-08-25 08:05:00,08:05,2025-08-25 08:05:00,8.085947714513042,0.09856985456549835,15.829912232125878,10.0,43.0
349,l59_cp2_20,59,cp2,cp2_l59,cp1,cp1_l59,2025-08-25 08:20:00,08:20,2025-08-25 08:20:00,8.348304003334153,0.09066287335463401,16.67240823498505,15.0,41.0
350,l59_cp2_22,59,cp2,cp2_l59,cp1,cp1_l59,2025-08-25 08:33:00,08:33,2025-08-25 08:33:00,8.552863147261956,0.08315676307664448,17.472191077207718,13.0,39.0
351,l59_cp2_24,59,cp2,cp2_l59,cp1,cp1_l59,2025-08-25 08:41:00,08:41,2025-08-25 08:41:00,8.699234361489976,0.07728316962346689,18.098027774520546,8.0,38.0
352,l59_cp2_26,59,cp2,cp2_l59,cp1,cp1_l59,2025-08-25 09:35:00,09:35,2025-08-25 09:35:00,9.596641620032848,0.040057803619802,22.064424206570372,54.0,31.0
353,l59_cp2_28,59,cp2,cp2_l59,cp1,cp1_l59,2025-08-25 09:45:00,09:45,2025-08-25 09:45:00,9.755476105632617,0.034358875827187677,22.67165011969933,10.0,30.0
354,l59_cp2_30,59,cp2,cp2_l59,cp1,cp1_l59,2025-08-25 10:41:00,10:41,2025-08-25 10:41:00,10.685701272213079,0.01371923186162962,24.870822860558572,56.0,28.0
355,l59_cp2_32,59,cp2,cp2_l59,cp1,cp1_l59,2025-08-25 11:11:00,11:11,2025-08-25 11:11:00,11.183553091702219,0.026417692043472427,23.51779043764487,30.0,29.0
356,l59_cp2_34,59,cp2,cp2_l59,cp1,cp1_l59,2025-08-25 11:28:00,11:28,2025-08-25 11:28:00,11.474001739948454,0.0496285269368279,21.044654976818535,17.0,33.0
357,l59_cp2_36,59,cp2,cp2_l59,cp1,cp1_l59,2025-08-25 11:36:00,11:36,2025-08-25 11:36:00,11.610581855202648,0.06248180097608361,19.675126997310063,8.0,35.0
358,l59_cp2_38,59,cp2,cp2_l59,cp1,cp1_l59,2025-08-25 11:45:00,11:45,2025-08-25 11:45:00,11.765866779351933,0.07557450641996334,18.280087384983045,9.0,37.0
359,l59_cp2_40,59,cp2,cp2_l59,cp1,cp1_l59,2025-08-25 11:57:00,11:57,2025-08-25 11:57:00,11.955872452473955,0.0857013584200157,17.201062140826956,12.0,40.0
360,l59_cp2_42,59,cp2,cp2_l59,cp1,cp1_l59,2025-08-25 12:08:00,12:08,2025-08-25 12:08:00,12.136196823156808,0.08731754715353524,17.028855768819227,11.0,40.0
361,l59_cp2_44,59,cp2,cp2_l59,cp1,cp1_l59,2025-08-25 12:15:00,12:15,2025-08-25 12:15:00,12.264442585969002,0.08427527934762578,17.35301215641556,7.0,39.0
362,l59_cp2_46,59,cp2,cp2_l59,cp1,cp1_l59,2025-08-25 12:20:00,12:20,2025-08-25 12:20:00,12.33605308357213,0.08154321507082188,17.644116077289805,5.0,39.0
363,l59_cp2_48,59,cp2,cp2_l59,cp1,cp1_l59,2025-08-25 12:28:00,12:28,2025-08-25 12:28:00,12.476494776934898,0.07512369398317738,18.328121858052175,8.0,37.0
364,l59_cp2_50,59,cp2,cp2_l59,cp1,cp1_l59,2025-08-25 12:34:00,12:34,2025-08-25 12:34:00,12.576574355929964,0.07037521845737431,18.83407622211046,6.0,36.0
365,l59_cp2_52,59,cp2,cp2_l59,cp1,cp1_l59,2025-08-25 12:45:00,12:45,2025-08-25 12:45:00,12.751302693817161,0.06272898637961492,19.648789168891536,11.0,35.0
366,l59_cp2_54,59,cp2,cp2_l59,cp1,cp1_l59,2025-08-25 12:52:00,12:52,2025-08-25 12:52:00,12.868006642715864,0.05808828105268895,20.143260520740746,7.0,34.0
367,l59_cp2_56,59,cp2,cp2_l59,cp1,cp1_l59,2025-08-25 13:03:00,13:03,2025-08-25 13:03:00,13.059088429132473,0.05041150608156961,20.961227840446867,11.0,33.0
368,l59_cp2_58,59,cp2,cp2_l59,cp1,cp1_l59,2025-08-25 13:10:00,13:10,2025-08-25 13:10:00,13.17185703334895,0.045390024137968395,21.496271285358638,7.0,32.0
369,l59_cp2_60,59,cp2,cp2_l59,cp1,cp1_l59,2025-08-25 13:18:00,13:18,2025-08-25 13:18:00,13.304378117796633,0.0389351486682168,22.18404410752587,8.0,31.0
370,l59_cp2_62,59,cp2,cp2_l59,cp1,cp1_l59,2025-08-25 13:25:00,13:25,2025-08-25 13:25:00,13.41824163111746,0.03314761882323174,22.800710649508847,7.0,30.0
371,l59_cp2_64,59,cp2,cp2_l59,cp1,cp1_l59,2025-08-25 13:37:00,13:37,2025-08-25 13:37:00,13.623847395864864,0.02334738056775946,23.844934903634822,12.0,29.0
372,l59_cp2_66,59,cp2,cp2_l59,cp1,cp1_l59,2025-08-25 14:43:00,14:43,2025-08-25 14:43:00,14.733128270997437,0.01533262178830591,24.698914703952568,66.0,28.0
373,l59_cp2_68,59,cp2,cp2_l59,cp1,cp1_l59,2025-08-25 15:20:00,15:20,2025-08-25 15:20:00,15.334792496266813,0.025658582520588856,23.59867424420849,37.0,29.0
374,l59_cp2_70,59,cp2,cp2_l59,cp1,cp1_l59,2025-08-25 16:08:00,16:08,2025-08-25 16:08:00,16.14389230240005,0.04484699485597279,21.554131546729714,48.0,32.0
375,l59_cp2_72,59,cp2,cp2_l59,cp1,cp1_l59,2025-08-25 16:44:00,16:44,2025-08-25 16:44:00,16.747552773634734,0.06114682679041836,19.81736970477948,36.0,35.0
376,l59_cp2_74,59,cp2,cp2_l59,cp1,cp1_l59,2025-08-25 16:53:00,16:53,2025-08-25 16:53:00,16.89531668738232,0.06505843117370066,19.40058471822182,9.0,35.0
377,l59_cp2_76,59,cp2,cp2_l59,cp1,cp1_l59,2025-08-25 17:09:00,17:09,2025-08-25 17:09:00,17.150180622596945,0.07147947364383513,18.716416832778478,16.0,37.0
378,l59_cp2_78,59,cp2,cp2_l59,cp1,cp1_l59,2025-08-25 17:17:00,17:17,2025-08-25 17:17:00,17.286860518553606,0.0746789638937316,18.375508251508435,8.0,37.0
379,l59_cp2_80,59,cp2,cp2_l59,cp1,cp1_l59,2025-08-25 17:31:00,17:31,2025-08-25 17:31:00,17.531111559602156,0.07982356551102303,17.827346293956868,14.0,38.0
380,l59_cp2_82,59,cp2,cp2_l59,cp1,cp1_l59,2025-08-25 17:45:00,17:45,2025-08-25 17:45:00,17.765082318264813,0.08390195117982323,17.392790610510808,14.0,39.0
381,l59_cp2_84,59,cp2,cp2_l59,cp1,cp1_l59,2025-08-25 18:14:00,18:14,2025-08-25 18:14:00,18.249948318852805,0.0890631918526214,16.84285574653871,29.0,41.0
382,l59_cp2_86,59,cp2,cp2_l59,cp1,cp1_l59,2025-08-25 18:41:00,18:41,2025-08-25 18:41:00,18.688742143197864,0.08936319598738547,16.810890034512905,27.0,41.0
383,l59_cp2_88,59,cp2,cp2_l59,cp1,cp1_l59,2025-08-25 18:47:00,18:47,2025-08-25 18:47:00,18.794762514704797,0.08879241693635821,16.871707058884414,6.0,41.0
384,l59_cp2_90,59,cp2,cp2_l59,cp1,cp1_l59,2025-08-25 18:57:00,18:57,2025-08-25 18:57:00,18.960728995903626,0.08741159747162157,17.018834622323205,10.0,40.0
385,l59_cp2_92,59,cp2,cp2_l59,cp1,cp1_l59,2025-08-25 19:01:00,19:01,2025-08-25 19:01:00,19.024774353423947,0.08672466705405679,17.092027679901932,4.0,40.0
386,l59_cp2_94,59,cp2,cp2_l59,cp1,cp1_l59,2025-08-25 19:09:00,19:09,2025-08-25 19:09:00,19.15223096382925,0.0851135472662674,17.263693951155346,8.0,40.0
387,l59_cp2_96,59,cp2,cp2_l59,cp1,cp1_l59,2025-08-25 19:16:00,19:16,2025-08-25 19:16:00,19.280652832462184,0.08317813504887539,17.46991387422752,7.0,39.0
388,l59_cp2_98,59,cp2,cp2_l59,cp1,cp1_l59,2025-08-25 19:40:00,19:40,2025-08-25 19:40:00,19.68238928839961,0.07536977370034018,18.301901841516724,24.0,37.0
389,l59_cp2_100,59,cp2,cp2_l59,cp1,cp1_l59,2025-08-25 19:49:00,19:49,2025-08-25 19:49:00,19.833333333333332,0.0718758012425295,18.67418776851006,9.0,37.0
390,l60_cp1_1,60,cp1,cp1_l60,cp2,cp2_l60,2025-08-25 06:00:00,06:00,2025-08-25 06:00:00,6.0,0.06452552683408863,19.394006687068433,0.0,59.0
391,l60_cp1_3,60,cp1,cp1_l60,cp2,cp2_l60,2025-08-25 06:05:00,06:05,2025-08-25 06:05:00,6.086907828849766,0.06825980086018957,19.001923070121986,5.0,60.0
392,l60_cp1_5,60,cp1,cp1_l60,cp2,cp2_l60,2025-08-25 06:19:00,06:19,2025-08-25 06:19:00,6.3202383345695665,0.0780823215289825,17.970598265238085,14.0,63.0
393,l60_cp1_7,60,cp1,cp1_l60,cp2,cp2_l60,2025-08-25 06:25:00,06:25,2025-08-25 06:25:00,6.427510320257644,0.08238911580415237,17.51840234575009,6.0,65.0
394,l60_cp1_9,60,cp1,cp1_l60,cp2,cp2_l60,2025-08-25 06:31:00,06:31,2025-08-25 06:31:00,6.518629664656943,0.08588776844885597,17.151058017565653,6.0,66.0
395,l60_cp1_11,60,cp1,cp1_l60,cp2,cp2_l60,2025-08-25 06:45:00,06:45,2025-08-25 06:45:00,6.752489675088906,0.09396190656598895,16.303306284681685,14.0,70.0
396,l60_cp1_13,60,cp1,cp1_l60,cp2,cp2_l60,2025-08-25 06:55:00,06:55,2025-08-25 06:55:00,6.9210200280476855,0.09874769951639524,15.80081744834116,10.0,72.0
397,l60_cp1_15,60,cp1,cp1_l60,cp2,cp2_l60,2025-08-25 07:16:00,07:16,2025-08-25 07:16:00,7.27001362720977,0.1051414792722058,15.12949652355228,21.0,75.0
398,l60_cp1_17,60,cp1,cp1_l60,cp2,cp2_l60,2025-08-25 07:31:00,07:31,2025-08-25 07:31:00,7.5203673868363,0.10637482716911038,15.0,15.0,76.0
399,l60_cp1_19,60,cp1,cp1_l60,cp2,cp2_l60,2025-08-25 07:37:00,07:37,2025-08-25 07:37:00,7.6189861048650265,0.1060504652566175,15.034056684367822,6.0,76.0
400,l60_cp1_21,60,cp1,cp1_l60,cp2,cp2_l60,2025-08-25 07:49:00,07:49,2025-08-25 07:49:00,7.8232754920858705,0.10394248091964968,15.255386484357828,12.0,75.0
401,l60_cp1_23,60,cp1,cp1_l60,cp2,cp2_l60,2025-08-25 07:55:00,07:55,2025-08-25 07:55:00,7.931563899351865,0.10207148027149335,15.451833958836353,6.0,74.0
402,l60_cp1_25,60,cp1,cp1_l60,cp2,cp2_l60,2025-08-25 08:07:00,08:07,2025-08-25 08:07:00,8.127474947609374,0.09747226077233506,15.93473334001633,12.0,72.0
403,l60_cp1_27,60,cp1,cp1_l60,cp2,cp2_l60,2025-08-25 08:22:00,08:22,2025-08-25 08:22:00,8.378548439759204,0.08961672989954647,16.759532199475867,15.0,68.0
404,l60_cp1_29,60,cp1,cp1_l60,cp2,cp2_l60,2025-08-25 08:29:00,08:29,2025-08-25 08:29:00,8.499387500250602,0.08520965441016004,17.22225723945877,7.0,66.0
405,l60_cp1_31,60,cp1,cp1_l60,cp2,cp2_l60,2025-08-25 08:45:00,08:45,2025-08-25 08:45:00,8.762155677359136,0.07466871895283086,18.329012681405807,16.0,62.0
406,l60_cp1_33,60,cp1,cp1_l60,cp2,cp2_l60,2025-08-25 08:56:00,08:56,2025-08-25 08:56:00,8.943154277712075,0.06697066742117147,19.137276849186932,11.0,60.0
407,l60_cp1_35,60,cp1,cp1_l60,cp2,cp2_l60,2025-08-25 09:14:00,09:14,2025-08-25 09:14:00,9.24572127770848,0.05404769004810342,20.494137024614414,18.0,56.0
408,l60_cp1_37,60,cp1,cp1_l60,cp2,cp2_l60,2025-08-25 09:53:00,09:53,2025-08-25 09:53:00,9.885776680271357,0.030048584018643684,23.013945755774067,39.0,50.0
409,l60_cp1_39,60,cp1,cp1_l60,cp2,cp2_l60,2025-08-25 10:27:00,10:27,2025-08-25 10:27:00,10.455897788656038,0.01596830857440726,24.492317531704696,34.0,47.0
410,l60_cp1_41,60,cp1,cp1_l60,cp2,cp2_l60,2025-08-25 11:02:00,11:02,2025-08-25 11:02:00,11.047606887993282,0.019600542481787275,24.110947713087484,35.0,47.0
411,l60_cp1_43,60,cp1,cp1_l60,cp2,cp2_l60,2025-08-25 11:31:00,11:31,2025-08-25 11:31:00,11.530873357580615,0.054994080677025534,20.39476984956555,29.0,56.0
412,l60_cp1_45,60,cp1,cp1_l60,cp2,cp2_l60,2025-08-25 11:49:00,11:49,2025-08-25 11:49:00,11.832944591340237,0.08006173720361265,17.76276765298925,18.0,64.0
413,l60_cp1_47,60,cp1,cp1_l60,cp2,cp2_l60,2025-08-25 11:58:00,11:58,2025-08-25 11:58:00,11.973358601446508,0.0862051874832549,17.117730307219574,9.0,67.0
414,l60_cp1_49,60,cp1,cp1_l60,cp2,cp2_l60,2025-08-25 12:08:00,12:08,2025-08-25 12:08:00,12.14673218550967,0.08718138911892062,17.015233097452537,10.0,67.0
415,l60_cp1_51,60,cp1,cp1_l60,cp2,cp2_l60,2025-08-25 12:13:00,12:13,2025-08-25 12:13:00,12.22609781602082,0.08547424668375728,17.194476124596022,5.0,66.0
416,l60_cp1_53,60,cp1,cp1_l60,cp2,cp2_l60,2025-08-25 12:24:00,12:24,2025-08-25 12:24:00,12.404913385145472,0.07850050566184642,17.92669062851489,11.0,64.0
417,l60_cp1_55,60,cp1,cp1_l60,cp2,cp2_l60,2025-08-25 12:35:00,12:35,2025-08-25 12:35:00,12.591019828259425,0.06970542109140439,18.850138812988217,11.0,60.0
418,l60_cp1_57,60,cp1,cp1_l60,cp2,cp2_l60,2025-08-25 12:48:00,12:48,2025-08-25 12:48:00,12.807825131147247,0.06045354560303064,19.821548189928706,13.0,58.0
419,l60_cp1_59,60,cp1,cp1_l60,cp2,cp2_l60,2025-08-25 13:08:00,13:08,2025-08-25 13:08:00,13.134318260635167,0.04711398115195404,21.22214831780132,20.0,54.0
420,l60_cp1_61,60,cp1,cp1_l60,cp2,cp2_l60,2025-08-25 13:25:00,13:25,2025-08-25 13:25:00,13.430671492463887,0.03251792511682816,22.754674962446245,17.0,50.0
421,l60_cp1_63,60,cp1,cp1_l60,cp2,cp2_l60,2025-08-25 13:31:00,13:31,2025-08-25 13:31:00,13.519839752767457,0.028100264080527546,23.218511441893,6.0,49.0
422,l60_cp1_65,60,cp1,cp1_l60,cp2,cp2_l60,2025-08-25 14:13:00,14:13,2025-08-25 14:13:00,14.221605040667239,0.011133050550553365,25.0,42.0,46.0
423,l60_cp1_67,60,cp1,cp1_l60,cp2,cp2_l60,2025-08-25 15:37:00,15:37,2025-08-25 15:37:00,15.623888392095242,0.03191775231043323,22.81769067127732,84.0,50.0
424,l60_cp1_69,60,cp1,cp1_l60,cp2,cp2_l60,2025-08-25 16:12:00,16:12,2025-08-25 16:12:00,16.2134952697102,0.046695555642240746,21.266081298114052,35.0,54.0
425,l60_cp1_71,60,cp1,cp1_l60,cp2,cp2_l60,2025-08-25 16:20:00,16:20,2025-08-25 16:20:00,16.345494314843595,0.05024570573299652,20.893329947099875,8.0,55.0
426,l60_cp1_73,60,cp1,cp1_l60,cp2,cp2_l60,2025-08-25 16:38:00,16:38,2025-08-25 16:38:00,16.635711212747847,0.05813194262861063,20.065307079866052,18.0,57.0
427,l60_cp1_75,60,cp1,cp1_l60,cp2,cp2_l60,2025-08-25 16:48:00,16:48,2025-08-25 16:48:00,16.81081016528804,0.0628337022193744,19.57164140523313,10.0,58.0
428,l60_cp1_77,60,cp1,cp1_l60,cp2,cp2_l60,2025-08-25 17:04:00,17:04,2025-08-25 17:04:00,17.080420680939834,0.06977398208111386,18.842940187327958,16.0,61.0
429,l60_cp1_79,60,cp1,cp1_l60,cp2,cp2_l60,2025-08-25 17:13:00,17:13,2025-08-25 17:13:00,17.23291320026944,0.07344033077265753,18.457988454830634,9.0,62.0
430,l60_cp1_81,60,cp1,cp1_l60,cp2,cp2_l60,2025-08-25 17:22:00,17:22,2025-08-25 17:22:00,17.372326779138366,0.07657004998407241,18.129380639801166,9.0,63.0
431,l60_cp1_83,60,cp1,cp1_l60,cp2,cp2_l60,2025-08-25 17:50:00,17:50,2025-08-25 17:50:00,17.833924623950573,0.08491959080582656,17.25271274067177,28.0,66.0
432,l60_cp1_85,60,cp1,cp1_l60,cp2,cp2_l60,2025-08-25 17:58:00,17:58,2025-08-25 17:58:00,17.97052032255475,0.0866709078541365,17.068831558433438,8.0,67.0
433,l60_cp1_87,60,cp1,cp1_l60,cp2,cp2_l60,2025-08-25 18:06:00,18:06,2025-08-25 18:06:00,18.10166504160361,0.08799922667291862,16.929363473529687,8.0,67.0
434,l60_cp1_89,60,cp1,cp1_l60,cp2,cp2_l60,2025-08-25 18:12:00,18:12,2025-08-25 18:12:00,18.206123606188708,0.08879820644966052,16.845473839683205,6.0,68.0
435,l60_cp1_91,60,cp1,cp1_l60,cp2,cp2_l60,2025-08-25 18:29:00,18:29,2025-08-25 18:29:00,18.49360160106268,0.08976155374013585,16.744326283990965,17.0,68.0
436,l60_cp1_93,60,cp1,cp1_l60,cp2,cp2_l60,2025-08-25 18:33:00,18:33,2025-08-25 18:33:00,18.564848597206154,0.08971484051082378,16.749230983480054,4.0,68.0
437,l60_cp1_95,60,cp1,cp1_l60,cp2,cp2_l60,2025-08-25 18:38:00,18:38,2025-08-25 18:38:00,18.63660091201571,0.08955288931905121,16.766235201326722,5.0,68.0
438,l60_cp1_97,60,cp1,cp1_l60,cp2,cp2_l60,2025-08-25 18:50:00,18:50,2025-08-25 18:50:00,18.844586046176214,0.0884395640014739,16.883129841169083,12.0,68.0
439,l60_cp1_99,60,cp1,cp1_l60,cp2,cp2_l60,2025-08-25 18:59:00,18:59,2025-08-25 18:59:00,18.998236019209834,0.08701947791225537,17.03223311702522,9.0,67.0
440,l60_cp1_101,60,cp1,cp1_l60,cp2,cp2_l60,2025-08-25 19:08:00,19:08,2025-08-25 19:08:00,19.137548417714207,0.08531526293307813,17.211168773171433,9.0,66.0
441,l60_cp1_103,60,cp1,cp1_l60,cp2,cp2_l60,2025-08-25 19:15:00,19:15,2025-08-25 19:15:00,19.25865324892745,0.0835309753202227,17.39851173087386,7.0,66.0
442,l60_cp1_105,60,cp1,cp1_l60,cp2,cp2_l60,2025-08-25 19:29:00,19:29,2025-08-25 19:29:00,19.489490995323546,0.07942199263851644,17.829938235879403,14.0,64.0
443,l60_cp1_107,60,cp1,cp1_l60,cp2,cp2_l60,2025-08-25 19:39:00,19:39,2025-08-25 19:39:00,19.657724747682472,0.07591551256015204,18.198104412830073,10.0,63.0
444,l60_cp1_109,60,cp1,cp1_l60,cp2,cp2_l60,2025-08-25 20:00:00,20:00,2025-08-25 20:00:00,20.013311584362885,0.06741704472747595,19.090409043676306,21.0,60.0
445,l60_cp1_111,60,cp1,cp1_l60,cp2,cp2_l60,2025-08-25 20:06:00,20:06,2025-08-25 20:06:00,20.107420110542257,0.06498698002526199,19.345555974833037,6.0,59.0
446,l60_cp1_113,60,cp1,cp1_l60,cp2,cp2_l60,2025-08-25 20:11:00,20:11,2025-08-25 20:11:00,20.18683940373267,0.06289605683109616,19.565094424072594,5.0,58.0
447,l60_cp1_115,60,cp1,cp1_l60,cp2,cp2_l60,2025-08-25 20:35:00,20:35,2025-08-25 20:35:00,20.584254890486193,0.052151193283278025,20.693261487865545,24.0,55.0
448,l60_cp1_117,60,cp1,cp1_l60,cp2,cp2_l60,2025-08-25 20:49:00,20:49,2025-08-25 20:49:00,20.832561568815983,0.045470166744396204,21.394742159067142,14.0,53.0
449,l60_cp1_119,60,cp1,cp1_l60,cp2,cp2_l60,2025-08-25 21:08:00,21:08,2025-08-25 21:08:00,21.140965330342997,0.037536906956519754,22.227702239143046,19.0,51.0
450,l60_cp2_2,60,cp2,cp2_l60,cp1,cp1_l60,2025-08-25 06:02:00,06:02,2025-08-25 06:02:00,6.048506044229112,0.06661137916338883,19.175000658059332,0.0,59.0
451,l60_cp2_4,60,cp2,cp2_l60,cp1,cp1_l60,2025-08-25 06:15:00,06:15,2025-08-25 06:15:00,6.261226429678176,0.07564471604792493,18.226536947568654,13.0,63.0
452,l60_cp2_6,60,cp2,cp2_l60,cp1,cp1_l60,2025-08-25 06:22:00,06:22,2025-08-25 06:22:00,6.380018945559682,0.08050463759695951,17.7162649092279,7.0,64.0
453,l60_cp2_8,60,cp2,cp2_l60,cp1,cp1_l60,2025-08-25 06:29:00,06:29,2025-08-25 06:29:00,6.499384914754586,0.08516284475574508,17.227172063192313,7.0,66.0
454,l60_cp2_10,60,cp2,cp2_l60,cp1,cp1_l60,2025-08-25 06:38:00,06:38,2025-08-25 06:38:00,6.6366512490364205,0.09014530910573318,16.704033528099373,9.0,68.0
455,l60_cp2_12,60,cp2,cp2_l60,cp1,cp1_l60,2025-08-25 06:49:00,06:49,2025-08-25 06:49:00,6.82064164886808,0.09601449945727328,16.087792361678655,11.0,71.0
456,l60_cp2_14,60,cp2,cp2_l60,cp1,cp1_l60,2025-08-25 06:57:00,06:57,2025-08-25 06:57:00,6.953924439460462,0.09956339935824961,15.715172275517341,8.0,73.0
457,l60_cp2_16,60,cp2,cp2_l60,cp1,cp1_l60,2025-08-25 07:18:00,07:18,2025-08-25 07:18:00,7.310336374268672,0.10553759066205523,15.087906435261939,21.0,76.0
458,l60_cp2_18,60,cp2,cp2_l60,cp1,cp1_l60,2025-08-25 07:35:00,07:35,2025-08-25 07:35:00,7.595118838349774,0.10617096005652615,15.0214052194134,17.0,76.0
459,l60_cp2_20,60,cp2,cp2_l60,cp1,cp1_l60,2025-08-25 07:41:00,07:41,2025-08-25 07:41:00,7.69339929780866,0.10550406184081519,15.091426825413244,6.0,76.0
460,l60_cp2_22,60,cp2,cp2_l60,cp1,cp1_l60,2025-08-25 07:51:00,07:51,2025-08-25 07:51:00,7.860110905815098,0.10336266042398562,15.31626528316334,10.0,74.0
461,l60_cp2_24,60,cp2,cp2_l60,cp1,cp1_l60,2025-08-25 08:02:00,08:02,2025-08-25 08:02:00,8.038012381298248,0.0997570854229979,15.694836024806271,11.0,73.0
462,l60_cp2_26,60,cp2,cp2_l60,cp1,cp1_l60,2025-08-25 08:20:00,08:20,2025-08-25 08:20:00,8.342998412160066,0.09084383922446232,16.630690700662754,18.0,69.0
463,l60_cp2_28,60,cp2,cp2_l60,cp1,cp1_l60,2025-08-25 08:27:00,08:27,2025-08-25 08:27:00,8.457691040408443,0.08676890712546131,17.05854203268075,7.0,67.0
464,l60_cp2_30,60,cp2,cp2_l60,cp1,cp1_l60,2025-08-25 08:42:00,08:42,2025-08-25 08:42:00,8.711853085787075,0.07676243544201801,18.10918094752578,15.0,63.0
465,l60_cp2_32,60,cp2,cp2_l60,cp1,cp1_l60,2025-08-25 08:49:00,08:49,2025-08-25 08:49:00,8.829255903698728,0.07183861914127945,18.626161675474442,7.0,61.0
466,l60_cp2_34,60,cp2,cp2_l60,cp1,cp1_l60,2025-08-25 09:07:00,09:07,2025-08-25 09:07:00,9.123298387304864,0.059234805055055774,19.949511001128236,18.0,57.0
467,l60_cp2_36,60,cp2,cp2_l60,cp1,cp1_l60,2025-08-25 09:25:00,09:25,2025-08-25 09:25:00,9.432268551110619,0.04640596589622791,21.296487046126572,18.0,54.0
468,l60_cp2_38,60,cp2,cp2_l60,cp1,cp1_l60,2025-08-25 10:05:00,10:05,2025-08-25 10:05:00,10.083830147261589,0.024194668898542045,23.62858308488927,40.0,48.0
469,l60_cp2_40,60,cp2,cp2_l60,cp1,cp1_l60,2025-08-25 10:58:00,10:58,2025-08-25 10:58:00,10.967914750506624,0.016911754397168438,24.39325954935104,53.0,47.0
470,l60_cp2_42,60,cp2,cp2_l60,cp1,cp1_l60,2025-08-25 11:16:00,11:16,2025-08-25 11:16:00,11.267070852720307,0.032019605011793455,22.806996551010315,18.0,50.0
471,l60_cp2_44,60,cp2,cp2_l60,cp1,cp1_l60,2025-08-25 11:42:00,11:42,2025-08-25 11:42:00,11.713378460999184,0.07149714450463286,18.6620151264253,26.0,61.0
472,l60_cp2_46,60,cp2,cp2_l60,cp1,cp1_l60,2025-08-25 11:54:00,11:54,2025-08-25 11:54:00,11.908448162517292,0.08395302859687302,17.354197849756265,12.0,66.0
473,l60_cp2_48,60,cp2,cp2_l60,cp1,cp1_l60,2025-08-25 12:02:00,12:02,2025-08-25 12:02:00,12.0392861565245,0.08741959045211373,16.990222924222877,8.0,67.0
474,l60_cp2_50,60,cp2,cp2_l60,cp1,cp1_l60,2025-08-25 12:11:00,12:11,2025-08-25 12:11:00,12.198909239414768,0.08618617129104574,17.11972693022308,9.0,67.0
475,l60_cp2_52,60,cp2,cp2_l60,cp1,cp1_l60,2025-08-25 12:21:00,12:21,2025-08-25 12:21:00,12.360025877691337,0.08051910105638735,17.71474630468887,10.0,64.0
476,l60_cp2_54,60,cp2,cp2_l60,cp1,cp1_l60,2025-08-25 12:29:00,12:29,2025-08-25 12:29:00,12.487636014934687,0.07459097852527526,18.33717511078456,8.0,62.0
477,l60_cp2_56,60,cp2,cp2_l60,cp1,cp1_l60,2025-08-25 12:39:00,12:39,2025-08-25 12:39:00,12.655902192874656,0.06677705483894501,19.157605384531443,10.0,60.0
478,l60_cp2_58,60,cp2,cp2_l60,cp1,cp1_l60,2025-08-25 13:06:00,13:06,2025-08-25 13:06:00,13.108357689523402,0.04827541824315558,21.100202136993175,27.0,54.0
479,l60_cp2_60,60,cp2,cp2_l60,cp1,cp1_l60,2025-08-25 13:11:00,13:11,2025-08-25 13:11:00,13.191442766079321,0.04447015171174581,21.499739678869346,5.0,53.0
480,l60_cp2_62,60,cp2,cp2_l60,cp1,cp1_l60,2025-08-25 13:29:00,13:29,2025-08-25 13:29:00,13.494018383266939,0.029355960340677594,23.08666843090224,18.0,49.0
481,l60_cp2_64,60,cp2,cp2_l60,cp1,cp1_l60,2025-08-25 13:44:00,13:44,2025-08-25 13:44:00,13.746796101416074,0.018601662555492744,24.215826051329223,15.0,47.0
482,l60_cp2_66,60,cp2,cp2_l60,cp1,cp1_l60,2025-08-25 14:43:00,14:43,2025-08-25 14:43:00,14.723893611900738,0.015207060607278692,24.57224547867878,59.0,46.0
483,l60_cp2_68,60,cp2,cp2_l60,cp1,cp1_l60,2025-08-25 15:46:00,15:46,2025-08-25 15:46:00,15.778730571246376,0.035569886779850284,22.43423137441394,63.0,51.0
484,l60_cp2_70,60,cp2,cp2_l60,cp1,cp1_l60,2025-08-25 16:15:00,16:15,2025-08-25 16:15:00,16.261976568786903,0.047993632507944486,21.12978849554459,29.0,54.0
485,l60_cp2_72,60,cp2,cp2_l60,cp1,cp1_l60,2025-08-25 16:27:00,16:27,2025-08-25 16:27:00,16.4664969536216,0.053531489721375766,20.5483359638882,12.0,55.0
486,l60_cp2_74,60,cp2,cp2_l60,cp1,cp1_l60,2025-08-25 16:40:00,16:40,2025-08-25 16:40:00,16.682767298293026,0.059404503827999236,19.931693318702685,13.0,57.0
487,l60_cp2_76,60,cp2,cp2_l60,cp1,cp1_l60,2025-08-25 16:57:00,16:57,2025-08-25 16:57:00,16.950613927881932,0.06649237123305968,19.187496007742464,17.0,59.0
488,l60_cp2_78,60,cp2,cp2_l60,cp1,cp1_l60,2025-08-25 17:06:00,17:06,2025-08-25 17:06:00,17.115146214553835,0.07062854408326223,18.75321464539788,9.0,61.0
489,l60_cp2_80,60,cp2,cp2_l60,cp1,cp1_l60,2025-08-25 17:19:00,17:19,2025-08-25 17:19:00,17.319119085902425,0.07540336502816027,18.251877825105126,13.0,62.0
490,l60_cp2_82,60,cp2,cp2_l60,cp1,cp1_l60,2025-08-25 17:25:00,17:25,2025-08-25 17:25:00,17.416695331464613,0.07751475023279669,18.030190947812553,6.0,63.0
491,l60_cp2_84,60,cp2,cp2_l60,cp1,cp1_l60,2025-08-25 17:53:00,17:53,2025-08-25 17:53:00,17.889492654996488,0.08567593377679873,17.17329979838686,28.0,66.0
492,l60_cp2_86,60,cp2,cp2_l60,cp1,cp1_l60,2025-08-25 18:01:00,18:01,2025-08-25 18:01:00,18.01766561508421,0.08718925158402138,17.014407570527286,8.0,67.0
493,l60_cp2_88,60,cp2,cp2_l60,cp1,cp1_l60,2025-08-25 18:08:00,18:08,2025-08-25 18:08:00,18.13420296779623,0.08827314567985663,16.90060308951931,7.0,67.0
494,l60_cp2_90,60,cp2,cp2_l60,cp1,cp1_l60,2025-08-25 18:15:00,18:15,2025-08-25 18:15:00,18.25893999708504,0.08911236739520705,16.812488215443466,7.0,68.0
495,l60_cp2_92,60,cp2,cp2_l60,cp1,cp1_l60,2025-08-25 18:31:00,18:31,2025-08-25 18:31:00,18.531991405818744,0.08975053045796666,16.74548368388002,16.0,68.0
496,l60_cp2_94,60,cp2,cp2_l60,cp1,cp1_l60,2025-08-25 18:35:00,18:35,2025-08-25 18:35:00,18.58641397313451,0.0896782663582738,16.75307112105922,4.0,68.0
497,l60_cp2_96,60,cp2,cp2_l60,cp1,cp1_l60,2025-08-25 18:46:00,18:46,2025-08-25 18:46:00,18.778566775846997,0.08889553692352091,16.835254534949925,11.0,68.0
498,l60_cp2_98,60,cp2,cp2_l60,cp1,cp1_l60,2025-08-25 18:55:00,18:55,2025-08-25 18:55:00,18.925204923801584,0.08775615177589717,16.95488535118165,9.0,67.0
499,l60_cp2_100,60,cp2,cp2_l60,cp1,cp1_l60,2025-08-25 19:03:00,19:03,2025-08-25 19:03:00,19.0505202611951,0.0864250703019205,17.094643503668415,8.0,67.0
500,l60_cp2_102,60,cp2,cp2_l60,cp1,cp1_l60,2025-08-25 19:11:00,19:11,2025-08-25 19:11:00,19.187198552689885,0.0846166992375024,17.284515126040667,8.0,66.0
501,l60_cp2_104,60,cp2,cp2_l60,cp1,cp1_l60,2025-08-25 19:27:00,19:27,2025-08-25 19:27:00,19.450304557813638,0.08018023394234806,17.75032597634876,16.0,64.0
502,l60_cp2_106,60,cp2,cp2_l60,cp1,cp1_l60,2025-08-25 19:34:00,19:34,2025-08-25 19:34:00,19.576325586413567,0.07766092794159936,18.01484288166002,7.0,63.0
503,l60_cp2_108,60,cp2,cp2_l60,cp1,cp1_l60,2025-08-25 19:42:00,19:42,2025-08-25 19:42:00,19.716380136966446,0.07460550434691474,18.335649958466405,8.0,62.0
504,l60_cp2_110,60,cp2,cp2_l60,cp1,cp1_l60,2025-08-25 20:02:00,20:02,2025-08-25 20:02:00,20.036084201613445,0.0668343743785727,19.15158706550562,20.0,60.0
505,l60_cp2_112,60,cp2,cp2_l60,cp1,cp1_l60,2025-08-25 20:09:00,20:09,2025-08-25 20:09:00,20.15266986762284,0.06379961511046316,19.470224471889136,7.0,59.0
506,l60_cp2_114,60,cp2,cp2_l60,cp1,cp1_l60,2025-08-25 20:31:00,20:31,2025-08-25 20:31:00,20.522947758318278,0.053818763208564734,20.518173413651503,22.0,56.0
507,l60_cp2_116,60,cp2,cp2_l60,cp1,cp1_l60,2025-08-25 20:41:00,20:41,2025-08-25 20:41:00,20.695774659052795,0.049130674493297215,21.010403701841447,10.0,54.0
508,l60_cp2_118,60,cp2,cp2_l60,cp1,cp1_l60,2025-08-25 21:00:00,21:00,2025-08-25 21:00:00,21.015382154370055,0.04070164243018515,21.89541785869305,19.0,52.0
509,l60_cp2_120,60,cp2,cp2_l60,cp1,cp1_l60,2025-08-25 21:10:00,21:10,2025-08-25 21:10:00,21.166666666666668,0.036902266802098536,22.294336879628904,10.0,51.0
