trip_id,line,start_cp,start_cp_id,dest_cp,dest_cp_id,departure_time,departure_interval,planned_travel_time,covered
l4_cp1_1,4,cp1,cp1_l4,cp2,cp2_l4,1900-01-01 05:50:00,,74.0,True
l4_cp1_2,4,cp1,cp1_l4,cp2,cp2_l4,1900-01-01 05:58:00,8.0,71.0,True
l4_cp1_3,4,cp1,cp1_l4,cp2,cp2_l4,1900-01-01 06:05:00,7.0,74.0,True
l4_cp1_4,4,cp1,cp1_l4,cp2,cp2_l4,1900-01-01 06:16:00,11.0,73.0,True
l4_cp1_5,4,cp1,cp1_l4,cp2,cp2_l4,1900-01-01 06:25:00,9.0,74.0,True
l4_cp1_6,4,cp1,cp1_l4,cp2,cp2_l4,1900-01-01 06:32:00,7.0,70.0,True
l4_cp1_7,4,cp1,cp1_l4,cp2,cp2_l4,1900-01-01 06:37:00,5.0,75.0,True
l4_cp1_8,4,cp1,cp1_l4,cp2,cp2_l4,1900-01-01 06:43:00,6.0,75.0,True
l4_cp1_9,4,cp1,cp1_l4,cp2,cp2_l4,1900-01-01 06:51:00,8.0,70.0,True
l4_cp1_10,4,cp1,cp1_l4,cp2,cp2_l4,1900-01-01 06:57:00,6.0,75.0,True
l4_cp1_11,4,cp1,cp1_l4,cp2,cp2_l4,1900-01-01 07:04:00,7.0,75.0,True
l4_cp1_12,4,cp1,cp1_l4,cp2,cp2_l4,1900-01-01 07:10:00,6.0,73.0,True
l4_cp1_13,4,cp1,cp1_l4,cp2,cp2_l4,1900-01-01 07:15:00,5.0,73.0,True
l4_cp1_14,4,cp1,cp1_l4,cp2,cp2_l4,1900-01-01 07:21:00,6.0,74.0,True
l4_cp1_15,4,cp1,cp1_l4,cp2,cp2_l4,1900-01-01 07:26:00,5.0,72.0,True
l4_cp1_16,4,cp1,cp1_l4,cp2,cp2_l4,1900-01-01 07:31:00,5.0,75.0,True
l4_cp1_17,4,cp1,cp1_l4,cp2,cp2_l4,1900-01-01 07:41:00,10.0,74.0,True
l4_cp1_18,4,cp1,cp1_l4,cp2,cp2_l4,1900-01-01 07:53:00,12.0,75.0,True
l4_cp1_19,4,cp1,cp1_l4,cp2,cp2_l4,1900-01-01 07:59:00,6.0,71.0,True
l4_cp1_20,4,cp1,cp1_l4,cp2,cp2_l4,1900-01-01 08:09:00,10.0,73.0,True
l4_cp1_21,4,cp1,cp1_l4,cp2,cp2_l4,1900-01-01 08:17:00,8.0,72.0,True
l4_cp1_22,4,cp1,cp1_l4,cp2,cp2_l4,1900-01-01 08:23:00,6.0,71.0,True
l4_cp1_23,4,cp1,cp1_l4,cp2,cp2_l4,1900-01-01 08:30:00,7.0,74.0,True
l4_cp1_24,4,cp1,cp1_l4,cp2,cp2_l4,1900-01-01 08:36:00,6.0,75.0,True
l4_cp1_25,4,cp1,cp1_l4,cp2,cp2_l4,1900-01-01 08:46:00,10.0,71.0,True
l4_cp1_26,4,cp1,cp1_l4,cp2,cp2_l4,1900-01-01 08:51:00,5.0,75.0,True
l4_cp1_27,4,cp1,cp1_l4,cp2,cp2_l4,1900-01-01 08:59:00,8.0,71.0,True
l4_cp1_28,4,cp1,cp1_l4,cp2,cp2_l4,1900-01-01 09:10:00,11.0,74.0,True
l4_cp1_29,4,cp1,cp1_l4,cp2,cp2_l4,1900-01-01 09:18:00,8.0,73.0,True
l4_cp1_30,4,cp1,cp1_l4,cp2,cp2_l4,1900-01-01 09:26:00,8.0,72.0,True
l4_cp1_31,4,cp1,cp1_l4,cp2,cp2_l4,1900-01-01 09:37:00,11.0,75.0,True
l4_cp1_32,4,cp1,cp1_l4,cp2,cp2_l4,1900-01-01 09:42:00,5.0,74.0,True
l4_cp1_33,4,cp1,cp1_l4,cp2,cp2_l4,1900-01-01 09:50:00,8.0,70.0,True
l4_cp1_34,4,cp1,cp1_l4,cp2,cp2_l4,1900-01-01 09:59:00,9.0,72.0,True
l4_cp1_35,4,cp1,cp1_l4,cp2,cp2_l4,1900-01-01 10:06:00,7.0,71.0,True
l4_cp1_36,4,cp1,cp1_l4,cp2,cp2_l4,1900-01-01 10:14:00,8.0,74.0,True
l4_cp1_37,4,cp1,cp1_l4,cp2,cp2_l4,1900-01-01 10:22:00,8.0,72.0,True
l4_cp1_38,4,cp1,cp1_l4,cp2,cp2_l4,1900-01-01 10:29:00,7.0,73.0,True
l4_cp1_39,4,cp1,cp1_l4,cp2,cp2_l4,1900-01-01 10:38:00,9.0,72.0,True
l4_cp1_40,4,cp1,cp1_l4,cp2,cp2_l4,1900-01-01 10:48:00,10.0,73.0,True
l4_cp1_41,4,cp1,cp1_l4,cp2,cp2_l4,1900-01-01 10:57:00,9.0,70.0,True
l4_cp1_42,4,cp1,cp1_l4,cp2,cp2_l4,1900-01-01 11:07:00,10.0,71.0,True
l4_cp1_43,4,cp1,cp1_l4,cp2,cp2_l4,1900-01-01 11:15:00,8.0,72.0,True
l4_cp1_44,4,cp1,cp1_l4,cp2,cp2_l4,1900-01-01 11:23:00,8.0,71.0,True
l4_cp1_45,4,cp1,cp1_l4,cp2,cp2_l4,1900-01-01 11:30:00,7.0,74.0,True
l4_cp1_46,4,cp1,cp1_l4,cp2,cp2_l4,1900-01-01 11:37:00,7.0,73.0,True
l4_cp1_47,4,cp1,cp1_l4,cp2,cp2_l4,1900-01-01 11:46:00,9.0,71.0,True
l4_cp1_48,4,cp1,cp1_l4,cp2,cp2_l4,1900-01-01 11:54:00,8.0,71.0,True
l4_cp1_49,4,cp1,cp1_l4,cp2,cp2_l4,1900-01-01 12:02:00,8.0,71.0,True
l4_cp1_50,4,cp1,cp1_l4,cp2,cp2_l4,1900-01-01 12:09:00,7.0,70.0,True
l4_cp1_51,4,cp1,cp1_l4,cp2,cp2_l4,1900-01-01 12:16:00,7.0,73.0,True
l4_cp1_52,4,cp1,cp1_l4,cp2,cp2_l4,1900-01-01 12:22:00,6.0,71.0,True
l4_cp1_53,4,cp1,cp1_l4,cp2,cp2_l4,1900-01-01 12:30:00,8.0,71.0,True
l4_cp1_54,4,cp1,cp1_l4,cp2,cp2_l4,1900-01-01 12:39:00,9.0,71.0,True
l4_cp1_55,4,cp1,cp1_l4,cp2,cp2_l4,1900-01-01 12:47:00,8.0,70.0,True
l4_cp1_56,4,cp1,cp1_l4,cp2,cp2_l4,1900-01-01 12:55:00,8.0,74.0,True
l4_cp1_57,4,cp1,cp1_l4,cp2,cp2_l4,1900-01-01 13:02:00,7.0,73.0,True
l4_cp1_58,4,cp1,cp1_l4,cp2,cp2_l4,1900-01-01 13:10:00,8.0,73.0,True
l4_cp1_59,4,cp1,cp1_l4,cp2,cp2_l4,1900-01-01 13:17:00,7.0,74.0,True
l4_cp1_60,4,cp1,cp1_l4,cp2,cp2_l4,1900-01-01 13:23:00,6.0,74.0,True
l4_cp1_61,4,cp1,cp1_l4,cp2,cp2_l4,1900-01-01 13:32:00,9.0,72.0,True
l4_cp1_62,4,cp1,cp1_l4,cp2,cp2_l4,1900-01-01 13:42:00,10.0,74.0,True
l4_cp1_63,4,cp1,cp1_l4,cp2,cp2_l4,1900-01-01 13:47:00,5.0,71.0,True
l4_cp1_64,4,cp1,cp1_l4,cp2,cp2_l4,1900-01-01 13:54:00,7.0,72.0,True
l4_cp1_65,4,cp1,cp1_l4,cp2,cp2_l4,1900-01-01 14:04:00,10.0,71.0,True
l4_cp1_66,4,cp1,cp1_l4,cp2,cp2_l4,1900-01-01 14:10:00,6.0,70.0,True
l4_cp1_67,4,cp1,cp1_l4,cp2,cp2_l4,1900-01-01 14:19:00,9.0,75.0,True
l4_cp1_68,4,cp1,cp1_l4,cp2,cp2_l4,1900-01-01 14:30:00,11.0,74.0,True
l4_cp1_69,4,cp1,cp1_l4,cp2,cp2_l4,1900-01-01 14:36:00,6.0,70.0,True
l4_cp1_70,4,cp1,cp1_l4,cp2,cp2_l4,1900-01-01 14:46:00,10.0,70.0,True
l4_cp1_71,4,cp1,cp1_l4,cp2,cp2_l4,1900-01-01 14:51:00,5.0,75.0,True
l4_cp1_72,4,cp1,cp1_l4,cp2,cp2_l4,1900-01-01 14:56:00,5.0,75.0,True
l4_cp1_73,4,cp1,cp1_l4,cp2,cp2_l4,1900-01-01 15:04:00,8.0,72.0,True
l4_cp1_74,4,cp1,cp1_l4,cp2,cp2_l4,1900-01-01 15:12:00,8.0,73.0,True
l4_cp1_75,4,cp1,cp1_l4,cp2,cp2_l4,1900-01-01 15:20:00,8.0,72.0,True
l4_cp1_76,4,cp1,cp1_l4,cp2,cp2_l4,1900-01-01 15:28:00,8.0,75.0,True
l4_cp1_77,4,cp1,cp1_l4,cp2,cp2_l4,1900-01-01 15:37:00,9.0,74.0,True
l4_cp1_78,4,cp1,cp1_l4,cp2,cp2_l4,1900-01-01 15:42:00,5.0,73.0,True
l4_cp1_79,4,cp1,cp1_l4,cp2,cp2_l4,1900-01-01 15:47:00,5.0,73.0,True
l4_cp1_80,4,cp1,cp1_l4,cp2,cp2_l4,1900-01-01 15:56:00,9.0,72.0,True
l4_cp1_81,4,cp1,cp1_l4,cp2,cp2_l4,1900-01-01 16:02:00,6.0,75.0,True
l4_cp1_82,4,cp1,cp1_l4,cp2,cp2_l4,1900-01-01 16:09:00,7.0,75.0,True
l4_cp1_83,4,cp1,cp1_l4,cp2,cp2_l4,1900-01-01 16:17:00,8.0,73.0,True
l4_cp1_84,4,cp1,cp1_l4,cp2,cp2_l4,1900-01-01 16:22:00,5.0,75.0,True
l4_cp1_85,4,cp1,cp1_l4,cp2,cp2_l4,1900-01-01 16:27:00,5.0,70.0,True
l4_cp1_86,4,cp1,cp1_l4,cp2,cp2_l4,1900-01-01 16:32:00,5.0,71.0,True
l4_cp1_87,4,cp1,cp1_l4,cp2,cp2_l4,1900-01-01 16:41:00,9.0,73.0,True
l4_cp1_88,4,cp1,cp1_l4,cp2,cp2_l4,1900-01-01 16:48:00,7.0,73.0,True
l4_cp1_89,4,cp1,cp1_l4,cp2,cp2_l4,1900-01-01 16:56:00,8.0,74.0,True
l4_cp1_90,4,cp1,cp1_l4,cp2,cp2_l4,1900-01-01 17:06:00,10.0,70.0,True
l4_cp1_91,4,cp1,cp1_l4,cp2,cp2_l4,1900-01-01 17:12:00,6.0,70.0,True
l4_cp1_92,4,cp1,cp1_l4,cp2,cp2_l4,1900-01-01 17:21:00,9.0,71.0,True
l4_cp1_93,4,cp1,cp1_l4,cp2,cp2_l4,1900-01-01 17:27:00,6.0,72.0,True
l4_cp1_94,4,cp1,cp1_l4,cp2,cp2_l4,1900-01-01 17:35:00,8.0,74.0,True
l4_cp1_95,4,cp1,cp1_l4,cp2,cp2_l4,1900-01-01 17:42:00,7.0,73.0,True
l4_cp1_96,4,cp1,cp1_l4,cp2,cp2_l4,1900-01-01 17:51:00,9.0,71.0,True
l4_cp1_97,4,cp1,cp1_l4,cp2,cp2_l4,1900-01-01 17:59:00,8.0,72.0,True
l4_cp1_98,4,cp1,cp1_l4,cp2,cp2_l4,1900-01-01 18:04:00,5.0,73.0,True
l4_cp1_99,4,cp1,cp1_l4,cp2,cp2_l4,1900-01-01 18:13:00,9.0,70.0,True
l4_cp1_100,4,cp1,cp1_l4,cp2,cp2_l4,1900-01-01 18:22:00,9.0,71.0,True
l4_cp1_101,4,cp1,cp1_l4,cp2,cp2_l4,1900-01-01 18:28:00,6.0,71.0,True
l4_cp1_102,4,cp1,cp1_l4,cp2,cp2_l4,1900-01-01 18:38:00,10.0,72.0,True
l4_cp1_103,4,cp1,cp1_l4,cp2,cp2_l4,1900-01-01 18:45:00,7.0,72.0,True
l4_cp1_104,4,cp1,cp1_l4,cp2,cp2_l4,1900-01-01 18:51:00,6.0,72.0,True
l4_cp1_105,4,cp1,cp1_l4,cp2,cp2_l4,1900-01-01 18:58:00,7.0,74.0,True
l4_cp1_106,4,cp1,cp1_l4,cp2,cp2_l4,1900-01-01 19:07:00,9.0,75.0,True
l4_cp1_107,4,cp1,cp1_l4,cp2,cp2_l4,1900-01-01 19:16:00,9.0,72.0,True
l4_cp1_108,4,cp1,cp1_l4,cp2,cp2_l4,1900-01-01 19:25:00,9.0,74.0,True
l4_cp1_109,4,cp1,cp1_l4,cp2,cp2_l4,1900-01-01 19:31:00,6.0,73.0,True
l4_cp1_110,4,cp1,cp1_l4,cp2,cp2_l4,1900-01-01 19:39:00,8.0,70.0,True
l4_cp1_111,4,cp1,cp1_l4,cp2,cp2_l4,1900-01-01 19:44:00,5.0,70.0,True
l4_cp1_112,4,cp1,cp1_l4,cp2,cp2_l4,1900-01-01 19:53:00,9.0,75.0,True
l4_cp1_113,4,cp1,cp1_l4,cp2,cp2_l4,1900-01-01 20:01:00,8.0,75.0,True
l4_cp1_114,4,cp1,cp1_l4,cp2,cp2_l4,1900-01-01 20:09:00,8.0,73.0,True
l4_cp1_115,4,cp1,cp1_l4,cp2,cp2_l4,1900-01-01 20:17:00,8.0,75.0,True
l4_cp1_116,4,cp1,cp1_l4,cp2,cp2_l4,1900-01-01 20:25:00,8.0,75.0,True
l4_cp1_117,4,cp1,cp1_l4,cp2,cp2_l4,1900-01-01 20:32:00,7.0,73.0,True
l4_cp1_118,4,cp1,cp1_l4,cp2,cp2_l4,1900-01-01 20:41:00,9.0,71.0,True
l4_cp1_119,4,cp1,cp1_l4,cp2,cp2_l4,1900-01-01 20:51:00,10.0,71.0,True
l4_cp1_120,4,cp1,cp1_l4,cp2,cp2_l4,1900-01-01 21:00:00,9.0,73.0,True
l4_cp1_121,4,cp1,cp1_l4,cp2,cp2_l4,1900-01-01 21:06:00,6.0,75.0,True
l4_cp1_122,4,cp1,cp1_l4,cp2,cp2_l4,1900-01-01 21:15:00,9.0,73.0,True
l4_cp1_123,4,cp1,cp1_l4,cp2,cp2_l4,1900-01-01 21:23:00,8.0,73.0,True
l4_cp1_124,4,cp1,cp1_l4,cp2,cp2_l4,1900-01-01 21:30:00,7.0,73.0,True
l4_cp1_125,4,cp1,cp1_l4,cp2,cp2_l4,1900-01-01 21:39:00,9.0,73.0,True
l4_cp1_126,4,cp1,cp1_l4,cp2,cp2_l4,1900-01-01 21:48:00,9.0,74.0,True
l4_cp1_127,4,cp1,cp1_l4,cp2,cp2_l4,1900-01-01 21:59:00,11.0,72.0,True
l4_cp1_128,4,cp1,cp1_l4,cp2,cp2_l4,1900-01-01 22:04:00,5.0,73.0,True
l4_cp1_129,4,cp1,cp1_l4,cp2,cp2_l4,1900-01-01 22:13:00,9.0,71.0,True
l4_cp1_130,4,cp1,cp1_l4,cp2,cp2_l4,1900-01-01 22:20:00,7.0,75.0,True
l4_cp1_131,4,cp1,cp1_l4,cp2,cp2_l4,1900-01-01 22:28:00,8.0,71.0,True
l4_cp1_132,4,cp1,cp1_l4,cp2,cp2_l4,1900-01-01 22:38:00,10.0,75.0,True
l4_cp1_133,4,cp1,cp1_l4,cp2,cp2_l4,1900-01-01 22:43:00,5.0,72.0,True
l4_cp1_134,4,cp1,cp1_l4,cp2,cp2_l4,1900-01-01 22:52:00,9.0,75.0,True
l4_cp1_135,4,cp1,cp1_l4,cp2,cp2_l4,1900-01-01 22:58:00,6.0,74.0,True
l4_cp1_136,4,cp1,cp1_l4,cp2,cp2_l4,1900-01-01 23:06:00,8.0,70.0,True
l4_cp1_137,4,cp1,cp1_l4,cp2,cp2_l4,1900-01-01 23:15:00,9.0,73.0,True
l4_cp1_138,4,cp1,cp1_l4,cp2,cp2_l4,1900-01-01 23:23:00,8.0,71.0,True
l4_cp1_139,4,cp1,cp1_l4,cp2,cp2_l4,1900-01-01 23:31:00,8.0,72.0,True
l4_cp1_140,4,cp1,cp1_l4,cp2,cp2_l4,1900-01-01 23:39:00,8.0,71.0,True
l4_cp1_141,4,cp1,cp1_l4,cp2,cp2_l4,1900-01-01 23:46:00,7.0,73.0,True
l4_cp1_142,4,cp1,cp1_l4,cp2,cp2_l4,1900-01-01 23:54:00,8.0,72.0,True
l4_cp1_143,4,cp1,cp1_l4,cp2,cp2_l4,1900-01-02 00:03:00,9.0,75.0,True
l4_cp1_144,4,cp1,cp1_l4,cp2,cp2_l4,1900-01-02 00:10:00,7.0,71.0,True
l4_cp1_145,4,cp1,cp1_l4,cp2,cp2_l4,1900-01-02 00:17:00,7.0,75.0,True
l4_cp2_1,4,cp2,cp2_l4,cp1,cp1_l4,1900-01-01 06:00:00,,72.0,True
l4_cp2_2,4,cp2,cp2_l4,cp1,cp1_l4,1900-01-01 06:10:00,10.0,70.0,True
l4_cp2_3,4,cp2,cp2_l4,cp1,cp1_l4,1900-01-01 06:20:00,10.0,74.0,True
l4_cp2_4,4,cp2,cp2_l4,cp1,cp1_l4,1900-01-01 06:28:00,8.0,73.0,True
l4_cp2_5,4,cp2,cp2_l4,cp1,cp1_l4,1900-01-01 06:36:00,8.0,75.0,True
l4_cp2_6,4,cp2,cp2_l4,cp1,cp1_l4,1900-01-01 06:43:00,7.0,71.0,True
l4_cp2_7,4,cp2,cp2_l4,cp1,cp1_l4,1900-01-01 06:52:00,9.0,71.0,True
l4_cp2_8,4,cp2,cp2_l4,cp1,cp1_l4,1900-01-01 07:01:00,9.0,71.0,True
l4_cp2_9,4,cp2,cp2_l4,cp1,cp1_l4,1900-01-01 07:08:00,7.0,73.0,True
l4_cp2_10,4,cp2,cp2_l4,cp1,cp1_l4,1900-01-01 07:13:00,5.0,74.0,True
l4_cp2_11,4,cp2,cp2_l4,cp1,cp1_l4,1900-01-01 07:22:00,9.0,72.0,True
l4_cp2_12,4,cp2,cp2_l4,cp1,cp1_l4,1900-01-01 07:29:00,7.0,75.0,True
l4_cp2_13,4,cp2,cp2_l4,cp1,cp1_l4,1900-01-01 07:38:00,9.0,71.0,True
l4_cp2_14,4,cp2,cp2_l4,cp1,cp1_l4,1900-01-01 07:45:00,7.0,72.0,True
l4_cp2_15,4,cp2,cp2_l4,cp1,cp1_l4,1900-01-01 07:50:00,5.0,71.0,True
l4_cp2_16,4,cp2,cp2_l4,cp1,cp1_l4,1900-01-01 07:58:00,8.0,75.0,True
l4_cp2_17,4,cp2,cp2_l4,cp1,cp1_l4,1900-01-01 08:09:00,11.0,72.0,True
l4_cp2_18,4,cp2,cp2_l4,cp1,cp1_l4,1900-01-01 08:15:00,6.0,75.0,True
l4_cp2_19,4,cp2,cp2_l4,cp1,cp1_l4,1900-01-01 08:25:00,10.0,72.0,True
l4_cp2_20,4,cp2,cp2_l4,cp1,cp1_l4,1900-01-01 08:31:00,6.0,73.0,True
l4_cp2_21,4,cp2,cp2_l4,cp1,cp1_l4,1900-01-01 08:40:00,9.0,71.0,True
l4_cp2_22,4,cp2,cp2_l4,cp1,cp1_l4,1900-01-01 08:49:00,9.0,75.0,True
l4_cp2_23,4,cp2,cp2_l4,cp1,cp1_l4,1900-01-01 08:55:00,6.0,74.0,True
l4_cp2_24,4,cp2,cp2_l4,cp1,cp1_l4,1900-01-01 09:02:00,7.0,71.0,True
l4_cp2_25,4,cp2,cp2_l4,cp1,cp1_l4,1900-01-01 09:07:00,5.0,73.0,True
l4_cp2_26,4,cp2,cp2_l4,cp1,cp1_l4,1900-01-01 09:15:00,8.0,73.0,True
l4_cp2_27,4,cp2,cp2_l4,cp1,cp1_l4,1900-01-01 09:22:00,7.0,74.0,True
l4_cp2_28,4,cp2,cp2_l4,cp1,cp1_l4,1900-01-01 09:28:00,6.0,72.0,True
l4_cp2_29,4,cp2,cp2_l4,cp1,cp1_l4,1900-01-01 09:33:00,5.0,75.0,True
l4_cp2_30,4,cp2,cp2_l4,cp1,cp1_l4,1900-01-01 09:40:00,7.0,75.0,True
l4_cp2_31,4,cp2,cp2_l4,cp1,cp1_l4,1900-01-01 09:50:00,10.0,75.0,True
l4_cp2_32,4,cp2,cp2_l4,cp1,cp1_l4,1900-01-01 09:56:00,6.0,75.0,True
l4_cp2_33,4,cp2,cp2_l4,cp1,cp1_l4,1900-01-01 10:03:00,7.0,72.0,True
l4_cp2_34,4,cp2,cp2_l4,cp1,cp1_l4,1900-01-01 10:12:00,9.0,75.0,True
l4_cp2_35,4,cp2,cp2_l4,cp1,cp1_l4,1900-01-01 10:22:00,10.0,71.0,True
l4_cp2_36,4,cp2,cp2_l4,cp1,cp1_l4,1900-01-01 10:29:00,7.0,72.0,True
l4_cp2_37,4,cp2,cp2_l4,cp1,cp1_l4,1900-01-01 10:37:00,8.0,72.0,True
l4_cp2_38,4,cp2,cp2_l4,cp1,cp1_l4,1900-01-01 10:44:00,7.0,74.0,True
l4_cp2_39,4,cp2,cp2_l4,cp1,cp1_l4,1900-01-01 10:50:00,6.0,73.0,True
l4_cp2_40,4,cp2,cp2_l4,cp1,cp1_l4,1900-01-01 10:56:00,6.0,73.0,True
l4_cp2_41,4,cp2,cp2_l4,cp1,cp1_l4,1900-01-01 11:04:00,8.0,73.0,True
l4_cp2_42,4,cp2,cp2_l4,cp1,cp1_l4,1900-01-01 11:10:00,6.0,73.0,True
l4_cp2_43,4,cp2,cp2_l4,cp1,cp1_l4,1900-01-01 11:20:00,10.0,70.0,True
l4_cp2_44,4,cp2,cp2_l4,cp1,cp1_l4,1900-01-01 11:28:00,8.0,72.0,True
l4_cp2_45,4,cp2,cp2_l4,cp1,cp1_l4,1900-01-01 11:33:00,5.0,74.0,True
l4_cp2_46,4,cp2,cp2_l4,cp1,cp1_l4,1900-01-01 11:40:00,7.0,73.0,True
l4_cp2_47,4,cp2,cp2_l4,cp1,cp1_l4,1900-01-01 11:46:00,6.0,73.0,True
l4_cp2_48,4,cp2,cp2_l4,cp1,cp1_l4,1900-01-01 11:56:00,10.0,70.0,True
l4_cp2_49,4,cp2,cp2_l4,cp1,cp1_l4,1900-01-01 12:03:00,7.0,74.0,True
l4_cp2_50,4,cp2,cp2_l4,cp1,cp1_l4,1900-01-01 12:11:00,8.0,74.0,True
l4_cp2_51,4,cp2,cp2_l4,cp1,cp1_l4,1900-01-01 12:20:00,9.0,70.0,True
l4_cp2_52,4,cp2,cp2_l4,cp1,cp1_l4,1900-01-01 12:28:00,8.0,73.0,True
l4_cp2_53,4,cp2,cp2_l4,cp1,cp1_l4,1900-01-01 12:35:00,7.0,75.0,True
l4_cp2_54,4,cp2,cp2_l4,cp1,cp1_l4,1900-01-01 12:41:00,6.0,71.0,True
l4_cp2_55,4,cp2,cp2_l4,cp1,cp1_l4,1900-01-01 12:51:00,10.0,73.0,True
l4_cp2_56,4,cp2,cp2_l4,cp1,cp1_l4,1900-01-01 12:56:00,5.0,70.0,True
l4_cp2_57,4,cp2,cp2_l4,cp1,cp1_l4,1900-01-01 13:05:00,9.0,75.0,True
l4_cp2_58,4,cp2,cp2_l4,cp1,cp1_l4,1900-01-01 13:15:00,10.0,75.0,True
l4_cp2_59,4,cp2,cp2_l4,cp1,cp1_l4,1900-01-01 13:22:00,7.0,73.0,True
l4_cp2_60,4,cp2,cp2_l4,cp1,cp1_l4,1900-01-01 13:27:00,5.0,73.0,True
l4_cp2_61,4,cp2,cp2_l4,cp1,cp1_l4,1900-01-01 13:32:00,5.0,71.0,True
l4_cp2_62,4,cp2,cp2_l4,cp1,cp1_l4,1900-01-01 13:43:00,11.0,73.0,True
l4_cp2_63,4,cp2,cp2_l4,cp1,cp1_l4,1900-01-01 13:51:00,8.0,70.0,True
l4_cp2_64,4,cp2,cp2_l4,cp1,cp1_l4,1900-01-01 13:59:00,8.0,70.0,True
l4_cp2_65,4,cp2,cp2_l4,cp1,cp1_l4,1900-01-01 14:07:00,8.0,72.0,True
l4_cp2_66,4,cp2,cp2_l4,cp1,cp1_l4,1900-01-01 14:16:00,9.0,73.0,True
l4_cp2_67,4,cp2,cp2_l4,cp1,cp1_l4,1900-01-01 14:25:00,9.0,72.0,True
l4_cp2_68,4,cp2,cp2_l4,cp1,cp1_l4,1900-01-01 14:30:00,5.0,73.0,True
l4_cp2_69,4,cp2,cp2_l4,cp1,cp1_l4,1900-01-01 14:40:00,10.0,71.0,True
l4_cp2_70,4,cp2,cp2_l4,cp1,cp1_l4,1900-01-01 14:45:00,5.0,73.0,True
l4_cp2_71,4,cp2,cp2_l4,cp1,cp1_l4,1900-01-01 14:54:00,9.0,75.0,True
l4_cp2_72,4,cp2,cp2_l4,cp1,cp1_l4,1900-01-01 15:01:00,7.0,73.0,True
l4_cp2_73,4,cp2,cp2_l4,cp1,cp1_l4,1900-01-01 15:06:00,5.0,75.0,True
l4_cp2_74,4,cp2,cp2_l4,cp1,cp1_l4,1900-01-01 15:14:00,8.0,75.0,True
l4_cp2_75,4,cp2,cp2_l4,cp1,cp1_l4,1900-01-01 15:21:00,7.0,74.0,True
l4_cp2_76,4,cp2,cp2_l4,cp1,cp1_l4,1900-01-01 15:29:00,8.0,71.0,True
l4_cp2_77,4,cp2,cp2_l4,cp1,cp1_l4,1900-01-01 15:35:00,6.0,71.0,True
l4_cp2_78,4,cp2,cp2_l4,cp1,cp1_l4,1900-01-01 15:42:00,7.0,74.0,True
l4_cp2_79,4,cp2,cp2_l4,cp1,cp1_l4,1900-01-01 15:48:00,6.0,75.0,True
l4_cp2_80,4,cp2,cp2_l4,cp1,cp1_l4,1900-01-01 15:57:00,9.0,70.0,True
l4_cp2_81,4,cp2,cp2_l4,cp1,cp1_l4,1900-01-01 16:04:00,7.0,75.0,True
l4_cp2_82,4,cp2,cp2_l4,cp1,cp1_l4,1900-01-01 16:11:00,7.0,71.0,True
l4_cp2_83,4,cp2,cp2_l4,cp1,cp1_l4,1900-01-01 16:20:00,9.0,72.0,True
l4_cp2_84,4,cp2,cp2_l4,cp1,cp1_l4,1900-01-01 16:26:00,6.0,70.0,True
l4_cp2_85,4,cp2,cp2_l4,cp1,cp1_l4,1900-01-01 16:34:00,8.0,70.0,True
l4_cp2_86,4,cp2,cp2_l4,cp1,cp1_l4,1900-01-01 16:41:00,7.0,75.0,True
l4_cp2_87,4,cp2,cp2_l4,cp1,cp1_l4,1900-01-01 16:51:00,10.0,70.0,True
l4_cp2_88,4,cp2,cp2_l4,cp1,cp1_l4,1900-01-01 16:59:00,8.0,75.0,True
l4_cp2_89,4,cp2,cp2_l4,cp1,cp1_l4,1900-01-01 17:06:00,7.0,74.0,True
l4_cp2_90,4,cp2,cp2_l4,cp1,cp1_l4,1900-01-01 17:11:00,5.0,70.0,True
l4_cp2_91,4,cp2,cp2_l4,cp1,cp1_l4,1900-01-01 17:16:00,5.0,75.0,True
l4_cp2_92,4,cp2,cp2_l4,cp1,cp1_l4,1900-01-01 17:24:00,8.0,74.0,True
l4_cp2_93,4,cp2,cp2_l4,cp1,cp1_l4,1900-01-01 17:35:00,11.0,75.0,True
l4_cp2_94,4,cp2,cp2_l4,cp1,cp1_l4,1900-01-01 17:40:00,5.0,74.0,True
l4_cp2_95,4,cp2,cp2_l4,cp1,cp1_l4,1900-01-01 17:48:00,8.0,73.0,True
l4_cp2_96,4,cp2,cp2_l4,cp1,cp1_l4,1900-01-01 17:54:00,6.0,75.0,True
l4_cp2_97,4,cp2,cp2_l4,cp1,cp1_l4,1900-01-01 18:01:00,7.0,75.0,True
l4_cp2_98,4,cp2,cp2_l4,cp1,cp1_l4,1900-01-01 18:11:00,10.0,70.0,True
l4_cp2_99,4,cp2,cp2_l4,cp1,cp1_l4,1900-01-01 18:20:00,9.0,73.0,True
l4_cp2_100,4,cp2,cp2_l4,cp1,cp1_l4,1900-01-01 18:26:00,6.0,72.0,True
l4_cp2_101,4,cp2,cp2_l4,cp1,cp1_l4,1900-01-01 18:35:00,9.0,72.0,True
l4_cp2_102,4,cp2,cp2_l4,cp1,cp1_l4,1900-01-01 18:43:00,8.0,72.0,True
l4_cp2_103,4,cp2,cp2_l4,cp1,cp1_l4,1900-01-01 18:50:00,7.0,74.0,True
l4_cp2_104,4,cp2,cp2_l4,cp1,cp1_l4,1900-01-01 19:00:00,10.0,73.0,True
l4_cp2_105,4,cp2,cp2_l4,cp1,cp1_l4,1900-01-01 19:05:00,5.0,73.0,True
l4_cp2_106,4,cp2,cp2_l4,cp1,cp1_l4,1900-01-01 19:12:00,7.0,70.0,True
l4_cp2_107,4,cp2,cp2_l4,cp1,cp1_l4,1900-01-01 19:24:00,12.0,75.0,True
l4_cp2_108,4,cp2,cp2_l4,cp1,cp1_l4,1900-01-01 19:33:00,9.0,70.0,True
l4_cp2_109,4,cp2,cp2_l4,cp1,cp1_l4,1900-01-01 19:43:00,10.0,74.0,True
l4_cp2_110,4,cp2,cp2_l4,cp1,cp1_l4,1900-01-01 19:51:00,8.0,74.0,True
l4_cp2_111,4,cp2,cp2_l4,cp1,cp1_l4,1900-01-01 19:57:00,6.0,71.0,True
l4_cp2_112,4,cp2,cp2_l4,cp1,cp1_l4,1900-01-01 20:02:00,5.0,75.0,True
l4_cp2_113,4,cp2,cp2_l4,cp1,cp1_l4,1900-01-01 20:07:00,5.0,71.0,True
l4_cp2_114,4,cp2,cp2_l4,cp1,cp1_l4,1900-01-01 20:13:00,6.0,74.0,True
l4_cp2_115,4,cp2,cp2_l4,cp1,cp1_l4,1900-01-01 20:22:00,9.0,70.0,True
l4_cp2_116,4,cp2,cp2_l4,cp1,cp1_l4,1900-01-01 20:27:00,5.0,70.0,True
l4_cp2_117,4,cp2,cp2_l4,cp1,cp1_l4,1900-01-01 20:36:00,9.0,71.0,True
l4_cp2_118,4,cp2,cp2_l4,cp1,cp1_l4,1900-01-01 20:44:00,8.0,72.0,True
l4_cp2_119,4,cp2,cp2_l4,cp1,cp1_l4,1900-01-01 20:53:00,9.0,75.0,True
l4_cp2_120,4,cp2,cp2_l4,cp1,cp1_l4,1900-01-01 21:03:00,10.0,74.0,True
l4_cp2_121,4,cp2,cp2_l4,cp1,cp1_l4,1900-01-01 21:15:00,12.0,75.0,True
l4_cp2_122,4,cp2,cp2_l4,cp1,cp1_l4,1900-01-01 21:22:00,7.0,75.0,True
l4_cp2_123,4,cp2,cp2_l4,cp1,cp1_l4,1900-01-01 21:28:00,6.0,73.0,True
l4_cp2_124,4,cp2,cp2_l4,cp1,cp1_l4,1900-01-01 21:34:00,6.0,70.0,True
l4_cp2_125,4,cp2,cp2_l4,cp1,cp1_l4,1900-01-01 21:41:00,7.0,72.0,True
l4_cp2_126,4,cp2,cp2_l4,cp1,cp1_l4,1900-01-01 21:48:00,7.0,72.0,True
l4_cp2_127,4,cp2,cp2_l4,cp1,cp1_l4,1900-01-01 21:54:00,6.0,70.0,True
l4_cp2_128,4,cp2,cp2_l4,cp1,cp1_l4,1900-01-01 21:59:00,5.0,72.0,True
l4_cp2_129,4,cp2,cp2_l4,cp1,cp1_l4,1900-01-01 22:06:00,7.0,72.0,True
l4_cp2_130,4,cp2,cp2_l4,cp1,cp1_l4,1900-01-01 22:13:00,7.0,74.0,True
l4_cp2_131,4,cp2,cp2_l4,cp1,cp1_l4,1900-01-01 22:18:00,5.0,70.0,True
l4_cp2_132,4,cp2,cp2_l4,cp1,cp1_l4,1900-01-01 22:23:00,5.0,70.0,True
l4_cp2_133,4,cp2,cp2_l4,cp1,cp1_l4,1900-01-01 22:33:00,10.0,74.0,True
l4_cp2_134,4,cp2,cp2_l4,cp1,cp1_l4,1900-01-01 22:38:00,5.0,71.0,True
l4_cp2_135,4,cp2,cp2_l4,cp1,cp1_l4,1900-01-01 22:43:00,5.0,74.0,True
l4_cp2_136,4,cp2,cp2_l4,cp1,cp1_l4,1900-01-01 22:48:00,5.0,75.0,True
l4_cp2_137,4,cp2,cp2_l4,cp1,cp1_l4,1900-01-01 22:57:00,9.0,71.0,True
l4_cp2_138,4,cp2,cp2_l4,cp1,cp1_l4,1900-01-01 23:08:00,11.0,73.0,True
l4_cp2_139,4,cp2,cp2_l4,cp1,cp1_l4,1900-01-01 23:14:00,6.0,70.0,True
l4_cp2_140,4,cp2,cp2_l4,cp1,cp1_l4,1900-01-01 23:20:00,6.0,75.0,True
l4_cp2_141,4,cp2,cp2_l4,cp1,cp1_l4,1900-01-01 23:28:00,8.0,71.0,True
l4_cp2_142,4,cp2,cp2_l4,cp1,cp1_l4,1900-01-01 23:37:00,9.0,75.0,True
l4_cp2_143,4,cp2,cp2_l4,cp1,cp1_l4,1900-01-01 23:50:00,13.0,71.0,True
l4_cp2_144,4,cp2,cp2_l4,cp1,cp1_l4,1900-01-01 23:58:00,8.0,75.0,True
l4_cp2_145,4,cp2,cp2_l4,cp1,cp1_l4,1900-01-02 00:03:00,5.0,70.0,True
l59_cp1_1,59,cp1,cp1_l59,cp2,cp2_l59,1900-01-01 05:50:00,,71.0,True
l59_cp1_2,59,cp1,cp1_l59,cp2,cp2_l59,1900-01-01 05:57:00,7.0,70.0,True
l59_cp1_3,59,cp1,cp1_l59,cp2,cp2_l59,1900-01-01 06:02:00,5.0,70.0,True
l59_cp1_4,59,cp1,cp1_l59,cp2,cp2_l59,1900-01-01 06:09:00,7.0,73.0,True
l59_cp1_5,59,cp1,cp1_l59,cp2,cp2_l59,1900-01-01 06:17:00,8.0,74.0,True
l59_cp1_6,59,cp1,cp1_l59,cp2,cp2_l59,1900-01-01 06:26:00,9.0,75.0,True
l59_cp1_7,59,cp1,cp1_l59,cp2,cp2_l59,1900-01-01 06:34:00,8.0,75.0,True
l59_cp1_8,59,cp1,cp1_l59,cp2,cp2_l59,1900-01-01 06:43:00,9.0,75.0,True
l59_cp1_9,59,cp1,cp1_l59,cp2,cp2_l59,1900-01-01 06:48:00,5.0,73.0,True
l59_cp1_10,59,cp1,cp1_l59,cp2,cp2_l59,1900-01-01 06:56:00,8.0,72.0,True
l59_cp1_11,59,cp1,cp1_l59,cp2,cp2_l59,1900-01-01 07:07:00,11.0,73.0,True
l59_cp1_12,59,cp1,cp1_l59,cp2,cp2_l59,1900-01-01 07:17:00,10.0,70.0,True
l59_cp1_13,59,cp1,cp1_l59,cp2,cp2_l59,1900-01-01 07:22:00,5.0,71.0,True
l59_cp1_14,59,cp1,cp1_l59,cp2,cp2_l59,1900-01-01 07:31:00,9.0,73.0,True
l59_cp1_15,59,cp1,cp1_l59,cp2,cp2_l59,1900-01-01 07:36:00,5.0,72.0,True
l59_cp1_16,59,cp1,cp1_l59,cp2,cp2_l59,1900-01-01 07:45:00,9.0,74.0,True
l59_cp1_17,59,cp1,cp1_l59,cp2,cp2_l59,1900-01-01 07:51:00,6.0,71.0,True
l59_cp1_18,59,cp1,cp1_l59,cp2,cp2_l59,1900-01-01 07:59:00,8.0,71.0,True
l59_cp1_19,59,cp1,cp1_l59,cp2,cp2_l59,1900-01-01 08:07:00,8.0,73.0,True
l59_cp1_20,59,cp1,cp1_l59,cp2,cp2_l59,1900-01-01 08:18:00,11.0,70.0,True
l59_cp1_21,59,cp1,cp1_l59,cp2,cp2_l59,1900-01-01 08:25:00,7.0,75.0,True
l59_cp1_22,59,cp1,cp1_l59,cp2,cp2_l59,1900-01-01 08:31:00,6.0,72.0,True
l59_cp1_23,59,cp1,cp1_l59,cp2,cp2_l59,1900-01-01 08:39:00,8.0,72.0,True
l59_cp1_24,59,cp1,cp1_l59,cp2,cp2_l59,1900-01-01 08:47:00,8.0,70.0,True
l59_cp1_25,59,cp1,cp1_l59,cp2,cp2_l59,1900-01-01 08:56:00,9.0,71.0,True
l59_cp1_26,59,cp1,cp1_l59,cp2,cp2_l59,1900-01-01 09:01:00,5.0,70.0,True
l59_cp1_27,59,cp1,cp1_l59,cp2,cp2_l59,1900-01-01 09:06:00,5.0,74.0,True
l59_cp1_28,59,cp1,cp1_l59,cp2,cp2_l59,1900-01-01 09:13:00,7.0,71.0,True
l59_cp1_29,59,cp1,cp1_l59,cp2,cp2_l59,1900-01-01 09:18:00,5.0,72.0,True
l59_cp1_30,59,cp1,cp1_l59,cp2,cp2_l59,1900-01-01 09:24:00,6.0,75.0,True
l59_cp1_31,59,cp1,cp1_l59,cp2,cp2_l59,1900-01-01 09:34:00,10.0,75.0,True
l59_cp1_32,59,cp1,cp1_l59,cp2,cp2_l59,1900-01-01 09:41:00,7.0,72.0,True
l59_cp1_33,59,cp1,cp1_l59,cp2,cp2_l59,1900-01-01 09:50:00,9.0,75.0,True
l59_cp1_34,59,cp1,cp1_l59,cp2,cp2_l59,1900-01-01 09:59:00,9.0,74.0,True
l59_cp1_35,59,cp1,cp1_l59,cp2,cp2_l59,1900-01-01 10:07:00,8.0,70.0,True
l59_cp1_36,59,cp1,cp1_l59,cp2,cp2_l59,1900-01-01 10:15:00,8.0,74.0,True
l59_cp1_37,59,cp1,cp1_l59,cp2,cp2_l59,1900-01-01 10:22:00,7.0,71.0,True
l59_cp1_38,59,cp1,cp1_l59,cp2,cp2_l59,1900-01-01 10:31:00,9.0,71.0,True
l59_cp1_39,59,cp1,cp1_l59,cp2,cp2_l59,1900-01-01 10:36:00,5.0,71.0,True
l59_cp1_40,59,cp1,cp1_l59,cp2,cp2_l59,1900-01-01 10:43:00,7.0,73.0,True
l59_cp1_41,59,cp1,cp1_l59,cp2,cp2_l59,1900-01-01 10:52:00,9.0,71.0,True
l59_cp1_42,59,cp1,cp1_l59,cp2,cp2_l59,1900-01-01 10:57:00,5.0,73.0,True
l59_cp1_43,59,cp1,cp1_l59,cp2,cp2_l59,1900-01-01 11:03:00,6.0,74.0,True
l59_cp1_44,59,cp1,cp1_l59,cp2,cp2_l59,1900-01-01 11:10:00,7.0,75.0,True
l59_cp1_45,59,cp1,cp1_l59,cp2,cp2_l59,1900-01-01 11:17:00,7.0,73.0,True
l59_cp1_46,59,cp1,cp1_l59,cp2,cp2_l59,1900-01-01 11:26:00,9.0,74.0,True
l59_cp1_47,59,cp1,cp1_l59,cp2,cp2_l59,1900-01-01 11:34:00,8.0,73.0,True
l59_cp1_48,59,cp1,cp1_l59,cp2,cp2_l59,1900-01-01 11:42:00,8.0,70.0,True
l59_cp1_49,59,cp1,cp1_l59,cp2,cp2_l59,1900-01-01 11:47:00,5.0,74.0,True
l59_cp1_50,59,cp1,cp1_l59,cp2,cp2_l59,1900-01-01 11:55:00,8.0,71.0,True
l59_cp2_1,59,cp2,cp2_l59,cp1,cp1_l59,1900-01-01 06:00:00,,71.0,True
l59_cp2_2,59,cp2,cp2_l59,cp1,cp1_l59,1900-01-01 06:06:00,6.0,70.0,True
l59_cp2_3,59,cp2,cp2_l59,cp1,cp1_l59,1900-01-01 06:13:00,7.0,71.0,True
l59_cp2_4,59,cp2,cp2_l59,cp1,cp1_l59,1900-01-01 06:23:00,10.0,74.0,True
l59_cp2_5,59,cp2,cp2_l59,cp1,cp1_l59,1900-01-01 06:28:00,5.0,74.0,True
l59_cp2_6,59,cp2,cp2_l59,cp1,cp1_l59,1900-01-01 06:35:00,7.0,75.0,True
l59_cp2_7,59,cp2,cp2_l59,cp1,cp1_l59,1900-01-01 06:41:00,6.0,75.0,True
l59_cp2_8,59,cp2,cp2_l59,cp1,cp1_l59,1900-01-01 06:51:00,10.0,75.0,True
l59_cp2_9,59,cp2,cp2_l59,cp1,cp1_l59,1900-01-01 06:58:00,7.0,72.0,True
l59_cp2_10,59,cp2,cp2_l59,cp1,cp1_l59,1900-01-01 07:07:00,9.0,74.0,True
l59_cp2_11,59,cp2,cp2_l59,cp1,cp1_l59,1900-01-01 07:18:00,11.0,74.0,True
l59_cp2_12,59,cp2,cp2_l59,cp1,cp1_l59,1900-01-01 07:27:00,9.0,71.0,True
l59_cp2_13,59,cp2,cp2_l59,cp1,cp1_l59,1900-01-01 07:33:00,6.0,72.0,True
l59_cp2_14,59,cp2,cp2_l59,cp1,cp1_l59,1900-01-01 07:38:00,5.0,74.0,True
l59_cp2_15,59,cp2,cp2_l59,cp1,cp1_l59,1900-01-01 07:47:00,9.0,73.0,True
l59_cp2_16,59,cp2,cp2_l59,cp1,cp1_l59,1900-01-01 07:52:00,5.0,70.0,True
l59_cp2_17,59,cp2,cp2_l59,cp1,cp1_l59,1900-01-01 08:03:00,11.0,71.0,True
l59_cp2_18,59,cp2,cp2_l59,cp1,cp1_l59,1900-01-01 08:13:00,10.0,72.0,True
l59_cp2_19,59,cp2,cp2_l59,cp1,cp1_l59,1900-01-01 08:19:00,6.0,71.0,True
l59_cp2_20,59,cp2,cp2_l59,cp1,cp1_l59,1900-01-01 08:24:00,5.0,71.0,True
l59_cp2_21,59,cp2,cp2_l59,cp1,cp1_l59,1900-01-01 08:33:00,9.0,70.0,True
l59_cp2_22,59,cp2,cp2_l59,cp1,cp1_l59,1900-01-01 08:43:00,10.0,75.0,True
l59_cp2_23,59,cp2,cp2_l59,cp1,cp1_l59,1900-01-01 08:52:00,9.0,74.0,True
l59_cp2_24,59,cp2,cp2_l59,cp1,cp1_l59,1900-01-01 09:01:00,9.0,74.0,True
l59_cp2_25,59,cp2,cp2_l59,cp1,cp1_l59,1900-01-01 09:06:00,5.0,73.0,True
l59_cp2_26,59,cp2,cp2_l59,cp1,cp1_l59,1900-01-01 09:12:00,6.0,72.0,True
l59_cp2_27,59,cp2,cp2_l59,cp1,cp1_l59,1900-01-01 09:20:00,8.0,70.0,True
l59_cp2_28,59,cp2,cp2_l59,cp1,cp1_l59,1900-01-01 09:29:00,9.0,75.0,True
l59_cp2_29,59,cp2,cp2_l59,cp1,cp1_l59,1900-01-01 09:34:00,5.0,73.0,True
l59_cp2_30,59,cp2,cp2_l59,cp1,cp1_l59,1900-01-01 09:39:00,5.0,73.0,True
l59_cp2_31,59,cp2,cp2_l59,cp1,cp1_l59,1900-01-01 09:45:00,6.0,72.0,True
l59_cp2_32,59,cp2,cp2_l59,cp1,cp1_l59,1900-01-01 09:50:00,5.0,72.0,True
l59_cp2_33,59,cp2,cp2_l59,cp1,cp1_l59,1900-01-01 09:59:00,9.0,70.0,True
l59_cp2_34,59,cp2,cp2_l59,cp1,cp1_l59,1900-01-01 10:04:00,5.0,74.0,True
l59_cp2_35,59,cp2,cp2_l59,cp1,cp1_l59,1900-01-01 10:12:00,8.0,70.0,True
l59_cp2_36,59,cp2,cp2_l59,cp1,cp1_l59,1900-01-01 10:18:00,6.0,73.0,True
l59_cp2_37,59,cp2,cp2_l59,cp1,cp1_l59,1900-01-01 10:25:00,7.0,70.0,True
l59_cp2_38,59,cp2,cp2_l59,cp1,cp1_l59,1900-01-01 10:31:00,6.0,73.0,True
l59_cp2_39,59,cp2,cp2_l59,cp1,cp1_l59,1900-01-01 10:42:00,11.0,71.0,True
l59_cp2_40,59,cp2,cp2_l59,cp1,cp1_l59,1900-01-01 10:47:00,5.0,74.0,True
l59_cp2_41,59,cp2,cp2_l59,cp1,cp1_l59,1900-01-01 10:52:00,5.0,70.0,True
l59_cp2_42,59,cp2,cp2_l59,cp1,cp1_l59,1900-01-01 11:03:00,11.0,70.0,True
l59_cp2_43,59,cp2,cp2_l59,cp1,cp1_l59,1900-01-01 11:14:00,11.0,73.0,True
l59_cp2_44,59,cp2,cp2_l59,cp1,cp1_l59,1900-01-01 11:23:00,9.0,72.0,True
l59_cp2_45,59,cp2,cp2_l59,cp1,cp1_l59,1900-01-01 11:31:00,8.0,74.0,True
l59_cp2_46,59,cp2,cp2_l59,cp1,cp1_l59,1900-01-01 11:40:00,9.0,73.0,True
l59_cp2_47,59,cp2,cp2_l59,cp1,cp1_l59,1900-01-01 11:47:00,7.0,72.0,True
l59_cp2_48,59,cp2,cp2_l59,cp1,cp1_l59,1900-01-01 11:53:00,6.0,73.0,True
l59_cp2_49,59,cp2,cp2_l59,cp1,cp1_l59,1900-01-01 12:00:00,7.0,71.0,True
l59_cp2_50,59,cp2,cp2_l59,cp1,cp1_l59,1900-01-01 12:05:00,5.0,74.0,True
l60_cp1_1,60,cp1,cp1_l60,cp2,cp2_l60,1900-01-01 05:50:00,,75.0,True
l60_cp1_2,60,cp1,cp1_l60,cp2,cp2_l60,1900-01-01 05:56:00,6.0,73.0,True
l60_cp1_3,60,cp1,cp1_l60,cp2,cp2_l60,1900-01-01 06:02:00,6.0,70.0,True
l60_cp1_4,60,cp1,cp1_l60,cp2,cp2_l60,1900-01-01 06:13:00,11.0,70.0,True
l60_cp1_5,60,cp1,cp1_l60,cp2,cp2_l60,1900-01-01 06:18:00,5.0,71.0,True
l60_cp1_6,60,cp1,cp1_l60,cp2,cp2_l60,1900-01-01 06:26:00,8.0,75.0,True
l60_cp1_7,60,cp1,cp1_l60,cp2,cp2_l60,1900-01-01 06:36:00,10.0,70.0,True
l60_cp1_8,60,cp1,cp1_l60,cp2,cp2_l60,1900-01-01 06:45:00,9.0,73.0,True
l60_cp1_9,60,cp1,cp1_l60,cp2,cp2_l60,1900-01-01 06:55:00,10.0,71.0,True
l60_cp1_10,60,cp1,cp1_l60,cp2,cp2_l60,1900-01-01 07:04:00,9.0,73.0,True
l60_cp1_11,60,cp1,cp1_l60,cp2,cp2_l60,1900-01-01 07:13:00,9.0,75.0,True
l60_cp1_12,60,cp1,cp1_l60,cp2,cp2_l60,1900-01-01 07:20:00,7.0,72.0,True
l60_cp1_13,60,cp1,cp1_l60,cp2,cp2_l60,1900-01-01 07:26:00,6.0,70.0,True
l60_cp1_14,60,cp1,cp1_l60,cp2,cp2_l60,1900-01-01 07:34:00,8.0,72.0,True
l60_cp1_15,60,cp1,cp1_l60,cp2,cp2_l60,1900-01-01 07:42:00,8.0,74.0,True
l60_cp1_16,60,cp1,cp1_l60,cp2,cp2_l60,1900-01-01 07:50:00,8.0,70.0,True
l60_cp1_17,60,cp1,cp1_l60,cp2,cp2_l60,1900-01-01 07:55:00,5.0,71.0,True
l60_cp1_18,60,cp1,cp1_l60,cp2,cp2_l60,1900-01-01 08:03:00,8.0,75.0,True
l60_cp1_19,60,cp1,cp1_l60,cp2,cp2_l60,1900-01-01 08:13:00,10.0,74.0,True
l60_cp1_20,60,cp1,cp1_l60,cp2,cp2_l60,1900-01-01 08:18:00,5.0,72.0,True
l60_cp1_21,60,cp1,cp1_l60,cp2,cp2_l60,1900-01-01 08:23:00,5.0,75.0,True
l60_cp1_22,60,cp1,cp1_l60,cp2,cp2_l60,1900-01-01 08:33:00,10.0,75.0,True
l60_cp1_23,60,cp1,cp1_l60,cp2,cp2_l60,1900-01-01 08:40:00,7.0,73.0,True
l60_cp1_24,60,cp1,cp1_l60,cp2,cp2_l60,1900-01-01 08:48:00,8.0,75.0,True
l60_cp1_25,60,cp1,cp1_l60,cp2,cp2_l60,1900-01-01 08:55:00,7.0,72.0,True
l60_cp1_26,60,cp1,cp1_l60,cp2,cp2_l60,1900-01-01 09:04:00,9.0,75.0,True
l60_cp1_27,60,cp1,cp1_l60,cp2,cp2_l60,1900-01-01 09:11:00,7.0,70.0,True
l60_cp1_28,60,cp1,cp1_l60,cp2,cp2_l60,1900-01-01 09:19:00,8.0,72.0,True
l60_cp1_29,60,cp1,cp1_l60,cp2,cp2_l60,1900-01-01 09:26:00,7.0,74.0,True
l60_cp1_30,60,cp1,cp1_l60,cp2,cp2_l60,1900-01-01 09:34:00,8.0,74.0,True
l60_cp1_31,60,cp1,cp1_l60,cp2,cp2_l60,1900-01-01 09:45:00,11.0,73.0,True
l60_cp1_32,60,cp1,cp1_l60,cp2,cp2_l60,1900-01-01 09:53:00,8.0,70.0,True
l60_cp1_33,60,cp1,cp1_l60,cp2,cp2_l60,1900-01-01 10:00:00,7.0,70.0,True
l60_cp1_34,60,cp1,cp1_l60,cp2,cp2_l60,1900-01-01 10:07:00,7.0,71.0,True
l60_cp1_35,60,cp1,cp1_l60,cp2,cp2_l60,1900-01-01 10:14:00,7.0,73.0,True
l60_cp1_36,60,cp1,cp1_l60,cp2,cp2_l60,1900-01-01 10:24:00,10.0,75.0,True
l60_cp1_37,60,cp1,cp1_l60,cp2,cp2_l60,1900-01-01 10:32:00,8.0,71.0,True
l60_cp1_38,60,cp1,cp1_l60,cp2,cp2_l60,1900-01-01 10:40:00,8.0,71.0,True
l60_cp1_39,60,cp1,cp1_l60,cp2,cp2_l60,1900-01-01 10:48:00,8.0,75.0,True
l60_cp1_40,60,cp1,cp1_l60,cp2,cp2_l60,1900-01-01 10:55:00,7.0,73.0,True
l60_cp1_41,60,cp1,cp1_l60,cp2,cp2_l60,1900-01-01 11:03:00,8.0,75.0,True
l60_cp1_42,60,cp1,cp1_l60,cp2,cp2_l60,1900-01-01 11:10:00,7.0,73.0,True
l60_cp1_43,60,cp1,cp1_l60,cp2,cp2_l60,1900-01-01 11:22:00,12.0,71.0,True
l60_cp1_44,60,cp1,cp1_l60,cp2,cp2_l60,1900-01-01 11:31:00,9.0,75.0,True
l60_cp1_45,60,cp1,cp1_l60,cp2,cp2_l60,1900-01-01 11:37:00,6.0,73.0,True
l60_cp1_46,60,cp1,cp1_l60,cp2,cp2_l60,1900-01-01 11:43:00,6.0,71.0,True
l60_cp1_47,60,cp1,cp1_l60,cp2,cp2_l60,1900-01-01 11:50:00,7.0,73.0,True
l60_cp1_48,60,cp1,cp1_l60,cp2,cp2_l60,1900-01-01 11:57:00,7.0,75.0,True
l60_cp1_49,60,cp1,cp1_l60,cp2,cp2_l60,1900-01-01 12:04:00,7.0,70.0,True
l60_cp1_50,60,cp1,cp1_l60,cp2,cp2_l60,1900-01-01 12:11:00,7.0,73.0,True
l60_cp1_51,60,cp1,cp1_l60,cp2,cp2_l60,1900-01-01 12:20:00,9.0,70.0,True
l60_cp1_52,60,cp1,cp1_l60,cp2,cp2_l60,1900-01-01 12:27:00,7.0,71.0,True
l60_cp1_53,60,cp1,cp1_l60,cp2,cp2_l60,1900-01-01 12:34:00,7.0,72.0,True
l60_cp1_54,60,cp1,cp1_l60,cp2,cp2_l60,1900-01-01 12:44:00,10.0,75.0,True
l60_cp1_55,60,cp1,cp1_l60,cp2,cp2_l60,1900-01-01 12:51:00,7.0,70.0,True
l60_cp1_56,60,cp1,cp1_l60,cp2,cp2_l60,1900-01-01 13:02:00,11.0,70.0,True
l60_cp1_57,60,cp1,cp1_l60,cp2,cp2_l60,1900-01-01 13:07:00,5.0,70.0,True
l60_cp1_58,60,cp1,cp1_l60,cp2,cp2_l60,1900-01-01 13:17:00,10.0,70.0,True
l60_cp1_59,60,cp1,cp1_l60,cp2,cp2_l60,1900-01-01 13:22:00,5.0,72.0,True
l60_cp1_60,60,cp1,cp1_l60,cp2,cp2_l60,1900-01-01 13:31:00,9.0,71.0,True
l60_cp2_1,60,cp2,cp2_l60,cp1,cp1_l60,1900-01-01 06:00:00,,75.0,True
l60_cp2_2,60,cp2,cp2_l60,cp1,cp1_l60,1900-01-01 06:09:00,9.0,72.0,True
l60_cp2_3,60,cp2,cp2_l60,cp1,cp1_l60,1900-01-01 06:16:00,7.0,71.0,True
l60_cp2_4,60,cp2,cp2_l60,cp1,cp1_l60,1900-01-01 06:22:00,6.0,71.0,True
l60_cp2_5,60,cp2,cp2_l60,cp1,cp1_l60,1900-01-01 06:32:00,10.0,70.0,True
l60_cp2_6,60,cp2,cp2_l60,cp1,cp1_l60,1900-01-01 06:37:00,5.0,71.0,True
l60_cp2_7,60,cp2,cp2_l60,cp1,cp1_l60,1900-01-01 06:46:00,9.0,72.0,True
l60_cp2_8,60,cp2,cp2_l60,cp1,cp1_l60,1900-01-01 06:53:00,7.0,74.0,True
l60_cp2_9,60,cp2,cp2_l60,cp1,cp1_l60,1900-01-01 07:01:00,8.0,72.0,True
l60_cp2_10,60,cp2,cp2_l60,cp1,cp1_l60,1900-01-01 07:09:00,8.0,73.0,True
l60_cp2_11,60,cp2,cp2_l60,cp1,cp1_l60,1900-01-01 07:17:00,8.0,73.0,True
l60_cp2_12,60,cp2,cp2_l60,cp1,cp1_l60,1900-01-01 07:22:00,5.0,74.0,True
l60_cp2_13,60,cp2,cp2_l60,cp1,cp1_l60,1900-01-01 07:31:00,9.0,73.0,True
l60_cp2_14,60,cp2,cp2_l60,cp1,cp1_l60,1900-01-01 07:39:00,8.0,75.0,True
l60_cp2_15,60,cp2,cp2_l60,cp1,cp1_l60,1900-01-01 07:50:00,11.0,74.0,True
l60_cp2_16,60,cp2,cp2_l60,cp1,cp1_l60,1900-01-01 07:58:00,8.0,70.0,True
l60_cp2_17,60,cp2,cp2_l60,cp1,cp1_l60,1900-01-01 08:05:00,7.0,74.0,True
l60_cp2_18,60,cp2,cp2_l60,cp1,cp1_l60,1900-01-01 08:10:00,5.0,72.0,True
l60_cp2_19,60,cp2,cp2_l60,cp1,cp1_l60,1900-01-01 08:19:00,9.0,73.0,True
l60_cp2_20,60,cp2,cp2_l60,cp1,cp1_l60,1900-01-01 08:26:00,7.0,74.0,True
l60_cp2_21,60,cp2,cp2_l60,cp1,cp1_l60,1900-01-01 08:35:00,9.0,73.0,True
l60_cp2_22,60,cp2,cp2_l60,cp1,cp1_l60,1900-01-01 08:42:00,7.0,70.0,True
l60_cp2_23,60,cp2,cp2_l60,cp1,cp1_l60,1900-01-01 08:49:00,7.0,71.0,True
l60_cp2_24,60,cp2,cp2_l60,cp1,cp1_l60,1900-01-01 08:54:00,5.0,74.0,True
l60_cp2_25,60,cp2,cp2_l60,cp1,cp1_l60,1900-01-01 09:01:00,7.0,73.0,True
l60_cp2_26,60,cp2,cp2_l60,cp1,cp1_l60,1900-01-01 09:11:00,10.0,75.0,True
l60_cp2_27,60,cp2,cp2_l60,cp1,cp1_l60,1900-01-01 09:22:00,11.0,70.0,True
l60_cp2_28,60,cp2,cp2_l60,cp1,cp1_l60,1900-01-01 09:31:00,9.0,71.0,True
l60_cp2_29,60,cp2,cp2_l60,cp1,cp1_l60,1900-01-01 09:38:00,7.0,71.0,True
l60_cp2_30,60,cp2,cp2_l60,cp1,cp1_l60,1900-01-01 09:44:00,6.0,72.0,True
l60_cp2_31,60,cp2,cp2_l60,cp1,cp1_l60,1900-01-01 09:54:00,10.0,70.0,True
l60_cp2_32,60,cp2,cp2_l60,cp1,cp1_l60,1900-01-01 10:00:00,6.0,74.0,True
l60_cp2_33,60,cp2,cp2_l60,cp1,cp1_l60,1900-01-01 10:09:00,9.0,72.0,True
l60_cp2_34,60,cp2,cp2_l60,cp1,cp1_l60,1900-01-01 10:18:00,9.0,70.0,True
l60_cp2_35,60,cp2,cp2_l60,cp1,cp1_l60,1900-01-01 10:29:00,11.0,75.0,True
l60_cp2_36,60,cp2,cp2_l60,cp1,cp1_l60,1900-01-01 10:40:00,11.0,74.0,True
l60_cp2_37,60,cp2,cp2_l60,cp1,cp1_l60,1900-01-01 10:49:00,9.0,72.0,True
l60_cp2_38,60,cp2,cp2_l60,cp1,cp1_l60,1900-01-01 10:57:00,8.0,73.0,True
l60_cp2_39,60,cp2,cp2_l60,cp1,cp1_l60,1900-01-01 11:04:00,7.0,70.0,True
l60_cp2_40,60,cp2,cp2_l60,cp1,cp1_l60,1900-01-01 11:12:00,8.0,70.0,True
l60_cp2_41,60,cp2,cp2_l60,cp1,cp1_l60,1900-01-01 11:22:00,10.0,72.0,True
l60_cp2_42,60,cp2,cp2_l60,cp1,cp1_l60,1900-01-01 11:32:00,10.0,74.0,True
l60_cp2_43,60,cp2,cp2_l60,cp1,cp1_l60,1900-01-01 11:43:00,11.0,74.0,True
l60_cp2_44,60,cp2,cp2_l60,cp1,cp1_l60,1900-01-01 11:52:00,9.0,74.0,True
l60_cp2_45,60,cp2,cp2_l60,cp1,cp1_l60,1900-01-01 12:01:00,9.0,71.0,True
l60_cp2_46,60,cp2,cp2_l60,cp1,cp1_l60,1900-01-01 12:07:00,6.0,70.0,True
l60_cp2_47,60,cp2,cp2_l60,cp1,cp1_l60,1900-01-01 12:15:00,8.0,72.0,True
l60_cp2_48,60,cp2,cp2_l60,cp1,cp1_l60,1900-01-01 12:23:00,8.0,74.0,True
l60_cp2_49,60,cp2,cp2_l60,cp1,cp1_l60,1900-01-01 12:32:00,9.0,72.0,True
l60_cp2_50,60,cp2,cp2_l60,cp1,cp1_l60,1900-01-01 12:41:00,9.0,71.0,True
l60_cp2_51,60,cp2,cp2_l60,cp1,cp1_l60,1900-01-01 12:49:00,8.0,72.0,True
l60_cp2_52,60,cp2,cp2_l60,cp1,cp1_l60,1900-01-01 12:54:00,5.0,73.0,True
l60_cp2_53,60,cp2,cp2_l60,cp1,cp1_l60,1900-01-01 13:03:00,9.0,73.0,True
l60_cp2_54,60,cp2,cp2_l60,cp1,cp1_l60,1900-01-01 13:10:00,7.0,74.0,True
l60_cp2_55,60,cp2,cp2_l60,cp1,cp1_l60,1900-01-01 13:16:00,6.0,74.0,True
l60_cp2_56,60,cp2,cp2_l60,cp1,cp1_l60,1900-01-01 13:21:00,5.0,72.0,True
l60_cp2_57,60,cp2,cp2_l60,cp1,cp1_l60,1900-01-01 13:26:00,5.0,70.0,True
l60_cp2_58,60,cp2,cp2_l60,cp1,cp1_l60,1900-01-01 13:33:00,7.0,75.0,True
l60_cp2_59,60,cp2,cp2_l60,cp1,cp1_l60,1900-01-01 13:41:00,8.0,73.0,True
l60_cp2_60,60,cp2,cp2_l60,cp1,cp1_l60,1900-01-01 13:49:00,8.0,72.0,True
