trip_id,line,start_cp,start_cp_id,dest_cp,dest_cp_id,departure_time,departure_time_str,datetime_obj,datetime_float,pdf,speed,departure_interval,planned_travel_time,covered
l4_cp1_1,4,cp1,cp1_l4,cp2,cp2_l4,2025-07-22 05:49:00,05:49,2025-07-22 05:49:00,5.833333333333333,0.07861730027559857,17.734508498979032,0.0,81.0,True
l4_cp1_3,4,cp1,cp1_l4,cp2,cp2_l4,2025-07-22 05:54:00,05:54,2025-07-22 05:54:00,5.903245365957576,0.08143102250622118,17.457414866187303,5.0,82.0,True
l4_cp1_5,4,cp1,cp1_l4,cp2,cp2_l4,2025-07-22 05:59:00,05:59,2025-07-22 05:59:00,5.999964217310154,0.08518478140873724,17.08774700075188,5.0,84.0,True
l4_cp1_7,4,cp1,cp1_l4,cp2,cp2_l4,2025-07-22 06:04:00,06:04,2025-07-22 06:04:00,6.066937269019629,0.08767115251073337,16.84289070554891,5.0,85.0,True
l4_cp1_9,4,cp1,cp1_l4,cp2,cp2_l4,2025-07-22 06:08:00,06:08,2025-07-22 06:08:00,6.145313181852729,0.09044391333355685,16.569830926976266,4.0,87.0,True
l4_cp1_11,4,cp1,cp1_l4,cp2,cp2_l4,2025-07-22 06:12:00,06:12,2025-07-22 06:12:00,6.204835058557673,0.09243934018702744,16.3733225190813,4.0,88.0,True
l4_cp1_13,4,cp1,cp1_l4,cp2,cp2_l4,2025-07-22 06:18:00,06:18,2025-07-22 06:18:00,6.304435406132548,0.09554024616771548,16.067947207409432,6.0,90.0,True
l4_cp1_15,4,cp1,cp1_l4,cp2,cp2_l4,2025-07-22 06:24:00,06:24,2025-07-22 06:24:00,6.406378915848051,0.09837167960522435,15.789109385868784,6.0,91.0,True
l4_cp1_17,4,cp1,cp1_l4,cp2,cp2_l4,2025-07-22 06:30:00,06:30,2025-07-22 06:30:00,6.511018583660864,0.10087952724409918,15.542138094537652,6.0,93.0,True
l4_cp1_19,4,cp1,cp1_l4,cp2,cp2_l4,2025-07-22 06:40:00,06:40,2025-07-22 06:40:00,6.679928550216527,0.10399005637205172,15.235815101248392,10.0,95.0,True
l4_cp1_21,4,cp1,cp1_l4,cp2,cp2_l4,2025-07-22 06:44:00,06:44,2025-07-22 06:44:00,6.7415012002084636,0.10481655923928439,15.154421607782051,4.0,95.0,True
l4_cp1_23,4,cp1,cp1_l4,cp2,cp2_l4,2025-07-22 06:49:00,06:49,2025-07-22 06:49:00,6.821760445924418,0.10563620815061017,15.073703087673266,5.0,96.0,True
l4_cp1_25,4,cp1,cp1_l4,cp2,cp2_l4,2025-07-22 06:54:00,06:54,2025-07-22 06:54:00,6.91237341358376,0.10620325623404743,15.01786054156222,5.0,96.0,True
l4_cp1_27,4,cp1,cp1_l4,cp2,cp2_l4,2025-07-22 06:59:00,06:59,2025-07-22 06:59:00,6.999264116529686,0.10638461948782653,15.0,5.0,96.0,True
l4_cp1_29,4,cp1,cp1_l4,cp2,cp2_l4,2025-07-22 07:04:00,07:04,2025-07-22 07:04:00,7.08320305503305,0.10622110350473953,15.01610295333348,5.0,96.0,True
l4_cp1_31,4,cp1,cp1_l4,cp2,cp2_l4,2025-07-22 07:09:00,07:09,2025-07-22 07:09:00,7.165413236599036,0.10573975393846458,15.063505962241127,5.0,96.0,True
l4_cp1_33,4,cp1,cp1_l4,cp2,cp2_l4,2025-07-22 07:13:00,07:13,2025-07-22 07:13:00,7.22175184767061,0.10522846016605884,15.113857858131126,4.0,95.0,True
l4_cp1_35,4,cp1,cp1_l4,cp2,cp2_l4,2025-07-22 07:21:00,07:21,2025-07-22 07:21:00,7.361549526942464,0.10333881661440197,15.299948791596938,8.0,94.0,True
l4_cp1_37,4,cp1,cp1_l4,cp2,cp2_l4,2025-07-22 07:28:00,07:28,2025-07-22 07:28:00,7.4808911323707985,0.10105566415555602,15.524792239949337,7.0,93.0,True
l4_cp1_39,4,cp1,cp1_l4,cp2,cp2_l4,2025-07-22 07:33:00,07:33,2025-07-22 07:33:00,7.561964829614245,0.09917472924212851,15.710025552084446,5.0,92.0,True
l4_cp1_41,4,cp1,cp1_l4,cp2,cp2_l4,2025-07-22 07:37:00,07:37,2025-07-22 07:37:00,7.621419029202534,0.0976362189940853,15.861537094012046,4.0,91.0,True
l4_cp1_43,4,cp1,cp1_l4,cp2,cp2_l4,2025-07-22 07:44:00,07:44,2025-07-22 07:44:00,7.7360443681687,0.09431793104871247,16.188320047718495,7.0,89.0,True
l4_cp1_45,4,cp1,cp1_l4,cp2,cp2_l4,2025-07-22 07:50:00,07:50,2025-07-22 07:50:00,7.834234357680766,0.0911410623254702,16.50117612350492,6.0,87.0,True
l4_cp1_47,4,cp1,cp1_l4,cp2,cp2_l4,2025-07-22 07:55:00,07:55,2025-07-22 07:55:00,7.920331338067643,0.08813234628110247,16.797472627011636,5.0,86.0,True
l4_cp1_49,4,cp1,cp1_l4,cp2,cp2_l4,2025-07-22 08:01:00,08:01,2025-07-22 08:01:00,8.017279246499955,0.08452918006403023,17.152310217508283,6.0,84.0,True
l4_cp1_51,4,cp1,cp1_l4,cp2,cp2_l4,2025-07-22 08:05:00,08:05,2025-07-22 08:05:00,8.087923474004544,0.08178131363257067,17.422918411747517,4.0,83.0,True
l4_cp1_53,4,cp1,cp1_l4,cp2,cp2_l4,2025-07-22 08:12:00,08:12,2025-07-22 08:12:00,8.210940374995364,0.07680016436810619,17.913458924292314,7.0,80.0,True
l4_cp1_55,4,cp1,cp1_l4,cp2,cp2_l4,2025-07-22 08:17:00,08:17,2025-07-22 08:17:00,8.290421681227043,0.07348111342806658,18.240317017243754,5.0,79.0,True
l4_cp1_57,4,cp1,cp1_l4,cp2,cp2_l4,2025-07-22 08:22:00,08:22,2025-07-22 08:22:00,8.372306712670033,0.07000580832639362,18.5825629238232,5.0,77.0,True
l4_cp1_59,4,cp1,cp1_l4,cp2,cp2_l4,2025-07-22 08:27:00,08:27,2025-07-22 08:27:00,8.460236449147574,0.06623666207916816,18.95374612549123,5.0,76.0,True
l4_cp1_61,4,cp1,cp1_l4,cp2,cp2_l4,2025-07-22 08:35:00,08:35,2025-07-22 08:35:00,8.599606639030382,0.060248367265331344,19.54346971161321,8.0,74.0,True
l4_cp1_63,4,cp1,cp1_l4,cp2,cp2_l4,2025-07-22 08:47:00,08:47,2025-07-22 08:47:00,8.78789845899969,0.05228722285525566,20.327478311239364,12.0,71.0,True
l4_cp1_65,4,cp1,cp1_l4,cp2,cp2_l4,2025-07-22 08:56:00,08:56,2025-07-22 08:56:00,8.940472168088903,0.046079420245349896,20.93881888996171,9.0,69.0,True
l4_cp1_67,4,cp1,cp1_l4,cp2,cp2_l4,2025-07-22 09:07:00,09:07,2025-07-22 09:07:00,9.128587024997241,0.03887383979953398,21.64842001560742,11.0,67.0,True
l4_cp1_69,4,cp1,cp1_l4,cp2,cp2_l4,2025-07-22 09:12:00,09:12,2025-07-22 09:12:00,9.209147630057906,0.035970601751286344,21.93432911100171,5.0,66.0,True
l4_cp1_71,4,cp1,cp1_l4,cp2,cp2_l4,2025-07-22 09:17:00,09:17,2025-07-22 09:17:00,9.29486564917356,0.03301487530677616,22.225407231341492,5.0,65.0,True
l4_cp1_73,4,cp1,cp1_l4,cp2,cp2_l4,2025-07-22 09:30:00,09:30,2025-07-22 09:30:00,9.504388103959998,0.026409248688337723,22.875925273473825,13.0,63.0,True
l4_cp1_75,4,cp1,cp1_l4,cp2,cp2_l4,2025-07-22 09:36:00,09:36,2025-07-22 09:36:00,9.615763858891182,0.023270729012350742,23.18500475869903,6.0,62.0,True
l4_cp1_77,4,cp1,cp1_l4,cp2,cp2_l4,2025-07-22 09:48:00,09:48,2025-07-22 09:48:00,9.805337645091466,0.018533290075021237,23.651544828286188,12.0,61.0,True
l4_cp1_79,4,cp1,cp1_l4,cp2,cp2_l4,2025-07-22 09:55:00,09:55,2025-07-22 09:55:00,9.929316695299613,0.015844105787559886,23.91637404111656,7.0,60.0,True
l4_cp1_81,4,cp1,cp1_l4,cp2,cp2_l4,2025-07-22 10:12:00,10:12,2025-07-22 10:12:00,10.200594159299534,0.011088362382060998,24.384716723458517,17.0,59.0,True
l4_cp1_83,4,cp1,cp1_l4,cp2,cp2_l4,2025-07-22 10:36:00,10:36,2025-07-22 10:36:00,10.610347044090195,0.007648712189955365,24.7234513564974,24.0,58.0,True
l4_cp1_85,4,cp1,cp1_l4,cp2,cp2_l4,2025-07-22 10:59:00,10:59,2025-07-22 10:59:00,10.999690098672696,0.014035015310587894,24.09453215738597,23.0,60.0,True
l4_cp1_87,4,cp1,cp1_l4,cp2,cp2_l4,2025-07-22 11:03:00,11:03,2025-07-22 11:03:00,11.06330491672453,0.016753150737845446,23.826851854134418,4.0,60.0,True
l4_cp1_89,4,cp1,cp1_l4,cp2,cp2_l4,2025-07-22 11:15:00,11:15,2025-07-22 11:15:00,11.25848434445946,0.028857220690952885,22.6348504979346,12.0,64.0,True
l4_cp1_91,4,cp1,cp1_l4,cp2,cp2_l4,2025-07-22 11:20:00,11:20,2025-07-22 11:20:00,11.33997524176149,0.03551566641251264,21.979130863048937,5.0,66.0,True
l4_cp1_93,4,cp1,cp1_l4,cp2,cp2_l4,2025-07-22 11:28:00,11:28,2025-07-22 11:28:00,11.477966989652812,0.04832628802079142,20.717548734889583,8.0,70.0,True
l4_cp1_95,4,cp1,cp1_l4,cp2,cp2_l4,2025-07-22 11:32:00,11:32,2025-07-22 11:32:00,11.54441805987769,0.05482947809723834,20.077118580339803,4.0,72.0,True
l4_cp1_97,4,cp1,cp1_l4,cp2,cp2_l4,2025-07-22 11:39:00,11:39,2025-07-22 11:39:00,11.66211984510589,0.06605483517243335,18.971652327311045,7.0,76.0,True
l4_cp1_99,4,cp1,cp1_l4,cp2,cp2_l4,2025-07-22 11:45:00,11:45,2025-07-22 11:45:00,11.761540047863969,0.07445008323749717,18.14489346703026,6.0,79.0,True
l4_cp1_101,4,cp1,cp1_l4,cp2,cp2_l4,2025-07-22 11:51:00,11:51,2025-07-22 11:51:00,11.850013217311309,0.08047617759707436,17.551447404917905,6.0,82.0,True
l4_cp1_103,4,cp1,cp1_l4,cp2,cp2_l4,2025-07-22 11:57:00,11:57,2025-07-22 11:57:00,11.963185482595177,0.08560929858694892,17.045940810427563,6.0,84.0,True
l4_cp1_105,4,cp1,cp1_l4,cp2,cp2_l4,2025-07-22 12:04:00,12:04,2025-07-22 12:04:00,12.069212582000254,0.08753887218148801,16.855917590924648,7.0,85.0,True
l4_cp1_107,4,cp1,cp1_l4,cp2,cp2_l4,2025-07-22 12:08:00,12:08,2025-07-22 12:08:00,12.134451190670328,0.08739265855248515,16.870316619081418,4.0,85.0,True
l4_cp1_109,4,cp1,cp1_l4,cp2,cp2_l4,2025-07-22 12:15:00,12:15,2025-07-22 12:15:00,12.250495926982593,0.08502220645959221,17.103757281642167,7.0,84.0,True
l4_cp1_111,4,cp1,cp1_l4,cp2,cp2_l4,2025-07-22 12:19:00,12:19,2025-07-22 12:19:00,12.333069565525761,0.08211372219259955,17.390183021428236,4.0,83.0,True
l4_cp1_113,4,cp1,cp1_l4,cp2,cp2_l4,2025-07-22 12:24:00,12:24,2025-07-22 12:24:00,12.416523221665084,0.07856837509781499,17.73932662036269,5.0,81.0,True
l4_cp1_115,4,cp1,cp1_l4,cp2,cp2_l4,2025-07-22 12:30:00,12:30,2025-07-22 12:30:00,12.505555679749834,0.07451044310022363,18.138949264914054,6.0,79.0,True
l4_cp1_117,4,cp1,cp1_l4,cp2,cp2_l4,2025-07-22 12:34:00,12:34,2025-07-22 12:34:00,12.572317350539524,0.07147885723298196,18.43749797449587,4.0,78.0,True
l4_cp1_119,4,cp1,cp1_l4,cp2,cp2_l4,2025-07-22 12:39:00,12:39,2025-07-22 12:39:00,12.659507468335812,0.0676948616969256,18.810143524984888,5.0,77.0,True
l4_cp1_121,4,cp1,cp1_l4,cp2,cp2_l4,2025-07-22 12:44:00,12:44,2025-07-22 12:44:00,12.73384232941255,0.06467425401382283,19.10761110975225,5.0,75.0,True
l4_cp1_123,4,cp1,cp1_l4,cp2,cp2_l4,2025-07-22 12:51:00,12:51,2025-07-22 12:51:00,12.85341967390726,0.060135454703657144,19.554589271163763,7.0,74.0,True
l4_cp1_125,4,cp1,cp1_l4,cp2,cp2_l4,2025-07-22 12:57:00,12:57,2025-07-22 12:57:00,12.957863638230554,0.05626866591962541,19.93538824973549,6.0,72.0,True
l4_cp1_127,4,cp1,cp1_l4,cp2,cp2_l4,2025-07-22 13:06:00,13:06,2025-07-22 13:06:00,13.11262541822125,0.05016351115679645,20.536620131680586,9.0,70.0,True
l4_cp1_129,4,cp1,cp1_l4,cp2,cp2_l4,2025-07-22 13:11:00,13:11,2025-07-22 13:11:00,13.19235835016465,0.046708142291624594,20.87690272996465,5.0,69.0,True
l4_cp1_131,4,cp1,cp1_l4,cp2,cp2_l4,2025-07-22 13:20:00,13:20,2025-07-22 13:20:00,13.349067525158755,0.03938356830230075,21.59822226650769,9.0,67.0,True
l4_cp1_133,4,cp1,cp1_l4,cp2,cp2_l4,2025-07-22 13:27:00,13:27,2025-07-22 13:27:00,13.458919152140982,0.03413835330304238,22.114767810023032,7.0,65.0,True
l4_cp1_135,4,cp1,cp1_l4,cp2,cp2_l4,2025-07-22 13:39:00,13:39,2025-07-22 13:39:00,13.658333914731285,0.02560595419352651,22.955033220714082,12.0,63.0,True
l4_cp1_137,4,cp1,cp1_l4,cp2,cp2_l4,2025-07-22 13:51:00,13:51,2025-07-22 13:51:00,13.860129003784396,0.019703024509584596,23.536350101405485,12.0,61.0,True
l4_cp1_139,4,cp1,cp1_l4,cp2,cp2_l4,2025-07-22 13:55:00,13:55,2025-07-22 13:55:00,13.920253703221361,0.018594308950269436,23.64553572702261,4.0,61.0,True
l4_cp1_141,4,cp1,cp1_l4,cp2,cp2_l4,2025-07-22 14:00:00,14:00,2025-07-22 14:00:00,14.004159852146493,0.017536247620566152,23.749732955296654,5.0,61.0,True
l4_cp1_143,4,cp1,cp1_l4,cp2,cp2_l4,2025-07-22 14:04:00,14:04,2025-07-22 14:04:00,14.079631460034808,0.0170368405062317,23.79891426041871,4.0,61.0,True
l4_cp1_145,4,cp1,cp1_l4,cp2,cp2_l4,2025-07-22 14:22:00,14:22,2025-07-22 14:22:00,14.368290343715259,0.018206967180026633,23.683680906059994,18.0,61.0,True
l4_cp1_147,4,cp1,cp1_l4,cp2,cp2_l4,2025-07-22 14:29:00,14:29,2025-07-22 14:29:00,14.483784571480786,0.019627261542668292,23.543811191738225,7.0,61.0,True
l4_cp1_149,4,cp1,cp1_l4,cp2,cp2_l4,2025-07-22 14:41:00,14:41,2025-07-22 14:41:00,14.6936138470841,0.02301750858216543,23.20994175074945,12.0,62.0,True
l4_cp1_151,4,cp1,cp1_l4,cp2,cp2_l4,2025-07-22 14:52:00,14:52,2025-07-22 14:52:00,14.873668151987689,0.02649001085942888,22.86797186459208,11.0,63.0,True
l4_cp1_153,4,cp1,cp1_l4,cp2,cp2_l4,2025-07-22 14:59:00,14:59,2025-07-22 14:59:00,14.986468986783878,0.028861542586034503,22.63442488036806,7.0,64.0,True
l4_cp1_155,4,cp1,cp1_l4,cp2,cp2_l4,2025-07-22 15:10:00,15:10,2025-07-22 15:10:00,15.171376336070228,0.03302025210939635,22.224877727130092,11.0,65.0,True
l4_cp1_157,4,cp1,cp1_l4,cp2,cp2_l4,2025-07-22 15:17:00,15:17,2025-07-22 15:17:00,15.297811661635897,0.0360340212249702,21.9280836002823,7.0,66.0,True
l4_cp1_159,4,cp1,cp1_l4,cp2,cp2_l4,2025-07-22 15:23:00,15:23,2025-07-22 15:23:00,15.399444020400304,0.038544414691390735,21.68086159742199,6.0,66.0,True
l4_cp1_161,4,cp1,cp1_l4,cp2,cp2_l4,2025-07-22 15:32:00,15:32,2025-07-22 15:32:00,15.545729310113089,0.042276599667218515,21.31331831900322,9.0,68.0,True
l4_cp1_163,4,cp1,cp1_l4,cp2,cp2_l4,2025-07-22 15:37:00,15:37,2025-07-22 15:37:00,15.619069757063118,0.044192691439145726,21.124622781090025,5.0,68.0,True
l4_cp1_165,4,cp1,cp1_l4,cp2,cp2_l4,2025-07-22 15:42:00,15:42,2025-07-22 15:42:00,15.7109574646807,0.04662784361305912,20.884810494387853,5.0,69.0,True
l4_cp1_167,4,cp1,cp1_l4,cp2,cp2_l4,2025-07-22 15:48:00,15:48,2025-07-22 15:48:00,15.812865964987743,0.049363813491724785,20.615373865342757,6.0,70.0,True
l4_cp1_169,4,cp1,cp1_l4,cp2,cp2_l4,2025-07-22 15:54:00,15:54,2025-07-22 15:54:00,15.901912470392254,0.05177542119460642,20.377880223650866,6.0,71.0,True
l4_cp1_171,4,cp1,cp1_l4,cp2,cp2_l4,2025-07-22 16:03:00,16:03,2025-07-22 16:03:00,16.057100157008197,0.05599735303885471,19.96210697517958,9.0,72.0,True
l4_cp1_173,4,cp1,cp1_l4,cp2,cp2_l4,2025-07-22 16:10:00,16:10,2025-07-22 16:10:00,16.174981399525734,0.05919430110712065,19.64727349785859,7.0,73.0,True
l4_cp1_175,4,cp1,cp1_l4,cp2,cp2_l4,2025-07-22 16:16:00,16:16,2025-07-22 16:16:00,16.270626685154003,0.061763981461629286,19.394212958763806,6.0,74.0,True
l4_cp1_177,4,cp1,cp1_l4,cp2,cp2_l4,2025-07-22 16:22:00,16:22,2025-07-22 16:22:00,16.381369050912703,0.06469384759244401,19.1056815461939,6.0,75.0,True
l4_cp1_179,4,cp1,cp1_l4,cp2,cp2_l4,2025-07-22 16:26:00,16:26,2025-07-22 16:26:00,16.448915140664912,0.06644860839421204,18.932873782886418,4.0,76.0,True
l4_cp1_181,4,cp1,cp1_l4,cp2,cp2_l4,2025-07-22 16:33:00,16:33,2025-07-22 16:33:00,16.55379790854064,0.06911171893392627,18.67061229667992,7.0,77.0,True
l4_cp1_183,4,cp1,cp1_l4,cp2,cp2_l4,2025-07-22 16:37:00,16:37,2025-07-22 16:37:00,16.61959350769826,0.07073720062531606,18.510535860562065,4.0,78.0,True
l4_cp1_185,4,cp1,cp1_l4,cp2,cp2_l4,2025-07-22 16:42:00,16:42,2025-07-22 16:42:00,16.70707369713391,0.07283557963749851,18.303888787467404,5.0,79.0,True
l4_cp1_187,4,cp1,cp1_l4,cp2,cp2_l4,2025-07-22 16:47:00,16:47,2025-07-22 16:47:00,16.783721066692756,0.07460780037218918,18.129361580716225,5.0,79.0,True
l4_cp1_189,4,cp1,cp1_l4,cp2,cp2_l4,2025-07-22 16:52:00,16:52,2025-07-22 16:52:00,16.879766620274115,0.07673028775380412,17.92034033024398,5.0,80.0,True
l4_cp1_191,4,cp1,cp1_l4,cp2,cp2_l4,2025-07-22 16:56:00,16:56,2025-07-22 16:56:00,16.934152845286068,0.07787913703618556,17.807202360290635,4.0,81.0,True
l4_cp1_193,4,cp1,cp1_l4,cp2,cp2_l4,2025-07-22 17:03:00,17:03,2025-07-22 17:03:00,17.063408278135984,0.08043998372175558,17.555011755473814,7.0,82.0,True
l4_cp1_195,4,cp1,cp1_l4,cp2,cp2_l4,2025-07-22 17:10:00,17:10,2025-07-22 17:10:00,17.17372125265119,0.08241931362404563,17.360088565419804,7.0,83.0,True
l4_cp1_197,4,cp1,cp1_l4,cp2,cp2_l4,2025-07-22 17:14:00,17:14,2025-07-22 17:14:00,17.23439967670718,0.08342048370826599,17.26149395197154,4.0,83.0,True
l4_cp1_199,4,cp1,cp1_l4,cp2,cp2_l4,2025-07-22 17:18:00,17:18,2025-07-22 17:18:00,17.309406767858242,0.08456724295639681,17.14856180730431,4.0,84.0,True
l4_cp1_201,4,cp1,cp1_l4,cp2,cp2_l4,2025-07-22 17:24:00,17:24,2025-07-22 17:24:00,17.414321060159438,0.08599459035879503,17.007997513970054,6.0,85.0,True
l4_cp1_203,4,cp1,cp1_l4,cp2,cp2_l4,2025-07-22 17:28:00,17:28,2025-07-22 17:28:00,17.481517886872165,0.08679585840728414,16.92908912991586,4.0,85.0,True
l4_cp1_205,4,cp1,cp1_l4,cp2,cp2_l4,2025-07-22 17:35:00,17:35,2025-07-22 17:35:00,17.596514754303403,0.08795381314584462,16.81505446024446,7.0,86.0,True
l4_cp1_207,4,cp1,cp1_l4,cp2,cp2_l4,2025-07-22 17:39:00,17:39,2025-07-22 17:39:00,17.662811565793945,0.08849533723292302,16.76172550157907,4.0,86.0,True
l4_cp1_209,4,cp1,cp1_l4,cp2,cp2_l4,2025-07-22 17:47:00,17:47,2025-07-22 17:47:00,17.791081027000214,0.08927361476326538,16.685081209596124,8.0,86.0,True
l4_cp1_211,4,cp1,cp1_l4,cp2,cp2_l4,2025-07-22 17:51:00,17:51,2025-07-22 17:51:00,17.861346186479846,0.08954656407696535,16.658201329244754,4.0,86.0,True
l4_cp1_213,4,cp1,cp1_l4,cp2,cp2_l4,2025-07-22 17:56:00,17:56,2025-07-22 17:56:00,17.941695508270328,0.08972387891555149,16.64073947311802,5.0,87.0,True
l4_cp1_215,4,cp1,cp1_l4,cp2,cp2_l4,2025-07-22 18:02:00,18:02,2025-07-22 18:02:00,18.045806183248278,0.08973847377347284,16.63930218049635,6.0,87.0,True
l4_cp1_217,4,cp1,cp1_l4,cp2,cp2_l4,2025-07-22 18:09:00,18:09,2025-07-22 18:09:00,18.166431984081406,0.08945175398682856,16.66753816854445,7.0,86.0,True
l4_cp1_219,4,cp1,cp1_l4,cp2,cp2_l4,2025-07-22 18:15:00,18:15,2025-07-22 18:15:00,18.26218140140374,0.08899404728839122,16.712612842384964,6.0,86.0,True
l4_cp1_221,4,cp1,cp1_l4,cp2,cp2_l4,2025-07-22 18:19:00,18:19,2025-07-22 18:19:00,18.327775889752857,0.08856460093212583,16.75490445512899,4.0,86.0,True
l4_cp1_223,4,cp1,cp1_l4,cp2,cp2_l4,2025-07-22 18:23:00,18:23,2025-07-22 18:23:00,18.395627490215308,0.08802287554949992,16.808253237255958,4.0,86.0,True
l4_cp1_225,4,cp1,cp1_l4,cp2,cp2_l4,2025-07-22 18:27:00,18:27,2025-07-22 18:27:00,18.46483825977134,0.08737004968921938,16.872543126014982,4.0,85.0,True
l4_cp1_227,4,cp1,cp1_l4,cp2,cp2_l4,2025-07-22 18:31:00,18:31,2025-07-22 18:31:00,18.51707724305807,0.08681164395260942,16.927534579131787,4.0,85.0,True
l4_cp1_229,4,cp1,cp1_l4,cp2,cp2_l4,2025-07-22 18:36:00,18:36,2025-07-22 18:36:00,18.611583431673402,0.08566185113906599,17.04076546745301,5.0,85.0,True
l4_cp1_231,4,cp1,cp1_l4,cp2,cp2_l4,2025-07-22 18:42:00,18:42,2025-07-22 18:42:00,18.71196540436827,0.08425096531171607,17.17970863501232,6.0,84.0,True
l4_cp1_233,4,cp1,cp1_l4,cp2,cp2_l4,2025-07-22 18:46:00,18:46,2025-07-22 18:46:00,18.775672633094004,0.08325876135157564,17.277420270081862,4.0,83.0,True
l4_cp1_235,4,cp1,cp1_l4,cp2,cp2_l4,2025-07-22 18:51:00,18:51,2025-07-22 18:51:00,18.855795913907475,0.08190938196596341,17.410306321129912,5.0,83.0,True
l4_cp1_237,4,cp1,cp1_l4,cp2,cp2_l4,2025-07-22 18:58:00,18:58,2025-07-22 18:58:00,18.976991072300947,0.07966640068535676,17.631193736583718,7.0,82.0,True
l4_cp1_239,4,cp1,cp1_l4,cp2,cp2_l4,2025-07-22 19:04:00,19:04,2025-07-22 19:04:00,19.076680781944827,0.07765350451123956,17.82942251241966,6.0,81.0,True
l4_cp1_241,4,cp1,cp1_l4,cp2,cp2_l4,2025-07-22 19:11:00,19:11,2025-07-22 19:11:00,19.18478875571156,0.07531628047037747,18.059590896875765,7.0,80.0,True
l4_cp1_243,4,cp1,cp1_l4,cp2,cp2_l4,2025-07-22 19:17:00,19:17,2025-07-22 19:17:00,19.28418997954556,0.073040850538762,18.283673835501464,6.0,79.0,True
l4_cp1_245,4,cp1,cp1_l4,cp2,cp2_l4,2025-07-22 19:22:00,19:22,2025-07-22 19:22:00,19.36898545306778,0.0710153977083895,18.48313918311398,5.0,78.0,True
l4_cp1_247,4,cp1,cp1_l4,cp2,cp2_l4,2025-07-22 19:30:00,19:30,2025-07-22 19:30:00,19.507938266540776,0.0675539908118764,18.824016403006762,8.0,76.0,True
l4_cp1_249,4,cp1,cp1_l4,cp2,cp2_l4,2025-07-22 19:37:00,19:37,2025-07-22 19:37:00,19.630672345591325,0.06437821707174143,19.136764645530988,7.0,75.0,True
l4_cp1_251,4,cp1,cp1_l4,cp2,cp2_l4,2025-07-22 19:42:00,19:42,2025-07-22 19:42:00,19.715849393169137,0.062124751008350514,19.35868459593764,5.0,74.0,True
l4_cp1_253,4,cp1,cp1_l4,cp2,cp2_l4,2025-07-22 19:47:00,19:47,2025-07-22 19:47:00,19.783836668320035,0.060304257804346895,19.537965645744176,5.0,74.0,True
l4_cp1_255,4,cp1,cp1_l4,cp2,cp2_l4,2025-07-22 19:54:00,19:54,2025-07-22 19:54:00,19.90225352302877,0.05710209527174384,19.853312640302413,7.0,73.0,True
l4_cp1_257,4,cp1,cp1_l4,cp2,cp2_l4,2025-07-22 20:01:00,20:01,2025-07-22 20:01:00,20.031174515657,0.0535948579586706,20.19870321139909,7.0,71.0,True
l4_cp1_259,4,cp1,cp1_l4,cp2,cp2_l4,2025-07-22 20:15:00,20:15,2025-07-22 20:15:00,20.257835202304303,0.047462237454610645,20.802639902629263,14.0,69.0,True
l4_cp1_261,4,cp1,cp1_l4,cp2,cp2_l4,2025-07-22 20:20:00,20:20,2025-07-22 20:20:00,20.3396885782938,0.04528129523843582,21.017417749216843,5.0,69.0,True
l4_cp1_263,4,cp1,cp1_l4,cp2,cp2_l4,2025-07-22 20:27:00,20:27,2025-07-22 20:27:00,20.465022732865823,0.04199790494622988,21.340764003526786,7.0,67.0,True
l4_cp1_265,4,cp1,cp1_l4,cp2,cp2_l4,2025-07-22 20:39:00,20:39,2025-07-22 20:39:00,20.662079416903932,0.03701519545329085,21.831458166411082,12.0,66.0,True
l4_cp1_267,4,cp1,cp1_l4,cp2,cp2_l4,2025-07-22 20:44:00,20:44,2025-07-22 20:44:00,20.733858545917354,0.035265813915151746,22.003736183148533,5.0,65.0,True
l4_cp1_269,4,cp1,cp1_l4,cp2,cp2_l4,2025-07-22 20:49:00,20:49,2025-07-22 20:49:00,20.818888197188528,0.03324470596969535,22.20277364916977,5.0,65.0,True
l4_cp1_271,4,cp1,cp1_l4,cp2,cp2_l4,2025-07-22 20:53:00,20:53,2025-07-22 20:53:00,20.89215947268302,0.03155047256208167,22.369620711969176,4.0,64.0,True
l4_cp1_273,4,cp1,cp1_l4,cp2,cp2_l4,2025-07-22 21:00:00,21:00,2025-07-22 21:00:00,21.010999431733783,0.028901606209636832,22.63047943938389,7.0,64.0,True
l4_cp1_275,4,cp1,cp1_l4,cp2,cp2_l4,2025-07-22 21:09:00,21:09,2025-07-22 21:09:00,21.153186439180644,0.025902481604747528,22.925831383836467,9.0,63.0,True
l4_cp1_277,4,cp1,cp1_l4,cp2,cp2_l4,2025-07-22 21:16:00,21:16,2025-07-22 21:16:00,21.27324673080096,0.02352100493421107,23.160357740015442,7.0,62.0,True
l4_cp1_279,4,cp1,cp1_l4,cp2,cp2_l4,2025-07-22 21:24:00,21:24,2025-07-22 21:24:00,21.414923527403253,0.02089372828225234,23.419090327019614,8.0,61.0,True
l4_cp1_281,4,cp1,cp1_l4,cp2,cp2_l4,2025-07-22 21:42:00,21:42,2025-07-22 21:42:00,21.703656620606683,0.016159818532078055,23.885282844428737,18.0,60.0,True
l4_cp1_283,4,cp1,cp1_l4,cp2,cp2_l4,2025-07-22 21:59:00,21:59,2025-07-22 21:59:00,21.99191712663162,0.012246455837755205,24.2706683930092,17.0,59.0,True
l4_cp1_285,4,cp1,cp1_l4,cp2,cp2_l4,2025-07-22 22:14:00,22:14,2025-07-22 22:14:00,22.234231511555933,0.009545523558948452,24.536654540793727,15.0,59.0,True
l4_cp1_287,4,cp1,cp1_l4,cp2,cp2_l4,2025-07-22 22:26:00,22:26,2025-07-22 22:26:00,22.449755355449266,0.007554334682026606,24.73274559536761,12.0,58.0,True
l4_cp1_289,4,cp1,cp1_l4,cp2,cp2_l4,2025-07-22 22:42:00,22:42,2025-07-22 22:42:00,22.709332820960487,0.005612155760065182,24.92401017975365,16.0,58.0,True
l4_cp2_2,4,cp2,cp2_l4,cp1,cp1_l4,2025-07-22 05:51:00,05:51,2025-07-22 05:51:00,5.86432324918254,0.07987374575472138,17.610774521820296,0.0,82.0,True
l4_cp2_4,4,cp2,cp2_l4,cp1,cp1_l4,2025-07-22 05:56:00,05:56,2025-07-22 05:56:00,5.946163533097954,0.08311849978061789,17.29123314322718,5.0,83.0,True
l4_cp2_6,4,cp2,cp2_l4,cp1,cp1_l4,2025-07-22 06:02:00,06:02,2025-07-22 06:02:00,6.041426004690203,0.0867359894096783,16.934984991937228,6.0,85.0,True
l4_cp2_8,4,cp2,cp2_l4,cp1,cp1_l4,2025-07-22 06:06:00,06:06,2025-07-22 06:06:00,6.112090464229624,0.08928777930144045,16.683686294598107,4.0,86.0,True
l4_cp2_10,4,cp2,cp2_l4,cp1,cp1_l4,2025-07-22 06:10:00,06:10,2025-07-22 06:10:00,6.177706554435175,0.09154234998445972,16.4616575619306,4.0,87.0,True
l4_cp2_12,4,cp2,cp2_l4,cp1,cp1_l4,2025-07-22 06:15:00,06:15,2025-07-22 06:15:00,6.262380971407322,0.09426913822008479,16.19312513543877,5.0,89.0,True
l4_cp2_14,4,cp2,cp2_l4,cp1,cp1_l4,2025-07-22 06:21:00,06:21,2025-07-22 06:21:00,6.350402522175274,0.09686209877313624,15.937771976725696,6.0,90.0,True
l4_cp2_16,4,cp2,cp2_l4,cp1,cp1_l4,2025-07-22 06:27:00,06:27,2025-07-22 06:27:00,6.466060042958863,0.09985380927638113,15.643150168438012,6.0,92.0,True
l4_cp2_18,4,cp2,cp2_l4,cp1,cp1_l4,2025-07-22 06:33:00,06:33,2025-07-22 06:33:00,6.559472455944949,0.10189425162081182,15.44220866271047,6.0,93.0,True
l4_cp2_20,4,cp2,cp2_l4,cp1,cp1_l4,2025-07-22 06:42:00,06:42,2025-07-22 06:42:00,6.704016075629075,0.10433354182006983,15.201988865820251,9.0,95.0,True
l4_cp2_22,4,cp2,cp2_l4,cp1,cp1_l4,2025-07-22 06:47:00,06:47,2025-07-22 06:47:00,6.794772685056645,0.1053935485023013,15.097600060427038,5.0,95.0,True
l4_cp2_24,4,cp2,cp2_l4,cp1,cp1_l4,2025-07-22 06:51:00,06:51,2025-07-22 06:51:00,6.8627153459110986,0.10593999226124136,15.043786615505873,4.0,96.0,True
l4_cp2_26,4,cp2,cp2_l4,cp1,cp1_l4,2025-07-22 06:56:00,06:56,2025-07-22 06:56:00,6.933517555028386,0.10628018824980881,15.010284324019029,5.0,96.0,True
l4_cp2_28,4,cp2,cp2_l4,cp1,cp1_l4,2025-07-22 07:01:00,07:01,2025-07-22 07:01:00,7.0322739449550475,0.10636001276577756,15.002423254836401,5.0,96.0,True
l4_cp2_30,4,cp2,cp2_l4,cp1,cp1_l4,2025-07-22 07:06:00,07:06,2025-07-22 07:06:00,7.1012272138067924,0.10614266731554227,15.02382730095048,5.0,96.0,True
l4_cp2_32,4,cp2,cp2_l4,cp1,cp1_l4,2025-07-22 07:11:00,07:11,2025-07-22 07:11:00,7.19337473637993,0.10550428456253957,15.086694841397765,5.0,95.0,True
l4_cp2_34,4,cp2,cp2_l4,cp1,cp1_l4,2025-07-22 07:18:00,07:18,2025-07-22 07:18:00,7.309308407834565,0.10414676103689319,15.22038292234183,7.0,95.0,True
l4_cp2_36,4,cp2,cp2_l4,cp1,cp1_l4,2025-07-22 07:24:00,07:24,2025-07-22 07:24:00,7.400658190259954,0.10265654878666737,15.367138107182674,6.0,94.0,True
l4_cp2_38,4,cp2,cp2_l4,cp1,cp1_l4,2025-07-22 07:30:00,07:30,2025-07-22 07:30:00,7.505227960176266,0.10051816370119585,15.577724953742091,6.0,92.0,True
l4_cp2_40,4,cp2,cp2_l4,cp1,cp1_l4,2025-07-22 07:35:00,07:35,2025-07-22 07:35:00,7.589572223888975,0.09847657218901656,15.778779628801946,5.0,91.0,True
l4_cp2_42,4,cp2,cp2_l4,cp1,cp1_l4,2025-07-22 07:40:00,07:40,2025-07-22 07:40:00,7.6832524518124865,0.09590149746811309,16.032371401777844,5.0,90.0,True
l4_cp2_44,4,cp2,cp2_l4,cp1,cp1_l4,2025-07-22 07:47:00,07:47,2025-07-22 07:47:00,7.7985525576145,0.09232870063743152,16.384218233801935,7.0,88.0,True
l4_cp2_46,4,cp2,cp2_l4,cp1,cp1_l4,2025-07-22 07:52:00,07:52,2025-07-22 07:52:00,7.867431373056638,0.09000410715561025,16.613142768580655,5.0,87.0,True
l4_cp2_48,4,cp2,cp2_l4,cp1,cp1_l4,2025-07-22 07:57:00,07:57,2025-07-22 07:57:00,7.964327884169293,0.08652329770181826,16.955930740367616,5.0,85.0,True
l4_cp2_50,4,cp2,cp2_l4,cp1,cp1_l4,2025-07-22 08:03:00,08:03,2025-07-22 08:03:00,8.058731460905847,0.08292809872079482,17.309983722363803,6.0,83.0,True
l4_cp2_52,4,cp2,cp2_l4,cp1,cp1_l4,2025-07-22 08:10:00,08:10,2025-07-22 08:10:00,8.175367085568176,0.07826262989271039,17.76943621990633,7.0,81.0,True
l4_cp2_54,4,cp2,cp2_l4,cp1,cp1_l4,2025-07-22 08:14:00,08:14,2025-07-22 08:14:00,8.236983921435307,0.07571983317638993,18.019849274865273,4.0,80.0,True
l4_cp2_56,4,cp2,cp2_l4,cp1,cp1_l4,2025-07-22 08:20:00,08:20,2025-07-22 08:20:00,8.340929137156555,0.0713427677680291,18.4508999812107,6.0,78.0,True
l4_cp2_58,4,cp2,cp2_l4,cp1,cp1_l4,2025-07-22 08:24:00,08:24,2025-07-22 08:24:00,8.40465325643321,0.06862235204624122,18.718804846463563,4.0,77.0,True
l4_cp2_60,4,cp2,cp2_l4,cp1,cp1_l4,2025-07-22 08:32:00,08:32,2025-07-22 08:32:00,8.543580498212979,0.0626526018167823,19.30670217333438,8.0,75.0,True
l4_cp2_62,4,cp2,cp2_l4,cp1,cp1_l4,2025-07-22 08:41:00,08:41,2025-07-22 08:41:00,8.696322986193445,0.05612862050725047,19.94917983571667,9.0,72.0,True
l4_cp2_64,4,cp2,cp2_l4,cp1,cp1_l4,2025-07-22 08:52:00,08:52,2025-07-22 08:52:00,8.873241260086479,0.04878052529227232,20.672815728079527,11.0,70.0,True
l4_cp2_66,4,cp2,cp2_l4,cp1,cp1_l4,2025-07-22 09:03:00,09:03,2025-07-22 09:03:00,9.05213697523735,0.0417341986499437,21.366733637214406,11.0,67.0,True
l4_cp2_68,4,cp2,cp2_l4,cp1,cp1_l4,2025-07-22 09:10:00,09:10,2025-07-22 09:10:00,9.171416339050468,0.037315684009808996,21.80186623838358,7.0,66.0,True
l4_cp2_70,4,cp2,cp2_l4,cp1,cp1_l4,2025-07-22 09:15:00,09:15,2025-07-22 09:15:00,9.258938689729861,0.034236478747858255,22.10510447663588,5.0,65.0,True
l4_cp2_72,4,cp2,cp2_l4,cp1,cp1_l4,2025-07-22 09:20:00,09:20,2025-07-22 09:20:00,9.341973607363359,0.03145168657720127,22.379349094935165,5.0,64.0,True
l4_cp2_74,4,cp2,cp2_l4,cp1,cp1_l4,2025-07-22 09:33:00,09:33,2025-07-22 09:33:00,9.55407422102604,0.024976671654155805,23.017004577726127,13.0,63.0,True
l4_cp2_76,4,cp2,cp2_l4,cp1,cp1_l4,2025-07-22 09:39:00,09:39,2025-07-22 09:39:00,9.654003618728789,0.022253813676475973,23.285149954835468,6.0,62.0,True
l4_cp2_78,4,cp2,cp2_l4,cp1,cp1_l4,2025-07-22 09:50:00,09:50,2025-07-22 09:50:00,9.833630704497926,0.017891282012963333,23.71476938693704,11.0,61.0,True
l4_cp2_80,4,cp2,cp2_l4,cp1,cp1_l4,2025-07-22 10:04:00,10:04,2025-07-22 10:04:00,10.078782659797312,0.013028948167539568,24.193609030172368,14.0,60.0,True
l4_cp2_82,4,cp2,cp2_l4,cp1,cp1_l4,2025-07-22 10:16:00,10:16,2025-07-22 10:16:00,10.273645761893112,0.010088488068218888,24.48318373023777,12.0,59.0,True
l4_cp2_84,4,cp2,cp2_l4,cp1,cp1_l4,2025-07-22 10:45:00,10:45,2025-07-22 10:45:00,10.750019260320165,0.008307453020253968,24.658578965132996,29.0,58.0,True
l4_cp2_86,4,cp2,cp2_l4,cp1,cp1_l4,2025-07-22 11:01:00,11:01,2025-07-22 11:01:00,11.028019551560536,0.015173589117499034,23.982406109930068,16.0,60.0,True
l4_cp2_88,4,cp2,cp2_l4,cp1,cp1_l4,2025-07-22 11:13:00,11:13,2025-07-22 11:13:00,11.223136786592688,0.02624528231282651,22.892072581175924,12.0,63.0,True
l4_cp2_90,4,cp2,cp2_l4,cp1,cp1_l4,2025-07-22 11:17:00,11:17,2025-07-22 11:17:00,11.286828957115297,0.03107686266258826,22.416261523257685,4.0,64.0,True
l4_cp2_92,4,cp2,cp2_l4,cp1,cp1_l4,2025-07-22 11:22:00,11:22,2025-07-22 11:22:00,11.381566755148924,0.039211990548279244,21.61511913807896,5.0,67.0,True
l4_cp2_94,4,cp2,cp2_l4,cp1,cp1_l4,2025-07-22 11:30:00,11:30,2025-07-22 11:30:00,11.507418835366447,0.051201931051274165,20.434357179853833,8.0,70.0,True
l4_cp2_96,4,cp2,cp2_l4,cp1,cp1_l4,2025-07-22 11:36:00,11:36,2025-07-22 11:36:00,11.603715732838118,0.06058810420280849,19.51001262719509,6.0,74.0,True
l4_cp2_98,4,cp2,cp2_l4,cp1,cp1_l4,2025-07-22 11:43:00,11:43,2025-07-22 11:43:00,11.732060995080625,0.07211345776938809,18.375002904410206,7.0,78.0,True
l4_cp2_100,4,cp2,cp2_l4,cp1,cp1_l4,2025-07-22 11:47:00,11:47,2025-07-22 11:47:00,11.786780908904113,0.07632881736897382,17.959876886546592,4.0,80.0,True
l4_cp2_102,4,cp2,cp2_l4,cp1,cp1_l4,2025-07-22 11:54:00,11:54,2025-07-22 11:54:00,11.904219242128425,0.0833221743699744,17.27117539507495,7.0,83.0,True
l4_cp2_104,4,cp2,cp2_l4,cp1,cp1_l4,2025-07-22 12:00:00,12:00,2025-07-22 12:00:00,12.013424459041214,0.08687118820030754,16.92167069828138,6.0,85.0,True
l4_cp2_106,4,cp2,cp2_l4,cp1,cp1_l4,2025-07-22 12:06:00,12:06,2025-07-22 12:06:00,12.10828954772728,0.0875657747686177,16.853268240708722,6.0,85.0,True
l4_cp2_108,4,cp2,cp2_l4,cp1,cp1_l4,2025-07-22 12:13:00,12:13,2025-07-22 12:13:00,12.222327439935306,0.08581121667980052,17.026056040969618,7.0,85.0,True
l4_cp2_110,4,cp2,cp2_l4,cp1,cp1_l4,2025-07-22 12:17:00,12:17,2025-07-22 12:17:00,12.29571007211805,0.0835258701569811,17.25111555939118,4.0,83.0,True
l4_cp2_112,4,cp2,cp2_l4,cp1,cp1_l4,2025-07-22 12:21:00,12:21,2025-07-22 12:21:00,12.358935016599942,0.08106256063803037,17.493700764095436,4.0,82.0,True
l4_cp2_114,4,cp2,cp2_l4,cp1,cp1_l4,2025-07-22 12:27:00,12:27,2025-07-22 12:27:00,12.45657098582158,0.07675665481014622,17.917743718770275,6.0,80.0,True
l4_cp2_116,4,cp2,cp2_l4,cp1,cp1_l4,2025-07-22 12:32:00,12:32,2025-07-22 12:32:00,12.538270407761333,0.07301536329001274,18.286183804065146,5.0,79.0,True
l4_cp2_118,4,cp2,cp2_l4,cp1,cp1_l4,2025-07-22 12:36:00,12:36,2025-07-22 12:36:00,12.614495892981484,0.0696174847566641,18.62080478986951,4.0,77.0,True
l4_cp2_120,4,cp2,cp2_l4,cp1,cp1_l4,2025-07-22 12:41:00,12:41,2025-07-22 12:41:00,12.685652437421954,0.06661077787885233,18.916903431890898,5.0,76.0,True
l4_cp2_122,4,cp2,cp2_l4,cp1,cp1_l4,2025-07-22 12:46:00,12:46,2025-07-22 12:46:00,12.76711368232126,0.06337949966739406,19.235117720575534,5.0,75.0,True
l4_cp2_124,4,cp2,cp2_l4,cp1,cp1_l4,2025-07-22 12:54:00,12:54,2025-07-22 12:54:00,12.907015033825221,0.058157992438009884,19.74932853751114,8.0,73.0,True
l4_cp2_126,4,cp2,cp2_l4,cp1,cp1_l4,2025-07-22 12:59:00,12:59,2025-07-22 12:59:00,12.990158472611917,0.05504831611237412,20.055567547353338,5.0,72.0,True
l4_cp2_128,4,cp2,cp2_l4,cp1,cp1_l4,2025-07-22 13:08:00,13:08,2025-07-22 13:08:00,13.138580731573358,0.04906347908106804,20.644950613180733,9.0,70.0,True
l4_cp2_130,4,cp2,cp2_l4,cp1,cp1_l4,2025-07-22 13:14:00,13:14,2025-07-22 13:14:00,13.249994489412478,0.044079196473173196,21.135799695457273,6.0,68.0,True
l4_cp2_132,4,cp2,cp2_l4,cp1,cp1_l4,2025-07-22 13:23:00,13:23,2025-07-22 13:23:00,13.386528674609242,0.037583892658001286,21.77545321585246,9.0,66.0,True
l4_cp2_134,4,cp2,cp2_l4,cp1,cp1_l4,2025-07-22 13:35:00,13:35,2025-07-22 13:35:00,13.59439766096628,0.028113898111079103,22.70805244791805,12.0,63.0,True
l4_cp2_136,4,cp2,cp2_l4,cp1,cp1_l4,2025-07-22 13:44:00,13:44,2025-07-22 13:44:00,13.745955521715281,0.02264024405124082,23.247094529463585,9.0,62.0,True
l4_cp2_138,4,cp2,cp2_l4,cp1,cp1_l4,2025-07-22 13:53:00,13:53,2025-07-22 13:53:00,13.893333351116976,0.019053629366849283,23.600302135213035,9.0,61.0,True
l4_cp2_140,4,cp2,cp2_l4,cp1,cp1_l4,2025-07-22 13:57:00,13:57,2025-07-22 13:57:00,13.952519744150491,0.01812162301034526,23.692085547341648,4.0,61.0,True
l4_cp2_142,4,cp2,cp2_l4,cp1,cp1_l4,2025-07-22 14:02:00,14:02,2025-07-22 14:02:00,14.046033386378195,0.017209151773282142,23.78194515293599,5.0,61.0,True
l4_cp2_144,4,cp2,cp2_l4,cp1,cp1_l4,2025-07-22 14:18:00,14:18,2025-07-22 14:18:00,14.314240308644948,0.017692523500503512,23.73434300286344,16.0,61.0,True
l4_cp2_146,4,cp2,cp2_l4,cp1,cp1_l4,2025-07-22 14:26:00,14:26,2025-07-22 14:26:00,14.442001008593326,0.019068506654777266,23.598837029058206,8.0,61.0,True
l4_cp2_148,4,cp2,cp2_l4,cp1,cp1_l4,2025-07-22 14:36:00,14:36,2025-07-22 14:36:00,14.607944517639394,0.021531191028251868,23.356313388295522,10.0,62.0,True
l4_cp2_150,4,cp2,cp2_l4,cp1,cp1_l4,2025-07-22 14:47:00,14:47,2025-07-22 14:47:00,14.786288732638747,0.0247520260472286,23.03912753877633,11.0,63.0,True
l4_cp2_152,4,cp2,cp2_l4,cp1,cp1_l4,2025-07-22 14:54:00,14:54,2025-07-22 14:54:00,14.914830230640156,0.02733958083952707,22.784306736053747,7.0,63.0,True
l4_cp2_154,4,cp2,cp2_l4,cp1,cp1_l4,2025-07-22 15:03:00,15:03,2025-07-22 15:03:00,15.053785149136072,0.030338766933335523,22.488948736210276,9.0,64.0,True
l4_cp2_156,4,cp2,cp2_l4,cp1,cp1_l4,2025-07-22 15:15:00,15:15,2025-07-22 15:15:00,15.262791046238746,0.03518655381386213,22.011541669121083,12.0,65.0,True
l4_cp2_158,4,cp2,cp2_l4,cp1,cp1_l4,2025-07-22 15:19:00,15:19,2025-07-22 15:19:00,15.322467295268467,0.03663621695120371,21.868779735949964,4.0,66.0,True
l4_cp2_160,4,cp2,cp2_l4,cp1,cp1_l4,2025-07-22 15:29:00,15:29,2025-07-22 15:29:00,15.494869508916198,0.04096451171264936,21.442531932883426,10.0,67.0,True
l4_cp2_162,4,cp2,cp2_l4,cp1,cp1_l4,2025-07-22 15:35:00,15:35,2025-07-22 15:35:00,15.592091388959599,0.04348475452880452,21.19433997212575,6.0,68.0,True
l4_cp2_164,4,cp2,cp2_l4,cp1,cp1_l4,2025-07-22 15:40:00,15:40,2025-07-22 15:40:00,15.667728426390058,0.04547788851799923,20.998057364092894,5.0,69.0,True
l4_cp2_166,4,cp2,cp2_l4,cp1,cp1_l4,2025-07-22 15:46:00,15:46,2025-07-22 15:46:00,15.777860453572869,0.04842053944794889,20.708266912376104,6.0,70.0,True
l4_cp2_168,4,cp2,cp2_l4,cp1,cp1_l4,2025-07-22 15:51:00,15:51,2025-07-22 15:51:00,15.857684106003672,0.05057575520335499,20.496022591804596,5.0,70.0,True
l4_cp2_170,4,cp2,cp2_l4,cp1,cp1_l4,2025-07-22 15:57:00,15:57,2025-07-22 15:57:00,15.962010067135774,0.05340938883496012,20.21696809650407,6.0,71.0,True
l4_cp2_172,4,cp2,cp2_l4,cp1,cp1_l4,2025-07-22 16:08:00,16:08,2025-07-22 16:08:00,16.145002971422358,0.058383606465050475,19.72711020704445,11.0,73.0,True
l4_cp2_174,4,cp2,cp2_l4,cp1,cp1_l4,2025-07-22 16:12:00,16:12,2025-07-22 16:12:00,16.208301264826254,0.06009272804691641,19.558796966011705,4.0,74.0,True
l4_cp2_176,4,cp2,cp2_l4,cp1,cp1_l4,2025-07-22 16:18:00,16:18,2025-07-22 16:18:00,16.313067991801795,0.06289360104611995,19.28296871761853,6.0,75.0,True
l4_cp2_178,4,cp2,cp2_l4,cp1,cp1_l4,2025-07-22 16:24:00,16:24,2025-07-22 16:24:00,16.400612288850184,0.06519656233130769,19.05617450824479,6.0,76.0,True
l4_cp2_180,4,cp2,cp2_l4,cp1,cp1_l4,2025-07-22 16:30:00,16:30,2025-07-22 16:30:00,16.515063630305878,0.06813781661673035,18.766521597221065,6.0,77.0,True
l4_cp2_182,4,cp2,cp2_l4,cp1,cp1_l4,2025-07-22 16:35:00,16:35,2025-07-22 16:35:00,16.594354612230386,0.07011817279565985,18.57149734007551,5.0,78.0,True
l4_cp2_184,4,cp2,cp2_l4,cp1,cp1_l4,2025-07-22 16:39:00,16:39,2025-07-22 16:39:00,16.66105216469295,0.07174112884811662,18.411669627324684,4.0,78.0,True
l4_cp2_186,4,cp2,cp2_l4,cp1,cp1_l4,2025-07-22 16:44:00,16:44,2025-07-22 16:44:00,16.745007936921034,0.07372089219331956,18.216703752079493,5.0,79.0,True
l4_cp2_188,4,cp2,cp2_l4,cp1,cp1_l4,2025-07-22 16:49:00,16:49,2025-07-22 16:49:00,16.827752615966755,0.07559509336498685,18.03213357468679,5.0,80.0,True
l4_cp2_190,4,cp2,cp2_l4,cp1,cp1_l4,2025-07-22 16:54:00,16:54,2025-07-22 16:54:00,16.91000341879039,0.07737396086624146,17.856951798456976,5.0,81.0,True
l4_cp2_192,4,cp2,cp2_l4,cp1,cp1_l4,2025-07-22 16:59:00,16:59,2025-07-22 16:59:00,16.987661804462682,0.07896923068117834,17.699850609329992,5.0,81.0,True
l4_cp2_194,4,cp2,cp2_l4,cp1,cp1_l4,2025-07-22 17:06:00,17:06,2025-07-22 17:06:00,17.111351784614406,0.08132471052250834,17.467884404884366,7.0,82.0,True
l4_cp2_196,4,cp2,cp2_l4,cp1,cp1_l4,2025-07-22 17:12:00,17:12,2025-07-22 17:12:00,17.216632051782074,0.08313399480653547,17.289707202615496,6.0,83.0,True
l4_cp2_198,4,cp2,cp2_l4,cp1,cp1_l4,2025-07-22 17:16:00,17:16,2025-07-22 17:16:00,17.272256872154315,0.08401208113746966,17.203233801405073,4.0,84.0,True
l4_cp2_200,4,cp2,cp2_l4,cp1,cp1_l4,2025-07-22 17:21:00,17:21,2025-07-22 17:21:00,17.359539515954065,0.08527558300983769,17.078804914984353,5.0,84.0,True
l4_cp2_202,4,cp2,cp2_l4,cp1,cp1_l4,2025-07-22 17:26:00,17:26,2025-07-22 17:26:00,17.44282566477468,0.08634548051304969,16.973442067631,5.0,85.0,True
l4_cp2_204,4,cp2,cp2_l4,cp1,cp1_l4,2025-07-22 17:32:00,17:32,2025-07-22 17:32:00,17.535248401823164,0.08737092950924667,16.872456481880423,6.0,85.0,True
l4_cp2_206,4,cp2,cp2_l4,cp1,cp1_l4,2025-07-22 17:37:00,17:37,2025-07-22 17:37:00,17.629747245193794,0.0882369651489533,16.787169825322174,5.0,86.0,True
l4_cp2_208,4,cp2,cp2_l4,cp1,cp1_l4,2025-07-22 17:43:00,17:43,2025-07-22 17:43:00,17.720489016285445,0.08888968177470008,16.722890693912777,6.0,86.0,True
l4_cp2_210,4,cp2,cp2_l4,cp1,cp1_l4,2025-07-22 17:49:00,17:49,2025-07-22 17:49:00,17.82107791599668,0.0894035356439678,16.672286681260125,6.0,86.0,True
l4_cp2_212,4,cp2,cp2_l4,cp1,cp1_l4,2025-07-22 17:53:00,17:53,2025-07-22 17:53:00,17.896670193498416,0.08964229382347026,16.648773922752177,4.0,86.0,True
l4_cp2_214,4,cp2,cp2_l4,cp1,cp1_l4,2025-07-22 17:59:00,17:59,2025-07-22 17:59:00,17.985260097551592,0.08975957535878763,16.63722410936733,6.0,87.0,True
l4_cp2_216,4,cp2,cp2_l4,cp1,cp1_l4,2025-07-22 18:05:00,18:05,2025-07-22 18:05:00,18.09338619416824,0.0896642148019474,16.64661515828905,6.0,87.0,True
l4_cp2_218,4,cp2,cp2_l4,cp1,cp1_l4,2025-07-22 18:12:00,18:12,2025-07-22 18:12:00,18.207797680240812,0.08927882917890619,16.684567697154463,7.0,86.0,True
l4_cp2_220,4,cp2,cp2_l4,cp1,cp1_l4,2025-07-22 18:17:00,18:17,2025-07-22 18:17:00,18.296033523998656,0.08878408296872226,16.733289999305615,5.0,86.0,True
l4_cp2_222,4,cp2,cp2_l4,cp1,cp1_l4,2025-07-22 18:21:00,18:21,2025-07-22 18:21:00,18.354241089328493,0.0883650054510022,16.774560495214054,4.0,86.0,True
l4_cp2_224,4,cp2,cp2_l4,cp1,cp1_l4,2025-07-22 18:25:00,18:25,2025-07-22 18:25:00,18.43228560056214,0.08768957436711126,16.841076532475622,4.0,86.0,True
l4_cp2_226,4,cp2,cp2_l4,cp1,cp1_l4,2025-07-22 18:29:00,18:29,2025-07-22 18:29:00,18.484043762463827,0.08717124989417294,16.89212080742509,4.0,85.0,True
l4_cp2_228,4,cp2,cp2_l4,cp1,cp1_l4,2025-07-22 18:34:00,18:34,2025-07-22 18:34:00,18.575658462054125,0.08611977293518043,16.9956696109257,5.0,85.0,True
l4_cp2_230,4,cp2,cp2_l4,cp1,cp1_l4,2025-07-22 18:39:00,18:39,2025-07-22 18:39:00,18.6582207932752,0.08503007712349175,17.10298218350751,5.0,84.0,True
l4_cp2_232,4,cp2,cp2_l4,cp1,cp1_l4,2025-07-22 18:44:00,18:44,2025-07-22 18:44:00,18.74751840204842,0.08370627115017681,17.233349780658724,5.0,84.0,True
l4_cp2_234,4,cp2,cp2_l4,cp1,cp1_l4,2025-07-22 18:48:00,18:48,2025-07-22 18:48:00,18.81219798914316,0.08265734361646417,17.336647518327517,4.0,83.0,True
l4_cp2_236,4,cp2,cp2_l4,cp1,cp1_l4,2025-07-22 18:54:00,18:54,2025-07-22 18:54:00,18.903564066688464,0.08105341373512194,17.49460154546188,6.0,82.0,True
l4_cp2_238,4,cp2,cp2_l4,cp1,cp1_l4,2025-07-22 19:01:00,19:01,2025-07-22 19:01:00,19.022106016903148,0.07877331365269286,17.719144397664166,7.0,81.0,True
l4_cp2_240,4,cp2,cp2_l4,cp1,cp1_l4,2025-07-22 19:08:00,19:08,2025-07-22 19:08:00,19.14942242761727,0.07609749745409806,17.982657129334033,7.0,80.0,True
l4_cp2_242,4,cp2,cp2_l4,cp1,cp1_l4,2025-07-22 19:13:00,19:13,2025-07-22 19:13:00,19.222168221726257,0.0744739927417993,18.142538873768274,5.0,79.0,True
l4_cp2_244,4,cp2,cp2_l4,cp1,cp1_l4,2025-07-22 19:19:00,19:19,2025-07-22 19:19:00,19.33115568603195,0.07192795092788537,18.393271503940134,6.0,78.0,True
l4_cp2_246,4,cp2,cp2_l4,cp1,cp1_l4,2025-07-22 19:25:00,19:25,2025-07-22 19:25:00,19.4200044101329,0.0697634548657955,18.606429743399744,6.0,77.0,True
l4_cp2_248,4,cp2,cp2_l4,cp1,cp1_l4,2025-07-22 19:35:00,19:35,2025-07-22 19:35:00,19.585498642727035,0.06555805760811055,19.020574675967033,10.0,76.0,True
l4_cp2_250,4,cp2,cp2_l4,cp1,cp1_l4,2025-07-22 19:39:00,19:39,2025-07-22 19:39:00,19.658257992669316,0.06365223400875579,19.208259010567666,4.0,75.0,True
l4_cp2_252,4,cp2,cp2_l4,cp1,cp1_l4,2025-07-22 19:45:00,19:45,2025-07-22 19:45:00,19.753383505047395,0.06112174253586658,19.457460252730154,6.0,74.0,True
l4_cp2_254,4,cp2,cp2_l4,cp1,cp1_l4,2025-07-22 19:52:00,19:52,2025-07-22 19:52:00,19.871663861019485,0.0579320729352951,19.771576951034138,7.0,73.0,True
l4_cp2_256,4,cp2,cp2_l4,cp1,cp1_l4,2025-07-22 19:58:00,19:58,2025-07-22 19:58:00,19.970289166770634,0.055252132885381354,20.03549579704273,6.0,72.0,True
l4_cp2_258,4,cp2,cp2_l4,cp1,cp1_l4,2025-07-22 20:12:00,20:12,2025-07-22 20:12:00,20.213499419331466,0.04865304560698331,20.68536984899432,14.0,70.0,True
l4_cp2_260,4,cp2,cp2_l4,cp1,cp1_l4,2025-07-22 20:17:00,20:17,2025-07-22 20:17:00,20.29963039566024,0.046345508087255655,20.912614723127852,5.0,69.0,True
l4_cp2_262,4,cp2,cp2_l4,cp1,cp1_l4,2025-07-22 20:24:00,20:24,2025-07-22 20:24:00,20.400460522257102,0.04367979023598477,21.175132975771064,7.0,68.0,True
l4_cp2_264,4,cp2,cp2_l4,cp1,cp1_l4,2025-07-22 20:34:00,20:34,2025-07-22 20:34:00,20.570451655102776,0.039301361227096654,21.606317968656814,10.0,67.0,True
l4_cp2_266,4,cp2,cp2_l4,cp1,cp1_l4,2025-07-22 20:42:00,20:42,2025-07-22 20:42:00,20.701743489447754,0.036043791640341036,21.927121415792467,8.0,66.0,True
l4_cp2_268,4,cp2,cp2_l4,cp1,cp1_l4,2025-07-22 20:47:00,20:47,2025-07-22 20:47:00,20.785844832812312,0.03402329509756086,22.126098671254603,5.0,65.0,True
l4_cp2_270,4,cp2,cp2_l4,cp1,cp1_l4,2025-07-22 20:51:00,20:51,2025-07-22 20:51:00,20.866357852669076,0.03214191531970347,22.311375793364853,4.0,65.0,True
l4_cp2_272,4,cp2,cp2_l4,cp1,cp1_l4,2025-07-22 20:57:00,20:57,2025-07-22 20:57:00,20.958187372426956,0.030063229169834543,22.516083525504275,6.0,64.0,True
l4_cp2_274,4,cp2,cp2_l4,cp1,cp1_l4,2025-07-22 21:06:00,21:06,2025-07-22 21:06:00,21.11495861322115,0.02669005365558106,22.848271773198427,9.0,63.0,True
l4_cp2_276,4,cp2,cp2_l4,cp1,cp1_l4,2025-07-22 21:12:00,21:12,2025-07-22 21:12:00,21.202248696034786,0.024912315512503985,23.02334233093029,6.0,63.0,True
l4_cp2_278,4,cp2,cp2_l4,cp1,cp1_l4,2025-07-22 21:18:00,21:18,2025-07-22 21:18:00,21.31438195397949,0.022737621828929036,23.237504825874815,6.0,62.0,True
l4_cp2_280,4,cp2,cp2_l4,cp1,cp1_l4,2025-07-22 21:37:00,21:37,2025-07-22 21:37:00,21.626929928164937,0.01733684977586974,23.76936953226806,19.0,61.0,True
l4_cp2_282,4,cp2,cp2_l4,cp1,cp1_l4,2025-07-22 21:54:00,21:54,2025-07-22 21:54:00,21.91547995983551,0.013207554209756521,24.176020017107103,17.0,60.0,True
l4_cp2_284,4,cp2,cp2_l4,cp1,cp1_l4,2025-07-22 22:11:00,22:11,2025-07-22 22:11:00,22.185097676653267,0.010052099806073,24.48676722388872,17.0,59.0,True
l4_cp2_286,4,cp2,cp2_l4,cp1,cp1_l4,2025-07-22 22:22:00,22:22,2025-07-22 22:22:00,22.382418174329306,0.008137339120192934,24.67533167726757,11.0,58.0,True
l4_cp2_288,4,cp2,cp2_l4,cp1,cp1_l4,2025-07-22 22:28:00,22:28,2025-07-22 22:28:00,22.478612698512773,0.007314914938877871,24.7563235042561,6.0,58.0,True
l4_cp2_290,4,cp2,cp2_l4,cp1,cp1_l4,2025-07-22 22:49:00,22:49,2025-07-22 22:49:00,22.833333333333332,0.004840524003774078,25.0,21.0,58.0,True
l59_cp1_1,59,cp1,cp1_l59,cp2,cp2_l59,2025-07-22 06:40:00,06:40,2025-07-22 06:40:00,6.666666666666667,0.10379000133463206,15.265797696638346,0.0,45.0,True
l59_cp1_3,59,cp1,cp1_l59,cp2,cp2_l59,2025-07-22 06:52:00,06:52,2025-07-22 06:52:00,6.872653902399156,0.1060019279760617,15.038908225879663,12.0,45.0,True
l59_cp1_5,59,cp1,cp1_l59,cp2,cp2_l59,2025-07-22 07:00:00,07:00,2025-07-22 07:00:00,7.011978570352634,0.1063812410446947,15.0,8.0,46.0,True
l59_cp1_7,59,cp1,cp1_l59,cp2,cp2_l59,2025-07-22 07:12:00,07:12,2025-07-22 07:12:00,7.212621081722752,0.10532124496657293,15.108729622703889,12.0,45.0,True
l59_cp1_9,59,cp1,cp1_l59,cp2,cp2_l59,2025-07-22 07:18:00,07:18,2025-07-22 07:18:00,7.314836312211058,0.10406694175323651,15.23739039603807,6.0,45.0,True
l59_cp1_11,59,cp1,cp1_l59,cp2,cp2_l59,2025-07-22 07:32:00,07:32,2025-07-22 07:32:00,7.535335791683287,0.09982079239450946,15.672941269525094,14.0,44.0,True
l59_cp1_13,59,cp1,cp1_l59,cp2,cp2_l59,2025-07-22 07:50:00,07:50,2025-07-22 07:50:00,7.8421924943104075,0.09087126001766375,16.590943985568064,18.0,41.0,True
l59_cp1_15,59,cp1,cp1_l59,cp2,cp2_l59,2025-07-22 07:57:00,07:57,2025-07-22 07:57:00,7.954114290674377,0.08690085532957907,16.99821021289425,7.0,40.0,True
l59_cp1_17,59,cp1,cp1_l59,cp2,cp2_l59,2025-07-22 08:15:00,08:15,2025-07-22 08:15:00,8.26233142982507,0.07466135750557996,18.253682764119695,18.0,37.0,True
l59_cp1_19,59,cp1,cp1_l59,cp2,cp2_l59,2025-07-22 08:20:00,08:20,2025-07-22 08:20:00,8.343602136272493,0.0712291006964544,18.60574820622995,5.0,37.0,True
l59_cp1_21,59,cp1,cp1_l59,cp2,cp2_l59,2025-07-22 08:29:00,08:29,2025-07-22 08:29:00,8.485255500902158,0.06516086310785958,19.228200682332115,9.0,36.0,True
l59_cp1_23,59,cp1,cp1_l59,cp2,cp2_l59,2025-07-22 08:41:00,08:41,2025-07-22 08:41:00,8.684959896599057,0.0566098463898831,20.105325457291357,12.0,34.0,True
l59_cp1_25,59,cp1,cp1_l59,cp2,cp2_l59,2025-07-22 09:46:00,09:46,2025-07-22 09:46:00,9.772629946354213,0.019296432525485293,23.93276736486793,65.0,29.0,True
l59_cp1_27,59,cp1,cp1_l59,cp2,cp2_l59,2025-07-22 10:47:00,10:47,2025-07-22 10:47:00,10.79825981819655,0.008892070038507921,25.0,61.0,27.0,True
l59_cp1_29,59,cp1,cp1_l59,cp2,cp2_l59,2025-07-22 11:28:00,11:28,2025-07-22 11:28:00,11.471417631609405,0.04769030490176676,21.020251843069147,41.0,33.0,True
l59_cp1_31,59,cp1,cp1_l59,cp2,cp2_l59,2025-07-22 11:40:00,11:40,2025-07-22 11:40:00,11.68177218062417,0.06782082263629768,18.95535401628863,12.0,36.0,True
l59_cp1_33,59,cp1,cp1_l59,cp2,cp2_l59,2025-07-22 11:50:00,11:50,2025-07-22 11:50:00,11.843151012013346,0.0800675173696723,17.699143238519536,10.0,39.0,True
l59_cp1_35,59,cp1,cp1_l59,cp2,cp2_l59,2025-07-22 12:01:00,12:01,2025-07-22 12:01:00,12.026207274397196,0.08709151359546091,16.978653346842968,11.0,40.0,True
l59_cp1_37,59,cp1,cp1_l59,cp2,cp2_l59,2025-07-22 12:13:00,12:13,2025-07-22 12:13:00,12.224877290700903,0.08574482600088706,17.116790493838337,12.0,40.0,True
l59_cp1_39,59,cp1,cp1_l59,cp2,cp2_l59,2025-07-22 12:22:00,12:22,2025-07-22 12:22:00,12.37723935947663,0.08028950697373448,17.67637254493675,9.0,39.0,True
l59_cp1_41,59,cp1,cp1_l59,cp2,cp2_l59,2025-07-22 12:30:00,12:30,2025-07-22 12:30:00,12.516607593764734,0.07400400414067224,18.321111111096407,8.0,37.0,True
l59_cp1_43,59,cp1,cp1_l59,cp2,cp2_l59,2025-07-22 13:01:00,13:01,2025-07-22 13:01:00,13.018467885342197,0.05395921896115471,20.377214878585153,31.0,34.0,True
l59_cp1_45,59,cp1,cp1_l59,cp2,cp2_l59,2025-07-22 13:14:00,13:14,2025-07-22 13:14:00,13.243767630678953,0.04436782620939314,21.361056740483114,13.0,32.0,True
l59_cp1_47,59,cp1,cp1_l59,cp2,cp2_l59,2025-07-22 13:23:00,13:23,2025-07-22 13:23:00,13.387197846869135,0.0375517664779591,22.060217443265323,9.0,31.0,True
l59_cp1_49,59,cp1,cp1_l59,cp2,cp2_l59,2025-07-22 13:43:00,13:43,2025-07-22 13:43:00,13.728272213294787,0.023191091489315228,23.53327079272221,20.0,29.0,True
l59_cp1_51,59,cp1,cp1_l59,cp2,cp2_l59,2025-07-22 13:56:00,13:56,2025-07-22 13:56:00,13.942888911508193,0.018253934268322274,24.039702139920728,13.0,28.0,True
l59_cp1_53,59,cp1,cp1_l59,cp2,cp2_l59,2025-07-22 14:12:00,14:12,2025-07-22 14:12:00,14.211567170453268,0.017049894887434622,24.16320707574701,16.0,28.0,True
l59_cp1_55,59,cp1,cp1_l59,cp2,cp2_l59,2025-07-22 14:36:00,14:36,2025-07-22 14:36:00,14.606139808673564,0.021501250085186725,23.706607111688474,24.0,29.0,True
l59_cp1_57,59,cp1,cp1_l59,cp2,cp2_l59,2025-07-22 14:59:00,14:59,2025-07-22 14:59:00,14.99689967515766,0.029087533544187666,22.928440328577814,23.0,30.0,True
l59_cp1_59,59,cp1,cp1_l59,cp2,cp2_l59,2025-07-22 15:33:00,15:33,2025-07-22 15:33:00,15.560790663694565,0.04266787050295012,21.535430539018662,34.0,32.0,True
l59_cp1_61,59,cp1,cp1_l59,cp2,cp2_l59,2025-07-22 15:43:00,15:43,2025-07-22 15:43:00,15.729429414782947,0.04712133672110338,21.078614035996942,10.0,32.0,True
l59_cp1_63,59,cp1,cp1_l59,cp2,cp2_l59,2025-07-22 16:07:00,16:07,2025-07-22 16:07:00,16.124868392184048,0.05783806193189731,19.97934063976365,24.0,34.0,True
l59_cp1_65,59,cp1,cp1_l59,cp2,cp2_l59,2025-07-22 16:18:00,16:18,2025-07-22 16:18:00,16.301312083903692,0.0625814743422469,19.492782762474018,11.0,35.0,True
l59_cp1_67,59,cp1,cp1_l59,cp2,cp2_l59,2025-07-22 16:29:00,16:29,2025-07-22 16:29:00,16.49356247631773,0.0675922019464441,18.97880489678069,11.0,36.0,True
l59_cp1_69,59,cp1,cp1_l59,cp2,cp2_l59,2025-07-22 16:37:00,16:37,2025-07-22 16:37:00,16.618485368665564,0.0707101435828329,18.658980489186646,8.0,37.0,True
l59_cp1_71,59,cp1,cp1_l59,cp2,cp2_l59,2025-07-22 16:46:00,16:46,2025-07-22 16:46:00,16.768845489867235,0.07426904116003111,18.293924807569212,9.0,37.0,True
l59_cp1_73,59,cp1,cp1_l59,cp2,cp2_l59,2025-07-22 16:59:00,16:59,2025-07-22 16:59:00,16.989098227135614,0.07899792371380705,17.808857337513913,13.0,38.0,True
l59_cp1_75,59,cp1,cp1_l59,cp2,cp2_l59,2025-07-22 17:06:00,17:06,2025-07-22 17:06:00,17.106414138570553,0.0812353021079649,17.579357140613496,7.0,39.0,True
l59_cp1_77,59,cp1,cp1_l59,cp2,cp2_l59,2025-07-22 17:14:00,17:14,2025-07-22 17:14:00,17.248266598753396,0.08364017616388744,17.33267599325099,8.0,39.0,True
l59_cp1_79,59,cp1,cp1_l59,cp2,cp2_l59,2025-07-22 17:23:00,17:23,2025-07-22 17:23:00,17.398279257575965,0.08579008046912714,17.112148494345163,9.0,40.0,True
l59_cp1_81,59,cp1,cp1_l59,cp2,cp2_l59,2025-07-22 17:42:00,17:42,2025-07-22 17:42:00,17.713759300694928,0.0888473875966732,16.798543701526476,19.0,41.0,True
l59_cp1_83,59,cp1,cp1_l59,cp2,cp2_l59,2025-07-22 17:51:00,17:51,2025-07-22 17:51:00,17.85910182057737,0.08953954147321819,16.72754567483272,9.0,41.0,True
l59_cp1_85,59,cp1,cp1_l59,cp2,cp2_l59,2025-07-22 17:56:00,17:56,2025-07-22 17:56:00,17.944671214096903,0.0897276713908465,16.708248155355772,5.0,41.0,True
l59_cp1_87,59,cp1,cp1_l59,cp2,cp2_l59,2025-07-22 18:10:00,18:10,2025-07-22 18:10:00,18.166829308747385,0.08945027342795558,16.736702388787844,14.0,41.0,True
l59_cp1_89,59,cp1,cp1_l59,cp2,cp2_l59,2025-07-22 18:21:00,18:21,2025-07-22 18:21:00,18.351030186997438,0.08839002244261286,16.84545815872617,11.0,41.0,True
l59_cp1_91,59,cp1,cp1_l59,cp2,cp2_l59,2025-07-22 18:36:00,18:36,2025-07-22 18:36:00,18.614915014412063,0.08561810858214211,17.12978859582619,15.0,40.0,True
l59_cp1_93,59,cp1,cp1_l59,cp2,cp2_l59,2025-07-22 18:50:00,18:50,2025-07-22 18:50:00,18.844761657792013,0.08210172988426867,17.490482882338306,14.0,39.0,True
l59_cp1_95,59,cp1,cp1_l59,cp2,cp2_l59,2025-07-22 19:11:00,19:11,2025-07-22 19:11:00,19.190799211665396,0.07518197617368563,18.20028004638886,21.0,38.0,True
l59_cp1_97,59,cp1,cp1_l59,cp2,cp2_l59,2025-07-22 19:24:00,19:24,2025-07-22 19:24:00,19.411354831813796,0.06997734601681752,18.734147562457675,13.0,37.0,True
l59_cp1_99,59,cp1,cp1_l59,cp2,cp2_l59,2025-07-22 19:47:00,19:47,2025-07-22 19:47:00,19.796911003891452,0.05995238863771015,19.76246253073976,23.0,35.0,True
l59_cp2_2,59,cp2,cp2_l59,cp1,cp1_l59,2025-07-22 06:46:00,06:46,2025-07-22 06:46:00,6.771515581139258,0.10515756958504406,15.125518706028691,0.0,45.0,True
l59_cp2_4,59,cp2,cp2_l59,cp1,cp1_l59,2025-07-22 06:56:00,06:56,2025-07-22 06:56:00,6.943930258489249,0.10631033179670443,15.007273551232245,10.0,46.0,True
l59_cp2_6,59,cp2,cp2_l59,cp1,cp1_l59,2025-07-22 07:04:00,07:04,2025-07-22 07:04:00,7.0735843533388945,0.10625670669866374,15.01277417222299,8.0,46.0,True
l59_cp2_8,59,cp2,cp2_l59,cp1,cp1_l59,2025-07-22 07:14:00,07:14,2025-07-22 07:14:00,7.244496952379025,0.10498076949879052,15.143654062440977,10.0,45.0,True
l59_cp2_10,59,cp2,cp2_l59,cp1,cp1_l59,2025-07-22 07:24:00,07:24,2025-07-22 07:24:00,7.416011892394744,0.10237090540405969,15.41136216456087,10.0,44.0,True
l59_cp2_12,59,cp2,cp2_l59,cp1,cp1_l59,2025-07-22 07:39:00,07:39,2025-07-22 07:39:00,7.660994682742605,0.09654124977466304,16.00934197803438,15.0,43.0,True
l59_cp2_14,59,cp2,cp2_l59,cp1,cp1_l59,2025-07-22 07:53:00,07:53,2025-07-22 07:53:00,7.899325747146131,0.08888411372191174,16.794776501040566,14.0,41.0,True
l59_cp2_16,59,cp2,cp2_l59,cp1,cp1_l59,2025-07-22 08:10:00,08:10,2025-07-22 08:10:00,8.180077653592791,0.0780699056217535,17.904049252931337,17.0,38.0,True
l59_cp2_18,59,cp2,cp2_l59,cp1,cp1_l59,2025-07-22 08:18:00,08:18,2025-07-22 08:18:00,8.300319449847015,0.07306360389163084,18.41757313239944,8.0,37.0,True
l59_cp2_20,59,cp2,cp2_l59,cp1,cp1_l59,2025-07-22 08:26:00,08:26,2025-07-22 08:26:00,8.436054641641118,0.06727555320890756,19.011285297862,8.0,36.0,True
l59_cp2_22,59,cp2,cp2_l59,cp1,cp1_l59,2025-07-22 08:36:00,08:36,2025-07-22 08:36:00,8.614920580169922,0.059592949055194404,19.799332223938087,10.0,35.0,True
l59_cp2_24,59,cp2,cp2_l59,cp1,cp1_l59,2025-07-22 08:49:00,08:49,2025-07-22 08:49:00,8.817518622045432,0.051061170328561424,20.674483652407154,13.0,33.0,True
l59_cp2_26,59,cp2,cp2_l59,cp1,cp1_l59,2025-07-22 09:57:00,09:57,2025-07-22 09:57:00,9.954205442800582,0.015342910181815626,24.338301877354326,68.0,28.0,True
l59_cp2_28,59,cp2,cp2_l59,cp1,cp1_l59,2025-07-22 11:18:00,11:18,2025-07-22 11:18:00,11.308207533366632,0.03282079911066702,22.545498764099598,81.0,30.0,True
l59_cp2_30,59,cp2,cp2_l59,cp1,cp1_l59,2025-07-22 11:36:00,11:36,2025-07-22 11:36:00,11.610787326298656,0.06126402879467643,19.627920392015138,18.0,35.0,True
l59_cp2_32,59,cp2,cp2_l59,cp1,cp1_l59,2025-07-22 11:46:00,11:46,2025-07-22 11:46:00,11.781033541066389,0.07591149863750637,18.125448918347523,10.0,38.0,True
l59_cp2_34,59,cp2,cp2_l59,cp1,cp1_l59,2025-07-22 11:55:00,11:55,2025-07-22 11:55:00,11.930551910503217,0.08445018659317595,17.24958877228805,9.0,40.0,True
l59_cp2_36,59,cp2,cp2_l59,cp1,cp1_l59,2025-07-22 12:11:00,12:11,2025-07-22 12:11:00,12.18761688668376,0.08660677915690769,17.028375221954867,16.0,40.0,True
l59_cp2_38,59,cp2,cp2_l59,cp1,cp1_l59,2025-07-22 12:20:00,12:20,2025-07-22 12:20:00,12.346363930753668,0.08158002646660402,17.54399686879241,9.0,39.0,True
l59_cp2_40,59,cp2,cp2_l59,cp1,cp1_l59,2025-07-22 12:25:00,12:25,2025-07-22 12:25:00,12.429791826818114,0.07797278584002419,17.914011362643308,5.0,38.0,True
l59_cp2_42,59,cp2,cp2_l59,cp1,cp1_l59,2025-07-22 12:41:00,12:41,2025-07-22 12:41:00,12.697976430164688,0.06610809819210922,19.131037574422464,16.0,36.0,True
l59_cp2_44,59,cp2,cp2_l59,cp1,cp1_l59,2025-07-22 13:11:00,13:11,2025-07-22 13:11:00,13.195086950349884,0.046585993249650945,21.133527157723915,30.0,32.0,True
l59_cp2_46,59,cp2,cp2_l59,cp1,cp1_l59,2025-07-22 13:16:00,13:16,2025-07-22 13:16:00,13.268328019057662,0.04322376933568548,21.47840894092752,5.0,32.0,True
l59_cp2_48,59,cp2,cp2_l59,cp1,cp1_l59,2025-07-22 13:27:00,13:27,2025-07-22 13:27:00,13.458356922365185,0.03416475066990059,22.407642267284352,11.0,31.0,True
l59_cp2_50,59,cp2,cp2_l59,cp1,cp1_l59,2025-07-22 13:45:00,13:45,2025-07-22 13:45:00,13.754804665115318,0.02237401845898357,23.617082463485094,18.0,29.0,True
l59_cp2_52,59,cp2,cp2_l59,cp1,cp1_l59,2025-07-22 14:00:00,14:00,2025-07-22 14:00:00,14.006164091419386,0.017517647971693032,24.115227071462357,15.0,28.0,True
l59_cp2_54,59,cp2,cp2_l59,cp1,cp1_l59,2025-07-22 14:33:00,14:33,2025-07-22 14:33:00,14.550419585808783,0.020607889249808206,23.79824404183755,33.0,29.0,True
l59_cp2_56,59,cp2,cp2_l59,cp1,cp1_l59,2025-07-22 14:38:00,14:38,2025-07-22 14:38:00,14.64563329189583,0.02216984060400924,23.63802610808346,5.0,29.0,True
l59_cp2_58,59,cp2,cp2_l59,cp1,cp1_l59,2025-07-22 15:23:00,15:23,2025-07-22 15:23:00,15.385702868798983,0.038200764505618594,21.993646149145047,45.0,31.0,True
l59_cp2_60,59,cp2,cp2_l59,cp1,cp1_l59,2025-07-22 15:37:00,15:37,2025-07-22 15:37:00,15.618968577054337,0.04419002998226993,21.379294276538474,14.0,32.0,True
l59_cp2_62,59,cp2,cp2_l59,cp1,cp1_l59,2025-07-22 16:00:00,16:00,2025-07-22 16:00:00,16.000875365630836,0.05446724417738696,20.325103940417467,23.0,34.0,True
l59_cp2_64,59,cp2,cp2_l59,cp1,cp1_l59,2025-07-22 16:16:00,16:16,2025-07-22 16:16:00,16.268460470562797,0.06170612739234227,19.582571909398766,16.0,35.0,True
l59_cp2_66,59,cp2,cp2_l59,cp1,cp1_l59,2025-07-22 16:22:00,16:22,2025-07-22 16:22:00,16.373935549282564,0.06449909384580535,19.29608199214572,6.0,35.0,True
l59_cp2_68,59,cp2,cp2_l59,cp1,cp1_l59,2025-07-22 16:31:00,16:31,2025-07-22 16:31:00,16.525705459864383,0.06840656659318105,18.895271039806435,9.0,36.0,True
l59_cp2_70,59,cp2,cp2_l59,cp1,cp1_l59,2025-07-22 16:43:00,16:43,2025-07-22 16:43:00,16.73234741922193,0.0734271667866742,18.380280488376414,12.0,37.0,True
l59_cp2_72,59,cp2,cp2_l59,cp1,cp1_l59,2025-07-22 16:56:00,16:56,2025-07-22 16:56:00,16.943930064684512,0.07808136358154166,17.902873947031214,13.0,38.0,True
l59_cp2_74,59,cp2,cp2_l59,cp1,cp1_l59,2025-07-22 17:03:00,17:03,2025-07-22 17:03:00,17.05218219651327,0.08022755590193399,17.68272720680956,7.0,39.0,True
l59_cp2_76,59,cp2,cp2_l59,cp1,cp1_l59,2025-07-22 17:10:00,17:10,2025-07-22 17:10:00,17.16781617617116,0.0823184802246359,17.46824960882391,7.0,39.0,True
l59_cp2_78,59,cp2,cp2_l59,cp1,cp1_l59,2025-07-22 17:16:00,17:16,2025-07-22 17:16:00,17.274332374213362,0.08404376551468797,17.291277615704534,6.0,40.0,True
l59_cp2_80,59,cp2,cp2_l59,cp1,cp1_l59,2025-07-22 17:37:00,17:37,2025-07-22 17:37:00,17.62668161147301,0.08821182652540498,16.86373669318992,21.0,41.0,True
l59_cp2_82,59,cp2,cp2_l59,cp1,cp1_l59,2025-07-22 17:45:00,17:45,2025-07-22 17:45:00,17.756265334096245,0.08909792498412861,16.7728447049231,8.0,41.0,True
l59_cp2_84,59,cp2,cp2_l59,cp1,cp1_l59,2025-07-22 17:53:00,17:53,2025-07-22 17:53:00,17.884472303307504,0.089612385182915,16.720073695232827,8.0,41.0,True
l59_cp2_86,59,cp2,cp2_l59,cp1,cp1_l59,2025-07-22 17:59:00,17:59,2025-07-22 17:59:00,17.98838545401296,0.08976049951742224,16.704880794013285,6.0,41.0,True
l59_cp2_88,59,cp2,cp2_l59,cp1,cp1_l59,2025-07-22 18:15:00,18:15,2025-07-22 18:15:00,18.266661613430774,0.08896769417072939,16.78620319510771,16.0,41.0,True
l59_cp2_90,59,cp2,cp2_l59,cp1,cp1_l59,2025-07-22 18:25:00,18:25,2025-07-22 18:25:00,18.4287171869055,0.08772325817050536,16.913851834169897,10.0,40.0,True
l59_cp2_92,59,cp2,cp2_l59,cp1,cp1_l59,2025-07-22 18:46:00,18:46,2025-07-22 18:46:00,18.77907806959053,0.08320367680222839,17.377450131460797,21.0,39.0,True
l59_cp2_94,59,cp2,cp2_l59,cp1,cp1_l59,2025-07-22 19:00:00,19:00,2025-07-22 19:00:00,19.004215710477514,0.07913108015026432,17.79519875009513,14.0,38.0,True
l59_cp2_96,59,cp2,cp2_l59,cp1,cp1_l59,2025-07-22 19:15:00,19:15,2025-07-22 19:15:00,19.250555678076978,0.07382339457275092,18.33963722697751,15.0,37.0,True
l59_cp2_98,59,cp2,cp2_l59,cp1,cp1_l59,2025-07-22 19:30:00,19:30,2025-07-22 19:30:00,19.509416079190753,0.0675163476852128,18.98658568519528,15.0,36.0,True
l59_cp2_100,59,cp2,cp2_l59,cp1,cp1_l59,2025-07-22 19:49:00,19:49,2025-07-22 19:49:00,19.833333333333332,0.05896965444261786,19.86326697752595,19.0,34.0,True
l60_cp1_1,60,cp1,cp1_l60,cp2,cp2_l60,2025-07-22 06:00:00,06:00,2025-07-22 06:00:00,6.0,0.08518613617303424,17.158026316240374,0.0,66.0,True
l60_cp1_3,60,cp1,cp1_l60,cp2,cp2_l60,2025-07-22 06:09:00,06:09,2025-07-22 06:09:00,6.154380049597012,0.09075429466993629,16.590568795680355,9.0,69.0,True
l60_cp1_5,60,cp1,cp1_l60,cp2,cp2_l60,2025-07-22 06:24:00,06:24,2025-07-22 06:24:00,6.41095110243178,0.09848995822632325,15.802218308883662,15.0,72.0,True
l60_cp1_7,60,cp1,cp1_l60,cp2,cp2_l60,2025-07-22 06:35:00,06:35,2025-07-22 06:35:00,6.591624088534826,0.10251414452451024,15.39210879416505,11.0,74.0,True
l60_cp1_9,60,cp1,cp1_l60,cp2,cp2_l60,2025-07-22 06:45:00,06:45,2025-07-22 06:45:00,6.753690101522673,0.10495997831635201,15.142851022499135,10.0,75.0,True
l60_cp1_11,60,cp1,cp1_l60,cp2,cp2_l60,2025-07-22 06:51:00,06:51,2025-07-22 06:51:00,6.866065519830749,0.10596138577068422,15.040796421966153,6.0,76.0,True
l60_cp1_13,60,cp1,cp1_l60,cp2,cp2_l60,2025-07-22 06:55:00,06:55,2025-07-22 06:55:00,6.925844209410917,0.10625470334375425,15.010904086314499,4.0,76.0,True
l60_cp1_15,60,cp1,cp1_l60,cp2,cp2_l60,2025-07-22 07:05:00,07:05,2025-07-22 07:05:00,7.086481113687938,0.10620797484692776,15.01566624187516,10.0,76.0,True
l60_cp1_17,60,cp1,cp1_l60,cp2,cp2_l60,2025-07-22 07:18:00,07:18,2025-07-22 07:18:00,7.310999451562343,0.1041224871131799,15.228200726877574,13.0,75.0,True
l60_cp1_19,60,cp1,cp1_l60,cp2,cp2_l60,2025-07-22 07:32:00,07:32,2025-07-22 07:32:00,7.538875769032144,0.09973647639495903,15.67518418984761,14.0,73.0,True
l60_cp1_21,60,cp1,cp1_l60,cp2,cp2_l60,2025-07-22 07:38:00,07:38,2025-07-22 07:38:00,7.641330678527334,0.09709221227820346,15.944664227140867,6.0,71.0,True
l60_cp1_23,60,cp1,cp1_l60,cp2,cp2_l60,2025-07-22 07:49:00,07:49,2025-07-22 07:49:00,7.830753613377445,0.09125851320048535,16.53918329770558,11.0,69.0,True
l60_cp1_25,60,cp1,cp1_l60,cp2,cp2_l60,2025-07-22 07:59:00,07:59,2025-07-22 07:59:00,7.999637069113508,0.08520020837527852,17.15659220171242,10.0,66.0,True
l60_cp1_27,60,cp1,cp1_l60,cp2,cp2_l60,2025-07-22 08:12:00,08:12,2025-07-22 08:12:00,8.209142408755609,0.0768744583645816,18.005079086649552,13.0,63.0,True
l60_cp1_29,60,cp1,cp1_l60,cp2,cp2_l60,2025-07-22 08:25:00,08:25,2025-07-22 08:25:00,8.430673784678081,0.06750654561308465,18.95977399085256,13.0,60.0,True
l60_cp1_31,60,cp1,cp1_l60,cp2,cp2_l60,2025-07-22 08:33:00,08:33,2025-07-22 08:33:00,8.55645812153185,0.062099295879032554,19.510833111896115,8.0,58.0,True
l60_cp1_33,60,cp1,cp1_l60,cp2,cp2_l60,2025-07-22 08:56:00,08:56,2025-07-22 08:56:00,8.937096755003438,0.04621360570502733,21.12976230788453,23.0,54.0,True
l60_cp1_35,60,cp1,cp1_l60,cp2,cp2_l60,2025-07-22 09:03:00,09:03,2025-07-22 09:03:00,9.063004412665137,0.04132163763286622,21.62830847434725,7.0,53.0,True
l60_cp1_37,60,cp1,cp1_l60,cp2,cp2_l60,2025-07-22 09:46:00,09:46,2025-07-22 09:46:00,9.773289610185236,0.019280818608981978,23.87451402351833,43.0,48.0,True
l60_cp1_39,60,cp1,cp1_l60,cp2,cp2_l60,2025-07-22 10:09:00,10:09,2025-07-22 10:09:00,10.155022727062414,0.011775813335879473,24.6393578558974,23.0,46.0,True
l60_cp1_41,60,cp1,cp1_l60,cp2,cp2_l60,2025-07-22 11:07:00,11:07,2025-07-22 11:07:00,11.128393066273782,0.02015259340937411,23.785670437799205,58.0,48.0,True
l60_cp1_43,60,cp1,cp1_l60,cp2,cp2_l60,2025-07-22 11:23:00,11:23,2025-07-22 11:23:00,11.385531310409648,0.03957324270163488,21.80648943905726,16.0,52.0,True
l60_cp1_45,60,cp1,cp1_l60,cp2,cp2_l60,2025-07-22 11:39:00,11:39,2025-07-22 11:39:00,11.651540890096731,0.06508687154751565,19.206365794332132,16.0,59.0,True
l60_cp1_47,60,cp1,cp1_l60,cp2,cp2_l60,2025-07-22 12:02:00,12:02,2025-07-22 12:02:00,12.042699551764562,0.08731618390166632,16.940950670237026,23.0,67.0,True
l60_cp1_49,60,cp1,cp1_l60,cp2,cp2_l60,2025-07-22 12:18:00,12:18,2025-07-22 12:18:00,12.301334333198618,0.08332243487540997,17.347958287107,16.0,66.0,True
l60_cp1_51,60,cp1,cp1_l60,cp2,cp2_l60,2025-07-22 12:23:00,12:23,2025-07-22 12:23:00,12.388267937653959,0.07981393814016537,17.705513277573335,5.0,64.0,True
l60_cp1_53,60,cp1,cp1_l60,cp2,cp2_l60,2025-07-22 12:29:00,12:29,2025-07-22 12:29:00,12.49421760400834,0.07503077305571061,18.192971204779266,6.0,63.0,True
l60_cp1_55,60,cp1,cp1_l60,cp2,cp2_l60,2025-07-22 12:33:00,12:33,2025-07-22 12:33:00,12.565527477121393,0.07178317581507251,18.523937623744416,4.0,62.0,True
l60_cp1_57,60,cp1,cp1_l60,cp2,cp2_l60,2025-07-22 13:19:00,13:19,2025-07-22 13:19:00,13.325185611589745,0.04052825283121171,21.70916324395328,46.0,53.0,True
l60_cp1_59,60,cp1,cp1_l60,cp2,cp2_l60,2025-07-22 13:44:00,13:44,2025-07-22 13:44:00,13.738016504290469,0.02288446033673775,23.50726269600015,25.0,48.0,True
l60_cp1_61,60,cp1,cp1_l60,cp2,cp2_l60,2025-07-22 14:42:00,14:42,2025-07-22 14:42:00,14.71210809946087,0.023353856848837014,23.459425950500975,58.0,49.0,True
l60_cp1_63,60,cp1,cp1_l60,cp2,cp2_l60,2025-07-22 15:08:00,15:08,2025-07-22 15:08:00,15.141141140336087,0.032319074898806324,22.54577013255937,26.0,51.0,True
l60_cp1_65,60,cp1,cp1_l60,cp2,cp2_l60,2025-07-22 15:24:00,15:24,2025-07-22 15:24:00,15.407623563816683,0.03874957680801769,21.8904301900294,16.0,52.0,True
l60_cp1_67,60,cp1,cp1_l60,cp2,cp2_l60,2025-07-22 15:32:00,15:32,2025-07-22 15:32:00,15.540859277653757,0.0421503420278079,21.54385424383416,8.0,53.0,True
l60_cp1_69,60,cp1,cp1_l60,cp2,cp2_l60,2025-07-22 16:00:00,16:00,2025-07-22 16:00:00,16.013627076942182,0.05481436160571549,20.25324925225548,28.0,56.0,True
l60_cp1_71,60,cp1,cp1_l60,cp2,cp2_l60,2025-07-22 16:09:00,16:09,2025-07-22 16:09:00,16.16501977995629,0.05892514051603515,19.834314983534817,9.0,57.0,True
l60_cp1_73,60,cp1,cp1_l60,cp2,cp2_l60,2025-07-22 16:25:00,16:25,2025-07-22 16:25:00,16.419494226045174,0.06568772413576097,19.1451322069374,16.0,60.0,True
l60_cp1_75,60,cp1,cp1_l60,cp2,cp2_l60,2025-07-22 16:34:00,16:34,2025-07-22 16:34:00,16.568872406773878,0.06948744562208989,18.75789816274658,9.0,61.0,True
l60_cp1_77,60,cp1,cp1_l60,cp2,cp2_l60,2025-07-22 16:43:00,16:43,2025-07-22 16:43:00,16.721846690085354,0.07318221190275075,18.381360225861513,9.0,62.0,True
l60_cp1_79,60,cp1,cp1_l60,cp2,cp2_l60,2025-07-22 16:56:00,16:56,2025-07-22 16:56:00,16.943434909761862,0.0780711543140729,17.88312240802046,13.0,64.0,True
l60_cp1_81,60,cp1,cp1_l60,cp2,cp2_l60,2025-07-22 17:06:00,17:06,2025-07-22 17:06:00,17.113699618641512,0.0813670844607641,17.547230326280868,10.0,65.0,True
l60_cp1_83,60,cp1,cp1_l60,cp2,cp2_l60,2025-07-22 17:10:00,17:10,2025-07-22 17:10:00,17.17414118169533,0.0824264615485417,17.439267972855973,4.0,65.0,True
l60_cp1_85,60,cp1,cp1_l60,cp2,cp2_l60,2025-07-22 17:23:00,17:23,2025-07-22 17:23:00,17.394104509997334,0.08573603374010717,17.101985614427235,13.0,67.0,True
l60_cp1_87,60,cp1,cp1_l60,cp2,cp2_l60,2025-07-22 17:32:00,17:32,2025-07-22 17:32:00,17.535050824780292,0.08736892341350498,16.935575925132305,9.0,67.0,True
l60_cp1_89,60,cp1,cp1_l60,cp2,cp2_l60,2025-07-22 17:38:00,17:38,2025-07-22 17:38:00,17.637006754628484,0.08829569542528266,16.841127509516912,6.0,68.0,True
l60_cp1_91,60,cp1,cp1_l60,cp2,cp2_l60,2025-07-22 18:03:00,18:03,2025-07-22 18:03:00,18.055769642078,0.08972712205236888,16.69524915402077,25.0,68.0,True
l60_cp1_93,60,cp1,cp1_l60,cp2,cp2_l60,2025-07-22 18:08:00,18:08,2025-07-22 18:08:00,18.141557257370525,0.08953745791032383,16.71457804773741,5.0,68.0,True
l60_cp1_95,60,cp1,cp1_l60,cp2,cp2_l60,2025-07-22 18:28:00,18:28,2025-07-22 18:28:00,18.47208409268712,0.0872959391021588,16.94301384134452,20.0,67.0,True
l60_cp1_97,60,cp1,cp1_l60,cp2,cp2_l60,2025-07-22 18:34:00,18:34,2025-07-22 18:34:00,18.56978130617309,0.0861922724493501,17.055489795948912,6.0,67.0,True
l60_cp1_99,60,cp1,cp1_l60,cp2,cp2_l60,2025-07-22 18:43:00,18:43,2025-07-22 18:43:00,18.72337228476028,0.08407871439604099,17.270884959925965,9.0,66.0,True
l60_cp1_101,60,cp1,cp1_l60,cp2,cp2_l60,2025-07-22 18:50:00,18:50,2025-07-22 18:50:00,18.84876762335224,0.08203213487319289,17.479454263818884,7.0,65.0,True
l60_cp1_103,60,cp1,cp1_l60,cp2,cp2_l60,2025-07-22 19:05:00,19:05,2025-07-22 19:05:00,19.094526583745147,0.07727830942420189,17.963922154587515,15.0,63.0,True
l60_cp1_105,60,cp1,cp1_l60,cp2,cp2_l60,2025-07-22 19:14:00,19:14,2025-07-22 19:14:00,19.23376513602681,0.07420932511197155,18.276685921894924,9.0,62.0,True
l60_cp1_107,60,cp1,cp1_l60,cp2,cp2_l60,2025-07-22 19:26:00,19:26,2025-07-22 19:26:00,19.438634922609292,0.06930056533334218,18.776943350729884,12.0,61.0,True
l60_cp1_109,60,cp1,cp1_l60,cp2,cp2_l60,2025-07-22 19:35:00,19:35,2025-07-22 19:35:00,19.591670299827772,0.06539756831738393,19.174702324484144,9.0,59.0,True
l60_cp1_111,60,cp1,cp1_l60,cp2,cp2_l60,2025-07-22 20:03:00,20:03,2025-07-22 20:03:00,20.05092430458464,0.0530574641851432,20.432296715561513,28.0,56.0,True
l60_cp1_113,60,cp1,cp1_l60,cp2,cp2_l60,2025-07-22 20:19:00,20:19,2025-07-22 20:19:00,20.326727506253157,0.045624929101210104,21.18975502651847,16.0,54.0,True
l60_cp1_115,60,cp1,cp1_l60,cp2,cp2_l60,2025-07-22 20:34:00,20:34,2025-07-22 20:34:00,20.583211769860803,0.03897962165910705,21.866986051201565,15.0,52.0,True
l60_cp1_117,60,cp1,cp1_l60,cp2,cp2_l60,2025-07-22 20:49:00,20:49,2025-07-22 20:49:00,20.8264922203909,0.03306679428393489,22.469569178761848,15.0,51.0,True
l60_cp1_119,60,cp1,cp1_l60,cp2,cp2_l60,2025-07-22 21:08:00,21:08,2025-07-22 21:08:00,21.139632113370745,0.026180127826894932,23.171397381893996,19.0,49.0,True
l60_cp2_2,60,cp2,cp2_l60,cp1,cp1_l60,2025-07-22 06:06:00,06:06,2025-07-22 06:06:00,6.115691146635147,0.0894144830853183,16.727110555446696,0.0,68.0,True
l60_cp2_4,60,cp2,cp2_l60,cp1,cp1_l60,2025-07-22 06:18:00,06:18,2025-07-22 06:18:00,6.309342688397605,0.09568478218025267,16.088097068391534,12.0,71.0,True
l60_cp2_6,60,cp2,cp2_l60,cp1,cp1_l60,2025-07-22 06:31:00,06:31,2025-07-22 06:31:00,6.527926994972304,0.10124447106933826,15.52150269543306,13.0,73.0,True
l60_cp2_8,60,cp2,cp2_l60,cp1,cp1_l60,2025-07-22 06:38:00,06:38,2025-07-22 06:38:00,6.640543063172649,0.10337341453492495,15.304539586163378,7.0,74.0,True
l60_cp2_10,60,cp2,cp2_l60,cp1,cp1_l60,2025-07-22 06:47:00,06:47,2025-07-22 06:47:00,6.799294509269846,0.10543654762795193,15.094283288644945,9.0,76.0,True
l60_cp2_12,60,cp2,cp2_l60,cp1,cp1_l60,2025-07-22 06:53:00,06:53,2025-07-22 06:53:00,6.896776273633736,0.10613302594854046,15.023304371441913,6.0,76.0,True
l60_cp2_14,60,cp2,cp2_l60,cp1,cp1_l60,2025-07-22 06:58:00,06:58,2025-07-22 06:58:00,6.9688540301001165,0.10636169933669326,15.0,5.0,76.0,True
l60_cp2_16,60,cp2,cp2_l60,cp1,cp1_l60,2025-07-22 07:13:00,07:13,2025-07-22 07:13:00,7.220908335450416,0.1052371917969835,15.114599873672736,15.0,75.0,True
l60_cp2_18,60,cp2,cp2_l60,cp1,cp1_l60,2025-07-22 07:24:00,07:24,2025-07-22 07:24:00,7.404275177413461,0.10259015372857545,15.38436260761117,11.0,74.0,True
l60_cp2_20,60,cp2,cp2_l60,cp1,cp1_l60,2025-07-22 07:36:00,07:36,2025-07-22 07:36:00,7.616010947315963,0.09778152361269749,15.874415705841855,12.0,72.0,True
l60_cp2_22,60,cp2,cp2_l60,cp1,cp1_l60,2025-07-22 07:40:00,07:40,2025-07-22 07:40:00,7.671417617597459,0.09624377316782239,16.031129645499714,4.0,71.0,True
l60_cp2_24,60,cp2,cp2_l60,cp1,cp1_l60,2025-07-22 07:56:00,07:56,2025-07-22 07:56:00,7.948867699128839,0.0870938721113515,16.963606723830594,16.0,67.0,True
l60_cp2_26,60,cp2,cp2_l60,cp1,cp1_l60,2025-07-22 08:06:00,08:06,2025-07-22 08:06:00,8.110836448521136,0.08087085916533565,17.597801224350608,10.0,65.0,True
l60_cp2_28,60,cp2,cp2_l60,cp1,cp1_l60,2025-07-22 08:22:00,08:22,2025-07-22 08:22:00,8.374951609379664,0.06989286682867109,18.716581215178188,16.0,61.0,True
l60_cp2_30,60,cp2,cp2_l60,cp1,cp1_l60,2025-07-22 08:28:00,08:28,2025-07-22 08:28:00,8.471748522657217,0.06574173456536178,19.13962794112264,6.0,60.0,True
l60_cp2_32,60,cp2,cp2_l60,cp1,cp1_l60,2025-07-22 08:54:00,08:54,2025-07-22 08:54:00,8.900675569975329,0.04767124414418437,20.981212676077668,26.0,54.0,True
l60_cp2_34,60,cp2,cp2_l60,cp1,cp1_l60,2025-07-22 09:00:00,09:00,2025-07-22 09:00:00,9.000388241860186,0.04372452828872025,21.383427087708128,6.0,53.0,True
l60_cp2_36,60,cp2,cp2_l60,cp1,cp1_l60,2025-07-22 09:12:00,09:12,2025-07-22 09:12:00,9.215546931671131,0.035745095758087174,22.196620354715215,12.0,51.0,True
l60_cp2_38,60,cp2,cp2_l60,cp1,cp1_l60,2025-07-22 09:53:00,09:53,2025-07-22 09:53:00,9.888028434545602,0.016704015087982547,24.137119072891515,41.0,47.0,True
l60_cp2_40,60,cp2,cp2_l60,cp1,cp1_l60,2025-07-22 10:27:00,10:27,2025-07-22 10:27:00,10.455835929289826,0.008237024005809343,25.0,34.0,46.0,True
l60_cp2_42,60,cp2,cp2_l60,cp1,cp1_l60,2025-07-22 11:15:00,11:15,2025-07-22 11:15:00,11.260202591854219,0.028988668894122244,22.88517568915904,48.0,50.0,True
l60_cp2_44,60,cp2,cp2_l60,cp1,cp1_l60,2025-07-22 11:34:00,11:34,2025-07-22 11:34:00,11.575857062334673,0.05789882461385149,19.93890803301221,19.0,57.0,True
l60_cp2_46,60,cp2,cp2_l60,cp1,cp1_l60,2025-07-22 11:56:00,11:56,2025-07-22 11:56:00,11.94309334794539,0.08492714343179684,17.184420568283915,22.0,66.0,True
l60_cp2_48,60,cp2,cp2_l60,cp1,cp1_l60,2025-07-22 12:08:00,12:08,2025-07-22 12:08:00,12.141986294630508,0.08731569424908599,16.941000571302038,12.0,67.0,True
l60_cp2_50,60,cp2,cp2_l60,cp1,cp1_l60,2025-07-22 12:21:00,12:21,2025-07-22 12:21:00,12.362853182662349,0.08089893883340706,17.594939592658406,13.0,65.0,True
l60_cp2_52,60,cp2,cp2_l60,cp1,cp1_l60,2025-07-22 12:27:00,12:27,2025-07-22 12:27:00,12.465378401082253,0.07635387067941783,18.058132784244812,6.0,63.0,True
l60_cp2_54,60,cp2,cp2_l60,cp1,cp1_l60,2025-07-22 12:31:00,12:31,2025-07-22 12:31:00,12.516870096426612,0.07399198855776562,18.29883494337938,4.0,62.0,True
l60_cp2_56,60,cp2,cp2_l60,cp1,cp1_l60,2025-07-22 13:17:00,13:17,2025-07-22 13:17:00,13.290565892120773,0.042176149480553135,21.54122417625348,46.0,53.0,True
l60_cp2_58,60,cp2,cp2_l60,cp1,cp1_l60,2025-07-22 13:29:00,13:29,2025-07-22 13:29:00,13.494301900934644,0.03249475966331966,22.52786589349607,12.0,51.0,True
l60_cp2_60,60,cp2,cp2_l60,cp1,cp1_l60,2025-07-22 13:47:00,13:47,2025-07-22 13:47:00,13.79925262813918,0.02113389136415505,23.685665219797517,18.0,48.0,True
l60_cp2_62,60,cp2,cp2_l60,cp1,cp1_l60,2025-07-22 15:02:00,15:02,2025-07-22 15:02:00,15.039275840698139,0.03001666386018982,22.780411524324755,75.0,50.0,True
l60_cp2_64,60,cp2,cp2_l60,cp1,cp1_l60,2025-07-22 15:11:00,15:11,2025-07-22 15:11:00,15.199219737257659,0.033672828123770204,22.407807563980274,9.0,51.0,True
l60_cp2_66,60,cp2,cp2_l60,cp1,cp1_l60,2025-07-22 15:26:00,15:26,2025-07-22 15:26:00,15.447632027601188,0.039759376933991945,21.787520282550048,15.0,52.0,True
l60_cp2_68,60,cp2,cp2_l60,cp1,cp1_l60,2025-07-22 15:51:00,15:51,2025-07-22 15:51:00,15.851643890273353,0.05041217677273687,20.70188103810691,25.0,55.0,True
l60_cp2_70,60,cp2,cp2_l60,cp1,cp1_l60,2025-07-22 16:05:00,16:05,2025-07-22 16:05:00,16.08584686212838,0.05677886228356556,20.053044699096386,14.0,57.0,True
l60_cp2_72,60,cp2,cp2_l60,cp1,cp1_l60,2025-07-22 16:20:00,16:20,2025-07-22 16:20:00,16.339976274379154,0.06360563259872898,19.35732058157518,15.0,59.0,True
l60_cp2_74,60,cp2,cp2_l60,cp1,cp1_l60,2025-07-22 16:30:00,16:30,2025-07-22 16:30:00,16.502135855349504,0.06781017433090673,18.928830834424453,10.0,60.0,True
l60_cp2_76,60,cp2,cp2_l60,cp1,cp1_l60,2025-07-22 16:37:00,16:37,2025-07-22 16:37:00,16.624400498790504,0.07085443932550689,18.618586241580232,7.0,61.0,True
l60_cp2_78,60,cp2,cp2_l60,cp1,cp1_l60,2025-07-22 16:53:00,16:53,2025-07-22 16:53:00,16.891086550861054,0.07697269432374107,17.99506774558491,16.0,63.0,True
l60_cp2_80,60,cp2,cp2_l60,cp1,cp1_l60,2025-07-22 17:02:00,17:02,2025-07-22 17:02:00,17.045974923154315,0.08010925482890689,17.675417209714183,9.0,64.0,True
l60_cp2_82,60,cp2,cp2_l60,cp1,cp1_l60,2025-07-22 17:08:00,17:08,2025-07-22 17:08:00,17.140098430718734,0.08183729186958758,17.499310941351652,6.0,65.0,True
l60_cp2_84,60,cp2,cp2_l60,cp1,cp1_l60,2025-07-22 17:13:00,17:13,2025-07-22 17:13:00,17.22308871972266,0.0832387493617988,17.356486775311318,5.0,66.0,True
l60_cp2_86,60,cp2,cp2_l60,cp1,cp1_l60,2025-07-22 17:27:00,17:27,2025-07-22 17:27:00,17.455140390235208,0.08649208178935404,17.024935876764673,14.0,67.0,True
l60_cp2_88,60,cp2,cp2_l60,cp1,cp1_l60,2025-07-22 17:34:00,17:34,2025-07-22 17:34:00,17.57812623609558,0.08778711052723022,16.892957989091745,7.0,67.0,True
l60_cp2_90,60,cp2,cp2_l60,cp1,cp1_l60,2025-07-22 17:45:00,17:45,2025-07-22 17:45:00,17.753592870873128,0.0890833376637089,16.760857971220837,11.0,68.0,True
l60_cp2_92,60,cp2,cp2_l60,cp1,cp1_l60,2025-07-22 18:06:00,18:06,2025-07-22 18:06:00,18.104922075674548,0.08963857830501044,16.704272750487192,21.0,68.0,True
l60_cp2_94,60,cp2,cp2_l60,cp1,cp1_l60,2025-07-22 18:12:00,18:12,2025-07-22 18:12:00,18.211825134553717,0.08925997088749121,16.742857073568263,6.0,68.0,True
l60_cp2_96,60,cp2,cp2_l60,cp1,cp1_l60,2025-07-22 18:31:00,18:31,2025-07-22 18:31:00,18.516902920613678,0.08681359990554377,16.9921695909038,19.0,67.0,True
l60_cp2_98,60,cp2,cp2_l60,cp1,cp1_l60,2025-07-22 18:41:00,18:41,2025-07-22 18:41:00,18.690126067476537,0.08457406170535138,17.220403538444565,10.0,66.0,True
l60_cp2_100,60,cp2,cp2_l60,cp1,cp1_l60,2025-07-22 18:45:00,18:45,2025-07-22 18:45:00,18.760314248543118,0.08350463584626226,17.329389973862867,4.0,66.0,True
l60_cp2_102,60,cp2,cp2_l60,cp1,cp1_l60,2025-07-22 18:59:00,18:59,2025-07-22 18:59:00,18.984443681086272,0.07952096510014647,17.735370501460288,14.0,64.0,True
l60_cp2_104,60,cp2,cp2_l60,cp1,cp1_l60,2025-07-22 19:12:00,19:12,2025-07-22 19:12:00,19.212832227596504,0.07468592226838454,18.228115350343383,13.0,63.0,True
l60_cp2_106,60,cp2,cp2_l60,cp1,cp1_l60,2025-07-22 19:24:00,19:24,2025-07-22 19:24:00,19.40312774357346,0.07018018006431945,18.68730078854956,12.0,61.0,True
l60_cp2_108,60,cp2,cp2_l60,cp1,cp1_l60,2025-07-22 19:29:00,19:29,2025-07-22 19:29:00,19.497591465333713,0.06781709788642375,18.928125246814236,5.0,60.0,True
l60_cp2_110,60,cp2,cp2_l60,cp1,cp1_l60,2025-07-22 19:49:00,19:49,2025-07-22 19:49:00,19.819530241946687,0.05934249034242173,19.79178237642256,20.0,58.0,True
l60_cp2_112,60,cp2,cp2_l60,cp1,cp1_l60,2025-07-22 20:05:00,20:05,2025-07-22 20:05:00,20.090687438841517,0.05197641838537045,20.542467352674695,16.0,55.0,True
l60_cp2_114,60,cp2,cp2_l60,cp1,cp1_l60,2025-07-22 20:24:00,20:24,2025-07-22 20:24:00,20.407177515338894,0.04350382739019556,21.405918973442326,19.0,53.0,True
l60_cp2_116,60,cp2,cp2_l60,cp1,cp1_l60,2025-07-22 20:46:00,20:46,2025-07-22 20:46:00,20.77358623384612,0.03431437266118854,22.34242701263017,22.0,51.0,True
l60_cp2_118,60,cp2,cp2_l60,cp1,cp1_l60,2025-07-22 20:54:00,20:54,2025-07-22 20:54:00,20.905135775717408,0.03125518037927722,22.65419286271787,8.0,50.0,True
l60_cp2_120,60,cp2,cp2_l60,cp1,cp1_l60,2025-07-22 21:10:00,21:10,2025-07-22 21:10:00,21.166666666666668,0.025628106177043145,23.22765455145816,16.0,49.0,True
