,trip_id,line,start_cp,start_cp_id,dest_cp,dest_cp_id,departure_time,departure_interval,planned_travel_time
0,l4_cp1_1,4,cp1,cp1_l4,cp2,cp2_l4,1900-01-01 05:50:00,,73.0
1,l4_cp1_2,4,cp1,cp1_l4,cp2,cp2_l4,1900-01-01 05:59:00,9.0,75.0
2,l4_cp1_3,4,cp1,cp1_l4,cp2,cp2_l4,1900-01-01 06:04:00,5.0,74.0
3,l4_cp1_4,4,cp1,cp1_l4,cp2,cp2_l4,1900-01-01 06:15:00,11.0,75.0
4,l4_cp1_5,4,cp1,cp1_l4,cp2,cp2_l4,1900-01-01 06:22:00,7.0,71.0
5,l4_cp1_6,4,cp1,cp1_l4,cp2,cp2_l4,1900-01-01 06:29:00,7.0,72.0
6,l4_cp1_7,4,cp1,cp1_l4,cp2,cp2_l4,1900-01-01 06:36:00,7.0,73.0
7,l4_cp1_8,4,cp1,cp1_l4,cp2,cp2_l4,1900-01-01 06:43:00,7.0,71.0
8,l4_cp1_9,4,cp1,cp1_l4,cp2,cp2_l4,1900-01-01 06:51:00,8.0,75.0
9,l4_cp1_10,4,cp1,cp1_l4,cp2,cp2_l4,1900-01-01 06:59:00,8.0,73.0
10,l4_cp1_11,4,cp1,cp1_l4,cp2,cp2_l4,1900-01-01 07:07:00,8.0,70.0
11,l4_cp1_12,4,cp1,cp1_l4,cp2,cp2_l4,1900-01-01 07:15:00,8.0,70.0
12,l4_cp1_13,4,cp1,cp1_l4,cp2,cp2_l4,1900-01-01 07:22:00,7.0,74.0
13,l4_cp1_14,4,cp1,cp1_l4,cp2,cp2_l4,1900-01-01 07:27:00,5.0,74.0
14,l4_cp1_15,4,cp1,cp1_l4,cp2,cp2_l4,1900-01-01 07:32:00,5.0,74.0
15,l4_cp1_16,4,cp1,cp1_l4,cp2,cp2_l4,1900-01-01 07:42:00,10.0,72.0
16,l4_cp1_17,4,cp1,cp1_l4,cp2,cp2_l4,1900-01-01 07:48:00,6.0,72.0
17,l4_cp1_18,4,cp1,cp1_l4,cp2,cp2_l4,1900-01-01 07:57:00,9.0,71.0
18,l4_cp1_19,4,cp1,cp1_l4,cp2,cp2_l4,1900-01-01 08:07:00,10.0,72.0
19,l4_cp1_20,4,cp1,cp1_l4,cp2,cp2_l4,1900-01-01 08:14:00,7.0,70.0
20,l4_cp1_21,4,cp1,cp1_l4,cp2,cp2_l4,1900-01-01 08:22:00,8.0,71.0
21,l4_cp1_22,4,cp1,cp1_l4,cp2,cp2_l4,1900-01-01 08:32:00,10.0,71.0
22,l4_cp1_23,4,cp1,cp1_l4,cp2,cp2_l4,1900-01-01 08:38:00,6.0,75.0
23,l4_cp1_24,4,cp1,cp1_l4,cp2,cp2_l4,1900-01-01 08:45:00,7.0,72.0
24,l4_cp1_25,4,cp1,cp1_l4,cp2,cp2_l4,1900-01-01 08:50:00,5.0,71.0
25,l4_cp1_26,4,cp1,cp1_l4,cp2,cp2_l4,1900-01-01 08:57:00,7.0,70.0
26,l4_cp1_27,4,cp1,cp1_l4,cp2,cp2_l4,1900-01-01 09:06:00,9.0,73.0
27,l4_cp1_28,4,cp1,cp1_l4,cp2,cp2_l4,1900-01-01 09:15:00,9.0,73.0
28,l4_cp1_29,4,cp1,cp1_l4,cp2,cp2_l4,1900-01-01 09:24:00,9.0,71.0
29,l4_cp1_30,4,cp1,cp1_l4,cp2,cp2_l4,1900-01-01 09:29:00,5.0,74.0
30,l4_cp1_31,4,cp1,cp1_l4,cp2,cp2_l4,1900-01-01 09:34:00,5.0,74.0
31,l4_cp1_32,4,cp1,cp1_l4,cp2,cp2_l4,1900-01-01 09:40:00,6.0,72.0
32,l4_cp1_33,4,cp1,cp1_l4,cp2,cp2_l4,1900-01-01 09:49:00,9.0,75.0
33,l4_cp1_34,4,cp1,cp1_l4,cp2,cp2_l4,1900-01-01 09:54:00,5.0,75.0
34,l4_cp1_35,4,cp1,cp1_l4,cp2,cp2_l4,1900-01-01 09:59:00,5.0,75.0
35,l4_cp1_36,4,cp1,cp1_l4,cp2,cp2_l4,1900-01-01 10:10:00,11.0,72.0
36,l4_cp1_37,4,cp1,cp1_l4,cp2,cp2_l4,1900-01-01 10:17:00,7.0,75.0
37,l4_cp1_38,4,cp1,cp1_l4,cp2,cp2_l4,1900-01-01 10:27:00,10.0,70.0
38,l4_cp1_39,4,cp1,cp1_l4,cp2,cp2_l4,1900-01-01 10:36:00,9.0,75.0
39,l4_cp1_40,4,cp1,cp1_l4,cp2,cp2_l4,1900-01-01 10:48:00,12.0,75.0
40,l4_cp1_41,4,cp1,cp1_l4,cp2,cp2_l4,1900-01-01 10:54:00,6.0,74.0
41,l4_cp1_42,4,cp1,cp1_l4,cp2,cp2_l4,1900-01-01 11:02:00,8.0,75.0
42,l4_cp1_43,4,cp1,cp1_l4,cp2,cp2_l4,1900-01-01 11:09:00,7.0,70.0
43,l4_cp1_44,4,cp1,cp1_l4,cp2,cp2_l4,1900-01-01 11:16:00,7.0,71.0
44,l4_cp1_45,4,cp1,cp1_l4,cp2,cp2_l4,1900-01-01 11:25:00,9.0,72.0
45,l4_cp1_46,4,cp1,cp1_l4,cp2,cp2_l4,1900-01-01 11:34:00,9.0,74.0
46,l4_cp1_47,4,cp1,cp1_l4,cp2,cp2_l4,1900-01-01 11:44:00,10.0,73.0
47,l4_cp1_48,4,cp1,cp1_l4,cp2,cp2_l4,1900-01-01 11:53:00,9.0,75.0
48,l4_cp1_49,4,cp1,cp1_l4,cp2,cp2_l4,1900-01-01 12:00:00,7.0,70.0
49,l4_cp1_50,4,cp1,cp1_l4,cp2,cp2_l4,1900-01-01 12:09:00,9.0,73.0
50,l4_cp1_51,4,cp1,cp1_l4,cp2,cp2_l4,1900-01-01 12:19:00,10.0,74.0
51,l4_cp1_52,4,cp1,cp1_l4,cp2,cp2_l4,1900-01-01 12:27:00,8.0,75.0
52,l4_cp1_53,4,cp1,cp1_l4,cp2,cp2_l4,1900-01-01 12:33:00,6.0,70.0
53,l4_cp1_54,4,cp1,cp1_l4,cp2,cp2_l4,1900-01-01 12:41:00,8.0,72.0
54,l4_cp1_55,4,cp1,cp1_l4,cp2,cp2_l4,1900-01-01 12:49:00,8.0,74.0
55,l4_cp1_56,4,cp1,cp1_l4,cp2,cp2_l4,1900-01-01 12:56:00,7.0,70.0
56,l4_cp1_57,4,cp1,cp1_l4,cp2,cp2_l4,1900-01-01 13:01:00,5.0,73.0
57,l4_cp1_58,4,cp1,cp1_l4,cp2,cp2_l4,1900-01-01 13:09:00,8.0,70.0
58,l4_cp1_59,4,cp1,cp1_l4,cp2,cp2_l4,1900-01-01 13:19:00,10.0,71.0
59,l4_cp1_60,4,cp1,cp1_l4,cp2,cp2_l4,1900-01-01 13:24:00,5.0,73.0
60,l4_cp1_61,4,cp1,cp1_l4,cp2,cp2_l4,1900-01-01 13:33:00,9.0,71.0
61,l4_cp1_62,4,cp1,cp1_l4,cp2,cp2_l4,1900-01-01 13:42:00,9.0,75.0
62,l4_cp1_63,4,cp1,cp1_l4,cp2,cp2_l4,1900-01-01 13:48:00,6.0,70.0
63,l4_cp1_64,4,cp1,cp1_l4,cp2,cp2_l4,1900-01-01 13:55:00,7.0,72.0
64,l4_cp1_65,4,cp1,cp1_l4,cp2,cp2_l4,1900-01-01 14:03:00,8.0,74.0
65,l4_cp1_66,4,cp1,cp1_l4,cp2,cp2_l4,1900-01-01 14:11:00,8.0,72.0
66,l4_cp1_67,4,cp1,cp1_l4,cp2,cp2_l4,1900-01-01 14:19:00,8.0,73.0
67,l4_cp1_68,4,cp1,cp1_l4,cp2,cp2_l4,1900-01-01 14:30:00,11.0,72.0
68,l4_cp1_69,4,cp1,cp1_l4,cp2,cp2_l4,1900-01-01 14:43:00,13.0,73.0
69,l4_cp1_70,4,cp1,cp1_l4,cp2,cp2_l4,1900-01-01 14:49:00,6.0,74.0
70,l4_cp1_71,4,cp1,cp1_l4,cp2,cp2_l4,1900-01-01 14:57:00,8.0,75.0
71,l4_cp1_72,4,cp1,cp1_l4,cp2,cp2_l4,1900-01-01 15:02:00,5.0,75.0
72,l4_cp1_73,4,cp1,cp1_l4,cp2,cp2_l4,1900-01-01 15:07:00,5.0,70.0
73,l4_cp1_74,4,cp1,cp1_l4,cp2,cp2_l4,1900-01-01 15:16:00,9.0,72.0
74,l4_cp1_75,4,cp1,cp1_l4,cp2,cp2_l4,1900-01-01 15:22:00,6.0,71.0
75,l4_cp1_76,4,cp1,cp1_l4,cp2,cp2_l4,1900-01-01 15:29:00,7.0,71.0
76,l4_cp1_77,4,cp1,cp1_l4,cp2,cp2_l4,1900-01-01 15:34:00,5.0,72.0
77,l4_cp1_78,4,cp1,cp1_l4,cp2,cp2_l4,1900-01-01 15:42:00,8.0,73.0
78,l4_cp1_79,4,cp1,cp1_l4,cp2,cp2_l4,1900-01-01 15:50:00,8.0,74.0
79,l4_cp1_80,4,cp1,cp1_l4,cp2,cp2_l4,1900-01-01 15:55:00,5.0,72.0
80,l4_cp1_81,4,cp1,cp1_l4,cp2,cp2_l4,1900-01-01 16:00:00,5.0,70.0
81,l4_cp1_82,4,cp1,cp1_l4,cp2,cp2_l4,1900-01-01 16:09:00,9.0,75.0
82,l4_cp1_83,4,cp1,cp1_l4,cp2,cp2_l4,1900-01-01 16:16:00,7.0,72.0
83,l4_cp1_84,4,cp1,cp1_l4,cp2,cp2_l4,1900-01-01 16:23:00,7.0,70.0
84,l4_cp1_85,4,cp1,cp1_l4,cp2,cp2_l4,1900-01-01 16:30:00,7.0,75.0
85,l4_cp1_86,4,cp1,cp1_l4,cp2,cp2_l4,1900-01-01 16:37:00,7.0,75.0
86,l4_cp1_87,4,cp1,cp1_l4,cp2,cp2_l4,1900-01-01 16:45:00,8.0,70.0
87,l4_cp1_88,4,cp1,cp1_l4,cp2,cp2_l4,1900-01-01 16:51:00,6.0,74.0
88,l4_cp1_89,4,cp1,cp1_l4,cp2,cp2_l4,1900-01-01 16:57:00,6.0,70.0
89,l4_cp1_90,4,cp1,cp1_l4,cp2,cp2_l4,1900-01-01 17:05:00,8.0,70.0
90,l4_cp1_91,4,cp1,cp1_l4,cp2,cp2_l4,1900-01-01 17:12:00,7.0,70.0
91,l4_cp1_92,4,cp1,cp1_l4,cp2,cp2_l4,1900-01-01 17:19:00,7.0,72.0
92,l4_cp1_93,4,cp1,cp1_l4,cp2,cp2_l4,1900-01-01 17:24:00,5.0,70.0
93,l4_cp1_94,4,cp1,cp1_l4,cp2,cp2_l4,1900-01-01 17:31:00,7.0,75.0
94,l4_cp1_95,4,cp1,cp1_l4,cp2,cp2_l4,1900-01-01 17:40:00,9.0,70.0
95,l4_cp1_96,4,cp1,cp1_l4,cp2,cp2_l4,1900-01-01 17:45:00,5.0,73.0
96,l4_cp1_97,4,cp1,cp1_l4,cp2,cp2_l4,1900-01-01 17:50:00,5.0,73.0
97,l4_cp1_98,4,cp1,cp1_l4,cp2,cp2_l4,1900-01-01 18:00:00,10.0,74.0
98,l4_cp1_99,4,cp1,cp1_l4,cp2,cp2_l4,1900-01-01 18:12:00,12.0,72.0
99,l4_cp1_100,4,cp1,cp1_l4,cp2,cp2_l4,1900-01-01 18:20:00,8.0,74.0
100,l4_cp1_101,4,cp1,cp1_l4,cp2,cp2_l4,1900-01-01 18:25:00,5.0,71.0
101,l4_cp1_102,4,cp1,cp1_l4,cp2,cp2_l4,1900-01-01 18:32:00,7.0,75.0
102,l4_cp1_103,4,cp1,cp1_l4,cp2,cp2_l4,1900-01-01 18:38:00,6.0,74.0
103,l4_cp1_104,4,cp1,cp1_l4,cp2,cp2_l4,1900-01-01 18:43:00,5.0,74.0
104,l4_cp1_105,4,cp1,cp1_l4,cp2,cp2_l4,1900-01-01 18:49:00,6.0,74.0
105,l4_cp1_106,4,cp1,cp1_l4,cp2,cp2_l4,1900-01-01 18:56:00,7.0,70.0
106,l4_cp1_107,4,cp1,cp1_l4,cp2,cp2_l4,1900-01-01 19:05:00,9.0,71.0
107,l4_cp1_108,4,cp1,cp1_l4,cp2,cp2_l4,1900-01-01 19:10:00,5.0,75.0
108,l4_cp1_109,4,cp1,cp1_l4,cp2,cp2_l4,1900-01-01 19:21:00,11.0,72.0
109,l4_cp1_110,4,cp1,cp1_l4,cp2,cp2_l4,1900-01-01 19:29:00,8.0,70.0
110,l4_cp1_111,4,cp1,cp1_l4,cp2,cp2_l4,1900-01-01 19:37:00,8.0,75.0
111,l4_cp1_112,4,cp1,cp1_l4,cp2,cp2_l4,1900-01-01 19:42:00,5.0,72.0
112,l4_cp1_113,4,cp1,cp1_l4,cp2,cp2_l4,1900-01-01 19:49:00,7.0,73.0
113,l4_cp1_114,4,cp1,cp1_l4,cp2,cp2_l4,1900-01-01 19:55:00,6.0,75.0
114,l4_cp1_115,4,cp1,cp1_l4,cp2,cp2_l4,1900-01-01 20:06:00,11.0,71.0
115,l4_cp1_116,4,cp1,cp1_l4,cp2,cp2_l4,1900-01-01 20:13:00,7.0,71.0
116,l4_cp1_117,4,cp1,cp1_l4,cp2,cp2_l4,1900-01-01 20:22:00,9.0,75.0
117,l4_cp1_118,4,cp1,cp1_l4,cp2,cp2_l4,1900-01-01 20:30:00,8.0,70.0
118,l4_cp1_119,4,cp1,cp1_l4,cp2,cp2_l4,1900-01-01 20:40:00,10.0,70.0
119,l4_cp1_120,4,cp1,cp1_l4,cp2,cp2_l4,1900-01-01 20:50:00,10.0,75.0
120,l4_cp1_121,4,cp1,cp1_l4,cp2,cp2_l4,1900-01-01 20:58:00,8.0,74.0
121,l4_cp1_122,4,cp1,cp1_l4,cp2,cp2_l4,1900-01-01 21:03:00,5.0,72.0
122,l4_cp1_123,4,cp1,cp1_l4,cp2,cp2_l4,1900-01-01 21:08:00,5.0,73.0
123,l4_cp1_124,4,cp1,cp1_l4,cp2,cp2_l4,1900-01-01 21:13:00,5.0,75.0
124,l4_cp1_125,4,cp1,cp1_l4,cp2,cp2_l4,1900-01-01 21:24:00,11.0,73.0
125,l4_cp1_126,4,cp1,cp1_l4,cp2,cp2_l4,1900-01-01 21:30:00,6.0,71.0
126,l4_cp1_127,4,cp1,cp1_l4,cp2,cp2_l4,1900-01-01 21:37:00,7.0,74.0
127,l4_cp1_128,4,cp1,cp1_l4,cp2,cp2_l4,1900-01-01 21:44:00,7.0,71.0
128,l4_cp1_129,4,cp1,cp1_l4,cp2,cp2_l4,1900-01-01 21:54:00,10.0,71.0
129,l4_cp1_130,4,cp1,cp1_l4,cp2,cp2_l4,1900-01-01 22:03:00,9.0,70.0
130,l4_cp1_131,4,cp1,cp1_l4,cp2,cp2_l4,1900-01-01 22:10:00,7.0,74.0
131,l4_cp1_132,4,cp1,cp1_l4,cp2,cp2_l4,1900-01-01 22:19:00,9.0,70.0
132,l4_cp1_133,4,cp1,cp1_l4,cp2,cp2_l4,1900-01-01 22:27:00,8.0,74.0
133,l4_cp1_134,4,cp1,cp1_l4,cp2,cp2_l4,1900-01-01 22:32:00,5.0,71.0
134,l4_cp1_135,4,cp1,cp1_l4,cp2,cp2_l4,1900-01-01 22:41:00,9.0,71.0
135,l4_cp1_136,4,cp1,cp1_l4,cp2,cp2_l4,1900-01-01 22:52:00,11.0,70.0
136,l4_cp1_137,4,cp1,cp1_l4,cp2,cp2_l4,1900-01-01 22:59:00,7.0,73.0
137,l4_cp1_138,4,cp1,cp1_l4,cp2,cp2_l4,1900-01-01 23:05:00,6.0,70.0
138,l4_cp1_139,4,cp1,cp1_l4,cp2,cp2_l4,1900-01-01 23:12:00,7.0,74.0
139,l4_cp1_140,4,cp1,cp1_l4,cp2,cp2_l4,1900-01-01 23:20:00,8.0,74.0
140,l4_cp1_141,4,cp1,cp1_l4,cp2,cp2_l4,1900-01-01 23:29:00,9.0,73.0
141,l4_cp1_142,4,cp1,cp1_l4,cp2,cp2_l4,1900-01-01 23:41:00,12.0,73.0
142,l4_cp1_143,4,cp1,cp1_l4,cp2,cp2_l4,1900-01-01 23:46:00,5.0,70.0
143,l4_cp1_144,4,cp1,cp1_l4,cp2,cp2_l4,1900-01-01 23:51:00,5.0,74.0
144,l4_cp1_145,4,cp1,cp1_l4,cp2,cp2_l4,1900-01-01 23:57:00,6.0,72.0
145,l4_cp2_1,4,cp2,cp2_l4,cp1,cp1_l4,1900-01-01 06:00:00,,73.0
146,l4_cp2_2,4,cp2,cp2_l4,cp1,cp1_l4,1900-01-01 06:07:00,7.0,71.0
147,l4_cp2_3,4,cp2,cp2_l4,cp1,cp1_l4,1900-01-01 06:15:00,8.0,75.0
148,l4_cp2_4,4,cp2,cp2_l4,cp1,cp1_l4,1900-01-01 06:24:00,9.0,72.0
149,l4_cp2_5,4,cp2,cp2_l4,cp1,cp1_l4,1900-01-01 06:31:00,7.0,75.0
150,l4_cp2_6,4,cp2,cp2_l4,cp1,cp1_l4,1900-01-01 06:38:00,7.0,70.0
151,l4_cp2_7,4,cp2,cp2_l4,cp1,cp1_l4,1900-01-01 06:48:00,10.0,73.0
152,l4_cp2_8,4,cp2,cp2_l4,cp1,cp1_l4,1900-01-01 06:53:00,5.0,71.0
153,l4_cp2_9,4,cp2,cp2_l4,cp1,cp1_l4,1900-01-01 07:00:00,7.0,73.0
154,l4_cp2_10,4,cp2,cp2_l4,cp1,cp1_l4,1900-01-01 07:10:00,10.0,73.0
155,l4_cp2_11,4,cp2,cp2_l4,cp1,cp1_l4,1900-01-01 07:17:00,7.0,75.0
156,l4_cp2_12,4,cp2,cp2_l4,cp1,cp1_l4,1900-01-01 07:23:00,6.0,70.0
157,l4_cp2_13,4,cp2,cp2_l4,cp1,cp1_l4,1900-01-01 07:31:00,8.0,73.0
158,l4_cp2_14,4,cp2,cp2_l4,cp1,cp1_l4,1900-01-01 07:41:00,10.0,75.0
159,l4_cp2_15,4,cp2,cp2_l4,cp1,cp1_l4,1900-01-01 07:48:00,7.0,72.0
160,l4_cp2_16,4,cp2,cp2_l4,cp1,cp1_l4,1900-01-01 07:54:00,6.0,70.0
161,l4_cp2_17,4,cp2,cp2_l4,cp1,cp1_l4,1900-01-01 08:00:00,6.0,72.0
162,l4_cp2_18,4,cp2,cp2_l4,cp1,cp1_l4,1900-01-01 08:07:00,7.0,74.0
163,l4_cp2_19,4,cp2,cp2_l4,cp1,cp1_l4,1900-01-01 08:15:00,8.0,73.0
164,l4_cp2_20,4,cp2,cp2_l4,cp1,cp1_l4,1900-01-01 08:20:00,5.0,70.0
165,l4_cp2_21,4,cp2,cp2_l4,cp1,cp1_l4,1900-01-01 08:27:00,7.0,75.0
166,l4_cp2_22,4,cp2,cp2_l4,cp1,cp1_l4,1900-01-01 08:34:00,7.0,74.0
167,l4_cp2_23,4,cp2,cp2_l4,cp1,cp1_l4,1900-01-01 08:43:00,9.0,75.0
168,l4_cp2_24,4,cp2,cp2_l4,cp1,cp1_l4,1900-01-01 08:51:00,8.0,71.0
169,l4_cp2_25,4,cp2,cp2_l4,cp1,cp1_l4,1900-01-01 09:01:00,10.0,73.0
170,l4_cp2_26,4,cp2,cp2_l4,cp1,cp1_l4,1900-01-01 09:10:00,9.0,71.0
171,l4_cp2_27,4,cp2,cp2_l4,cp1,cp1_l4,1900-01-01 09:17:00,7.0,73.0
172,l4_cp2_28,4,cp2,cp2_l4,cp1,cp1_l4,1900-01-01 09:23:00,6.0,75.0
173,l4_cp2_29,4,cp2,cp2_l4,cp1,cp1_l4,1900-01-01 09:33:00,10.0,71.0
174,l4_cp2_30,4,cp2,cp2_l4,cp1,cp1_l4,1900-01-01 09:41:00,8.0,72.0
175,l4_cp2_31,4,cp2,cp2_l4,cp1,cp1_l4,1900-01-01 09:51:00,10.0,72.0
176,l4_cp2_32,4,cp2,cp2_l4,cp1,cp1_l4,1900-01-01 09:57:00,6.0,74.0
177,l4_cp2_33,4,cp2,cp2_l4,cp1,cp1_l4,1900-01-01 10:08:00,11.0,73.0
178,l4_cp2_34,4,cp2,cp2_l4,cp1,cp1_l4,1900-01-01 10:15:00,7.0,72.0
179,l4_cp2_35,4,cp2,cp2_l4,cp1,cp1_l4,1900-01-01 10:23:00,8.0,74.0
180,l4_cp2_36,4,cp2,cp2_l4,cp1,cp1_l4,1900-01-01 10:31:00,8.0,71.0
181,l4_cp2_37,4,cp2,cp2_l4,cp1,cp1_l4,1900-01-01 10:42:00,11.0,75.0
182,l4_cp2_38,4,cp2,cp2_l4,cp1,cp1_l4,1900-01-01 10:47:00,5.0,73.0
183,l4_cp2_39,4,cp2,cp2_l4,cp1,cp1_l4,1900-01-01 10:55:00,8.0,70.0
184,l4_cp2_40,4,cp2,cp2_l4,cp1,cp1_l4,1900-01-01 11:00:00,5.0,70.0
185,l4_cp2_41,4,cp2,cp2_l4,cp1,cp1_l4,1900-01-01 11:09:00,9.0,72.0
186,l4_cp2_42,4,cp2,cp2_l4,cp1,cp1_l4,1900-01-01 11:16:00,7.0,73.0
187,l4_cp2_43,4,cp2,cp2_l4,cp1,cp1_l4,1900-01-01 11:22:00,6.0,70.0
188,l4_cp2_44,4,cp2,cp2_l4,cp1,cp1_l4,1900-01-01 11:29:00,7.0,72.0
189,l4_cp2_45,4,cp2,cp2_l4,cp1,cp1_l4,1900-01-01 11:36:00,7.0,71.0
190,l4_cp2_46,4,cp2,cp2_l4,cp1,cp1_l4,1900-01-01 11:42:00,6.0,73.0
191,l4_cp2_47,4,cp2,cp2_l4,cp1,cp1_l4,1900-01-01 11:49:00,7.0,71.0
192,l4_cp2_48,4,cp2,cp2_l4,cp1,cp1_l4,1900-01-01 11:56:00,7.0,72.0
193,l4_cp2_49,4,cp2,cp2_l4,cp1,cp1_l4,1900-01-01 12:03:00,7.0,72.0
194,l4_cp2_50,4,cp2,cp2_l4,cp1,cp1_l4,1900-01-01 12:10:00,7.0,75.0
195,l4_cp2_51,4,cp2,cp2_l4,cp1,cp1_l4,1900-01-01 12:18:00,8.0,73.0
196,l4_cp2_52,4,cp2,cp2_l4,cp1,cp1_l4,1900-01-01 12:25:00,7.0,75.0
197,l4_cp2_53,4,cp2,cp2_l4,cp1,cp1_l4,1900-01-01 12:30:00,5.0,70.0
198,l4_cp2_54,4,cp2,cp2_l4,cp1,cp1_l4,1900-01-01 12:36:00,6.0,70.0
199,l4_cp2_55,4,cp2,cp2_l4,cp1,cp1_l4,1900-01-01 12:46:00,10.0,74.0
200,l4_cp2_56,4,cp2,cp2_l4,cp1,cp1_l4,1900-01-01 12:55:00,9.0,75.0
201,l4_cp2_57,4,cp2,cp2_l4,cp1,cp1_l4,1900-01-01 13:06:00,11.0,70.0
202,l4_cp2_58,4,cp2,cp2_l4,cp1,cp1_l4,1900-01-01 13:11:00,5.0,75.0
203,l4_cp2_59,4,cp2,cp2_l4,cp1,cp1_l4,1900-01-01 13:20:00,9.0,70.0
204,l4_cp2_60,4,cp2,cp2_l4,cp1,cp1_l4,1900-01-01 13:28:00,8.0,71.0
205,l4_cp2_61,4,cp2,cp2_l4,cp1,cp1_l4,1900-01-01 13:36:00,8.0,74.0
206,l4_cp2_62,4,cp2,cp2_l4,cp1,cp1_l4,1900-01-01 13:45:00,9.0,73.0
207,l4_cp2_63,4,cp2,cp2_l4,cp1,cp1_l4,1900-01-01 13:54:00,9.0,75.0
208,l4_cp2_64,4,cp2,cp2_l4,cp1,cp1_l4,1900-01-01 14:04:00,10.0,72.0
209,l4_cp2_65,4,cp2,cp2_l4,cp1,cp1_l4,1900-01-01 14:14:00,10.0,71.0
210,l4_cp2_66,4,cp2,cp2_l4,cp1,cp1_l4,1900-01-01 14:21:00,7.0,70.0
211,l4_cp2_67,4,cp2,cp2_l4,cp1,cp1_l4,1900-01-01 14:33:00,12.0,75.0
212,l4_cp2_68,4,cp2,cp2_l4,cp1,cp1_l4,1900-01-01 14:38:00,5.0,70.0
213,l4_cp2_69,4,cp2,cp2_l4,cp1,cp1_l4,1900-01-01 14:50:00,12.0,71.0
214,l4_cp2_70,4,cp2,cp2_l4,cp1,cp1_l4,1900-01-01 14:55:00,5.0,75.0
215,l4_cp2_71,4,cp2,cp2_l4,cp1,cp1_l4,1900-01-01 15:04:00,9.0,75.0
216,l4_cp2_72,4,cp2,cp2_l4,cp1,cp1_l4,1900-01-01 15:09:00,5.0,71.0
217,l4_cp2_73,4,cp2,cp2_l4,cp1,cp1_l4,1900-01-01 15:19:00,10.0,75.0
218,l4_cp2_74,4,cp2,cp2_l4,cp1,cp1_l4,1900-01-01 15:26:00,7.0,71.0
219,l4_cp2_75,4,cp2,cp2_l4,cp1,cp1_l4,1900-01-01 15:34:00,8.0,72.0
220,l4_cp2_76,4,cp2,cp2_l4,cp1,cp1_l4,1900-01-01 15:43:00,9.0,74.0
221,l4_cp2_77,4,cp2,cp2_l4,cp1,cp1_l4,1900-01-01 15:52:00,9.0,75.0
222,l4_cp2_78,4,cp2,cp2_l4,cp1,cp1_l4,1900-01-01 16:00:00,8.0,72.0
223,l4_cp2_79,4,cp2,cp2_l4,cp1,cp1_l4,1900-01-01 16:08:00,8.0,74.0
224,l4_cp2_80,4,cp2,cp2_l4,cp1,cp1_l4,1900-01-01 16:15:00,7.0,74.0
225,l4_cp2_81,4,cp2,cp2_l4,cp1,cp1_l4,1900-01-01 16:21:00,6.0,72.0
226,l4_cp2_82,4,cp2,cp2_l4,cp1,cp1_l4,1900-01-01 16:26:00,5.0,72.0
227,l4_cp2_83,4,cp2,cp2_l4,cp1,cp1_l4,1900-01-01 16:32:00,6.0,73.0
228,l4_cp2_84,4,cp2,cp2_l4,cp1,cp1_l4,1900-01-01 16:38:00,6.0,70.0
229,l4_cp2_85,4,cp2,cp2_l4,cp1,cp1_l4,1900-01-01 16:43:00,5.0,74.0
230,l4_cp2_86,4,cp2,cp2_l4,cp1,cp1_l4,1900-01-01 16:48:00,5.0,74.0
231,l4_cp2_87,4,cp2,cp2_l4,cp1,cp1_l4,1900-01-01 16:58:00,10.0,70.0
232,l4_cp2_88,4,cp2,cp2_l4,cp1,cp1_l4,1900-01-01 17:04:00,6.0,71.0
233,l4_cp2_89,4,cp2,cp2_l4,cp1,cp1_l4,1900-01-01 17:14:00,10.0,73.0
234,l4_cp2_90,4,cp2,cp2_l4,cp1,cp1_l4,1900-01-01 17:20:00,6.0,70.0
235,l4_cp2_91,4,cp2,cp2_l4,cp1,cp1_l4,1900-01-01 17:28:00,8.0,75.0
236,l4_cp2_92,4,cp2,cp2_l4,cp1,cp1_l4,1900-01-01 17:33:00,5.0,74.0
237,l4_cp2_93,4,cp2,cp2_l4,cp1,cp1_l4,1900-01-01 17:41:00,8.0,75.0
238,l4_cp2_94,4,cp2,cp2_l4,cp1,cp1_l4,1900-01-01 17:50:00,9.0,74.0
239,l4_cp2_95,4,cp2,cp2_l4,cp1,cp1_l4,1900-01-01 18:00:00,10.0,75.0
240,l4_cp2_96,4,cp2,cp2_l4,cp1,cp1_l4,1900-01-01 18:08:00,8.0,71.0
241,l4_cp2_97,4,cp2,cp2_l4,cp1,cp1_l4,1900-01-01 18:13:00,5.0,73.0
242,l4_cp2_98,4,cp2,cp2_l4,cp1,cp1_l4,1900-01-01 18:19:00,6.0,73.0
243,l4_cp2_99,4,cp2,cp2_l4,cp1,cp1_l4,1900-01-01 18:29:00,10.0,73.0
244,l4_cp2_100,4,cp2,cp2_l4,cp1,cp1_l4,1900-01-01 18:36:00,7.0,71.0
245,l4_cp2_101,4,cp2,cp2_l4,cp1,cp1_l4,1900-01-01 18:44:00,8.0,75.0
246,l4_cp2_102,4,cp2,cp2_l4,cp1,cp1_l4,1900-01-01 18:50:00,6.0,72.0
247,l4_cp2_103,4,cp2,cp2_l4,cp1,cp1_l4,1900-01-01 18:58:00,8.0,73.0
248,l4_cp2_104,4,cp2,cp2_l4,cp1,cp1_l4,1900-01-01 19:06:00,8.0,72.0
249,l4_cp2_105,4,cp2,cp2_l4,cp1,cp1_l4,1900-01-01 19:17:00,11.0,74.0
250,l4_cp2_106,4,cp2,cp2_l4,cp1,cp1_l4,1900-01-01 19:24:00,7.0,73.0
251,l4_cp2_107,4,cp2,cp2_l4,cp1,cp1_l4,1900-01-01 19:32:00,8.0,72.0
252,l4_cp2_108,4,cp2,cp2_l4,cp1,cp1_l4,1900-01-01 19:38:00,6.0,74.0
253,l4_cp2_109,4,cp2,cp2_l4,cp1,cp1_l4,1900-01-01 19:45:00,7.0,71.0
254,l4_cp2_110,4,cp2,cp2_l4,cp1,cp1_l4,1900-01-01 19:52:00,7.0,71.0
255,l4_cp2_111,4,cp2,cp2_l4,cp1,cp1_l4,1900-01-01 19:59:00,7.0,74.0
256,l4_cp2_112,4,cp2,cp2_l4,cp1,cp1_l4,1900-01-01 20:07:00,8.0,72.0
257,l4_cp2_113,4,cp2,cp2_l4,cp1,cp1_l4,1900-01-01 20:15:00,8.0,74.0
258,l4_cp2_114,4,cp2,cp2_l4,cp1,cp1_l4,1900-01-01 20:22:00,7.0,75.0
259,l4_cp2_115,4,cp2,cp2_l4,cp1,cp1_l4,1900-01-01 20:31:00,9.0,72.0
260,l4_cp2_116,4,cp2,cp2_l4,cp1,cp1_l4,1900-01-01 20:39:00,8.0,71.0
261,l4_cp2_117,4,cp2,cp2_l4,cp1,cp1_l4,1900-01-01 20:50:00,11.0,71.0
262,l4_cp2_118,4,cp2,cp2_l4,cp1,cp1_l4,1900-01-01 20:58:00,8.0,71.0
263,l4_cp2_119,4,cp2,cp2_l4,cp1,cp1_l4,1900-01-01 21:05:00,7.0,72.0
264,l4_cp2_120,4,cp2,cp2_l4,cp1,cp1_l4,1900-01-01 21:16:00,11.0,75.0
265,l4_cp2_121,4,cp2,cp2_l4,cp1,cp1_l4,1900-01-01 21:23:00,7.0,73.0
266,l4_cp2_122,4,cp2,cp2_l4,cp1,cp1_l4,1900-01-01 21:31:00,8.0,72.0
267,l4_cp2_123,4,cp2,cp2_l4,cp1,cp1_l4,1900-01-01 21:39:00,8.0,70.0
268,l4_cp2_124,4,cp2,cp2_l4,cp1,cp1_l4,1900-01-01 21:50:00,11.0,74.0
269,l4_cp2_125,4,cp2,cp2_l4,cp1,cp1_l4,1900-01-01 21:59:00,9.0,75.0
270,l4_cp2_126,4,cp2,cp2_l4,cp1,cp1_l4,1900-01-01 22:09:00,10.0,75.0
271,l4_cp2_127,4,cp2,cp2_l4,cp1,cp1_l4,1900-01-01 22:17:00,8.0,71.0
272,l4_cp2_128,4,cp2,cp2_l4,cp1,cp1_l4,1900-01-01 22:25:00,8.0,75.0
273,l4_cp2_129,4,cp2,cp2_l4,cp1,cp1_l4,1900-01-01 22:34:00,9.0,72.0
274,l4_cp2_130,4,cp2,cp2_l4,cp1,cp1_l4,1900-01-01 22:42:00,8.0,75.0
275,l4_cp2_131,4,cp2,cp2_l4,cp1,cp1_l4,1900-01-01 22:51:00,9.0,73.0
276,l4_cp2_132,4,cp2,cp2_l4,cp1,cp1_l4,1900-01-01 22:57:00,6.0,70.0
277,l4_cp2_133,4,cp2,cp2_l4,cp1,cp1_l4,1900-01-01 23:02:00,5.0,73.0
278,l4_cp2_134,4,cp2,cp2_l4,cp1,cp1_l4,1900-01-01 23:08:00,6.0,73.0
279,l4_cp2_135,4,cp2,cp2_l4,cp1,cp1_l4,1900-01-01 23:17:00,9.0,75.0
280,l4_cp2_136,4,cp2,cp2_l4,cp1,cp1_l4,1900-01-01 23:26:00,9.0,75.0
281,l4_cp2_137,4,cp2,cp2_l4,cp1,cp1_l4,1900-01-01 23:34:00,8.0,72.0
282,l4_cp2_138,4,cp2,cp2_l4,cp1,cp1_l4,1900-01-01 23:40:00,6.0,74.0
283,l4_cp2_139,4,cp2,cp2_l4,cp1,cp1_l4,1900-01-01 23:45:00,5.0,74.0
284,l4_cp2_140,4,cp2,cp2_l4,cp1,cp1_l4,1900-01-01 23:51:00,6.0,72.0
285,l4_cp2_141,4,cp2,cp2_l4,cp1,cp1_l4,1900-01-02 00:00:00,9.0,73.0
286,l4_cp2_142,4,cp2,cp2_l4,cp1,cp1_l4,1900-01-02 00:10:00,10.0,70.0
287,l4_cp2_143,4,cp2,cp2_l4,cp1,cp1_l4,1900-01-02 00:19:00,9.0,75.0
288,l4_cp2_144,4,cp2,cp2_l4,cp1,cp1_l4,1900-01-02 00:25:00,6.0,71.0
289,l4_cp2_145,4,cp2,cp2_l4,cp1,cp1_l4,1900-01-02 00:30:00,5.0,71.0
290,l59_cp1_1,59,cp1,cp1_l59,cp2,cp2_l59,1900-01-01 05:50:00,,72.0
291,l59_cp1_2,59,cp1,cp1_l59,cp2,cp2_l59,1900-01-01 05:55:00,5.0,74.0
292,l59_cp1_3,59,cp1,cp1_l59,cp2,cp2_l59,1900-01-01 06:08:00,13.0,72.0
293,l59_cp1_4,59,cp1,cp1_l59,cp2,cp2_l59,1900-01-01 06:16:00,8.0,75.0
294,l59_cp1_5,59,cp1,cp1_l59,cp2,cp2_l59,1900-01-01 06:23:00,7.0,73.0
295,l59_cp1_6,59,cp1,cp1_l59,cp2,cp2_l59,1900-01-01 06:30:00,7.0,75.0
296,l59_cp1_7,59,cp1,cp1_l59,cp2,cp2_l59,1900-01-01 06:37:00,7.0,73.0
297,l59_cp1_8,59,cp1,cp1_l59,cp2,cp2_l59,1900-01-01 06:44:00,7.0,74.0
298,l59_cp1_9,59,cp1,cp1_l59,cp2,cp2_l59,1900-01-01 06:50:00,6.0,72.0
299,l59_cp1_10,59,cp1,cp1_l59,cp2,cp2_l59,1900-01-01 07:00:00,10.0,72.0
300,l59_cp1_11,59,cp1,cp1_l59,cp2,cp2_l59,1900-01-01 07:08:00,8.0,75.0
301,l59_cp1_12,59,cp1,cp1_l59,cp2,cp2_l59,1900-01-01 07:14:00,6.0,73.0
302,l59_cp1_13,59,cp1,cp1_l59,cp2,cp2_l59,1900-01-01 07:21:00,7.0,75.0
303,l59_cp1_14,59,cp1,cp1_l59,cp2,cp2_l59,1900-01-01 07:30:00,9.0,74.0
304,l59_cp1_15,59,cp1,cp1_l59,cp2,cp2_l59,1900-01-01 07:39:00,9.0,75.0
305,l59_cp1_16,59,cp1,cp1_l59,cp2,cp2_l59,1900-01-01 07:44:00,5.0,70.0
306,l59_cp1_17,59,cp1,cp1_l59,cp2,cp2_l59,1900-01-01 07:53:00,9.0,70.0
307,l59_cp1_18,59,cp1,cp1_l59,cp2,cp2_l59,1900-01-01 08:03:00,10.0,75.0
308,l59_cp1_19,59,cp1,cp1_l59,cp2,cp2_l59,1900-01-01 08:09:00,6.0,75.0
309,l59_cp1_20,59,cp1,cp1_l59,cp2,cp2_l59,1900-01-01 08:15:00,6.0,71.0
310,l59_cp1_21,59,cp1,cp1_l59,cp2,cp2_l59,1900-01-01 08:22:00,7.0,74.0
311,l59_cp1_22,59,cp1,cp1_l59,cp2,cp2_l59,1900-01-01 08:32:00,10.0,74.0
312,l59_cp1_23,59,cp1,cp1_l59,cp2,cp2_l59,1900-01-01 08:41:00,9.0,73.0
313,l59_cp1_24,59,cp1,cp1_l59,cp2,cp2_l59,1900-01-01 08:50:00,9.0,71.0
314,l59_cp1_25,59,cp1,cp1_l59,cp2,cp2_l59,1900-01-01 08:57:00,7.0,73.0
315,l59_cp1_26,59,cp1,cp1_l59,cp2,cp2_l59,1900-01-01 09:04:00,7.0,72.0
316,l59_cp1_27,59,cp1,cp1_l59,cp2,cp2_l59,1900-01-01 09:14:00,10.0,74.0
317,l59_cp1_28,59,cp1,cp1_l59,cp2,cp2_l59,1900-01-01 09:21:00,7.0,70.0
318,l59_cp1_29,59,cp1,cp1_l59,cp2,cp2_l59,1900-01-01 09:26:00,5.0,75.0
319,l59_cp1_30,59,cp1,cp1_l59,cp2,cp2_l59,1900-01-01 09:34:00,8.0,70.0
320,l59_cp1_31,59,cp1,cp1_l59,cp2,cp2_l59,1900-01-01 09:42:00,8.0,74.0
321,l59_cp1_32,59,cp1,cp1_l59,cp2,cp2_l59,1900-01-01 09:47:00,5.0,70.0
322,l59_cp1_33,59,cp1,cp1_l59,cp2,cp2_l59,1900-01-01 09:57:00,10.0,72.0
323,l59_cp1_34,59,cp1,cp1_l59,cp2,cp2_l59,1900-01-01 10:06:00,9.0,75.0
324,l59_cp1_35,59,cp1,cp1_l59,cp2,cp2_l59,1900-01-01 10:15:00,9.0,73.0
325,l59_cp1_36,59,cp1,cp1_l59,cp2,cp2_l59,1900-01-01 10:22:00,7.0,73.0
326,l59_cp1_37,59,cp1,cp1_l59,cp2,cp2_l59,1900-01-01 10:29:00,7.0,72.0
327,l59_cp1_38,59,cp1,cp1_l59,cp2,cp2_l59,1900-01-01 10:39:00,10.0,71.0
328,l59_cp1_39,59,cp1,cp1_l59,cp2,cp2_l59,1900-01-01 10:44:00,5.0,72.0
329,l59_cp1_40,59,cp1,cp1_l59,cp2,cp2_l59,1900-01-01 10:52:00,8.0,70.0
330,l59_cp1_41,59,cp1,cp1_l59,cp2,cp2_l59,1900-01-01 10:58:00,6.0,74.0
331,l59_cp1_42,59,cp1,cp1_l59,cp2,cp2_l59,1900-01-01 11:04:00,6.0,72.0
332,l59_cp1_43,59,cp1,cp1_l59,cp2,cp2_l59,1900-01-01 11:13:00,9.0,74.0
333,l59_cp1_44,59,cp1,cp1_l59,cp2,cp2_l59,1900-01-01 11:19:00,6.0,74.0
334,l59_cp1_45,59,cp1,cp1_l59,cp2,cp2_l59,1900-01-01 11:27:00,8.0,72.0
335,l59_cp1_46,59,cp1,cp1_l59,cp2,cp2_l59,1900-01-01 11:37:00,10.0,70.0
336,l59_cp1_47,59,cp1,cp1_l59,cp2,cp2_l59,1900-01-01 11:44:00,7.0,72.0
337,l59_cp1_48,59,cp1,cp1_l59,cp2,cp2_l59,1900-01-01 11:50:00,6.0,72.0
338,l59_cp1_49,59,cp1,cp1_l59,cp2,cp2_l59,1900-01-01 11:56:00,6.0,70.0
339,l59_cp1_50,59,cp1,cp1_l59,cp2,cp2_l59,1900-01-01 12:05:00,9.0,71.0
340,l59_cp2_1,59,cp2,cp2_l59,cp1,cp1_l59,1900-01-01 06:00:00,,71.0
341,l59_cp2_2,59,cp2,cp2_l59,cp1,cp1_l59,1900-01-01 06:05:00,5.0,74.0
342,l59_cp2_3,59,cp2,cp2_l59,cp1,cp1_l59,1900-01-01 06:13:00,8.0,70.0
343,l59_cp2_4,59,cp2,cp2_l59,cp1,cp1_l59,1900-01-01 06:21:00,8.0,71.0
344,l59_cp2_5,59,cp2,cp2_l59,cp1,cp1_l59,1900-01-01 06:31:00,10.0,72.0
345,l59_cp2_6,59,cp2,cp2_l59,cp1,cp1_l59,1900-01-01 06:37:00,6.0,75.0
346,l59_cp2_7,59,cp2,cp2_l59,cp1,cp1_l59,1900-01-01 06:44:00,7.0,70.0
347,l59_cp2_8,59,cp2,cp2_l59,cp1,cp1_l59,1900-01-01 06:50:00,6.0,72.0
348,l59_cp2_9,59,cp2,cp2_l59,cp1,cp1_l59,1900-01-01 06:58:00,8.0,71.0
349,l59_cp2_10,59,cp2,cp2_l59,cp1,cp1_l59,1900-01-01 07:06:00,8.0,74.0
350,l59_cp2_11,59,cp2,cp2_l59,cp1,cp1_l59,1900-01-01 07:14:00,8.0,70.0
351,l59_cp2_12,59,cp2,cp2_l59,cp1,cp1_l59,1900-01-01 07:21:00,7.0,75.0
352,l59_cp2_13,59,cp2,cp2_l59,cp1,cp1_l59,1900-01-01 07:30:00,9.0,71.0
353,l59_cp2_14,59,cp2,cp2_l59,cp1,cp1_l59,1900-01-01 07:35:00,5.0,73.0
354,l59_cp2_15,59,cp2,cp2_l59,cp1,cp1_l59,1900-01-01 07:40:00,5.0,70.0
355,l59_cp2_16,59,cp2,cp2_l59,cp1,cp1_l59,1900-01-01 07:47:00,7.0,71.0
356,l59_cp2_17,59,cp2,cp2_l59,cp1,cp1_l59,1900-01-01 07:53:00,6.0,72.0
357,l59_cp2_18,59,cp2,cp2_l59,cp1,cp1_l59,1900-01-01 08:00:00,7.0,75.0
358,l59_cp2_19,59,cp2,cp2_l59,cp1,cp1_l59,1900-01-01 08:09:00,9.0,74.0
359,l59_cp2_20,59,cp2,cp2_l59,cp1,cp1_l59,1900-01-01 08:18:00,9.0,70.0
360,l59_cp2_21,59,cp2,cp2_l59,cp1,cp1_l59,1900-01-01 08:27:00,9.0,70.0
361,l59_cp2_22,59,cp2,cp2_l59,cp1,cp1_l59,1900-01-01 08:33:00,6.0,73.0
362,l59_cp2_23,59,cp2,cp2_l59,cp1,cp1_l59,1900-01-01 08:44:00,11.0,75.0
363,l59_cp2_24,59,cp2,cp2_l59,cp1,cp1_l59,1900-01-01 08:54:00,10.0,72.0
364,l59_cp2_25,59,cp2,cp2_l59,cp1,cp1_l59,1900-01-01 08:59:00,5.0,73.0
365,l59_cp2_26,59,cp2,cp2_l59,cp1,cp1_l59,1900-01-01 09:07:00,8.0,75.0
366,l59_cp2_27,59,cp2,cp2_l59,cp1,cp1_l59,1900-01-01 09:15:00,8.0,72.0
367,l59_cp2_28,59,cp2,cp2_l59,cp1,cp1_l59,1900-01-01 09:24:00,9.0,74.0
368,l59_cp2_29,59,cp2,cp2_l59,cp1,cp1_l59,1900-01-01 09:34:00,10.0,75.0
369,l59_cp2_30,59,cp2,cp2_l59,cp1,cp1_l59,1900-01-01 09:42:00,8.0,73.0
370,l59_cp2_31,59,cp2,cp2_l59,cp1,cp1_l59,1900-01-01 09:49:00,7.0,73.0
371,l59_cp2_32,59,cp2,cp2_l59,cp1,cp1_l59,1900-01-01 09:55:00,6.0,70.0
372,l59_cp2_33,59,cp2,cp2_l59,cp1,cp1_l59,1900-01-01 10:04:00,9.0,72.0
373,l59_cp2_34,59,cp2,cp2_l59,cp1,cp1_l59,1900-01-01 10:18:00,14.0,71.0
374,l59_cp2_35,59,cp2,cp2_l59,cp1,cp1_l59,1900-01-01 10:28:00,10.0,72.0
375,l59_cp2_36,59,cp2,cp2_l59,cp1,cp1_l59,1900-01-01 10:35:00,7.0,72.0
376,l59_cp2_37,59,cp2,cp2_l59,cp1,cp1_l59,1900-01-01 10:42:00,7.0,75.0
377,l59_cp2_38,59,cp2,cp2_l59,cp1,cp1_l59,1900-01-01 10:50:00,8.0,70.0
378,l59_cp2_39,59,cp2,cp2_l59,cp1,cp1_l59,1900-01-01 10:55:00,5.0,73.0
379,l59_cp2_40,59,cp2,cp2_l59,cp1,cp1_l59,1900-01-01 11:00:00,5.0,72.0
380,l59_cp2_41,59,cp2,cp2_l59,cp1,cp1_l59,1900-01-01 11:09:00,9.0,75.0
381,l59_cp2_42,59,cp2,cp2_l59,cp1,cp1_l59,1900-01-01 11:15:00,6.0,73.0
382,l59_cp2_43,59,cp2,cp2_l59,cp1,cp1_l59,1900-01-01 11:21:00,6.0,75.0
383,l59_cp2_44,59,cp2,cp2_l59,cp1,cp1_l59,1900-01-01 11:28:00,7.0,71.0
384,l59_cp2_45,59,cp2,cp2_l59,cp1,cp1_l59,1900-01-01 11:34:00,6.0,72.0
385,l59_cp2_46,59,cp2,cp2_l59,cp1,cp1_l59,1900-01-01 11:39:00,5.0,70.0
386,l59_cp2_47,59,cp2,cp2_l59,cp1,cp1_l59,1900-01-01 11:46:00,7.0,70.0
387,l59_cp2_48,59,cp2,cp2_l59,cp1,cp1_l59,1900-01-01 11:53:00,7.0,75.0
388,l59_cp2_49,59,cp2,cp2_l59,cp1,cp1_l59,1900-01-01 11:58:00,5.0,70.0
389,l59_cp2_50,59,cp2,cp2_l59,cp1,cp1_l59,1900-01-01 12:07:00,9.0,73.0
390,l60_cp1_1,60,cp1,cp1_l60,cp2,cp2_l60,1900-01-01 05:50:00,,71.0
391,l60_cp1_2,60,cp1,cp1_l60,cp2,cp2_l60,1900-01-01 06:00:00,10.0,72.0
392,l60_cp1_3,60,cp1,cp1_l60,cp2,cp2_l60,1900-01-01 06:07:00,7.0,72.0
393,l60_cp1_4,60,cp1,cp1_l60,cp2,cp2_l60,1900-01-01 06:15:00,8.0,70.0
394,l60_cp1_5,60,cp1,cp1_l60,cp2,cp2_l60,1900-01-01 06:25:00,10.0,72.0
395,l60_cp1_6,60,cp1,cp1_l60,cp2,cp2_l60,1900-01-01 06:33:00,8.0,74.0
396,l60_cp1_7,60,cp1,cp1_l60,cp2,cp2_l60,1900-01-01 06:39:00,6.0,73.0
397,l60_cp1_8,60,cp1,cp1_l60,cp2,cp2_l60,1900-01-01 06:45:00,6.0,74.0
398,l60_cp1_9,60,cp1,cp1_l60,cp2,cp2_l60,1900-01-01 06:51:00,6.0,73.0
399,l60_cp1_10,60,cp1,cp1_l60,cp2,cp2_l60,1900-01-01 06:56:00,5.0,75.0
400,l60_cp1_11,60,cp1,cp1_l60,cp2,cp2_l60,1900-01-01 07:04:00,8.0,75.0
401,l60_cp1_12,60,cp1,cp1_l60,cp2,cp2_l60,1900-01-01 07:09:00,5.0,72.0
402,l60_cp1_13,60,cp1,cp1_l60,cp2,cp2_l60,1900-01-01 07:16:00,7.0,70.0
403,l60_cp1_14,60,cp1,cp1_l60,cp2,cp2_l60,1900-01-01 07:23:00,7.0,75.0
404,l60_cp1_15,60,cp1,cp1_l60,cp2,cp2_l60,1900-01-01 07:31:00,8.0,71.0
405,l60_cp1_16,60,cp1,cp1_l60,cp2,cp2_l60,1900-01-01 07:40:00,9.0,75.0
406,l60_cp1_17,60,cp1,cp1_l60,cp2,cp2_l60,1900-01-01 07:48:00,8.0,75.0
407,l60_cp1_18,60,cp1,cp1_l60,cp2,cp2_l60,1900-01-01 07:56:00,8.0,71.0
408,l60_cp1_19,60,cp1,cp1_l60,cp2,cp2_l60,1900-01-01 08:05:00,9.0,72.0
409,l60_cp1_20,60,cp1,cp1_l60,cp2,cp2_l60,1900-01-01 08:11:00,6.0,75.0
410,l60_cp1_21,60,cp1,cp1_l60,cp2,cp2_l60,1900-01-01 08:20:00,9.0,70.0
411,l60_cp1_22,60,cp1,cp1_l60,cp2,cp2_l60,1900-01-01 08:30:00,10.0,71.0
412,l60_cp1_23,60,cp1,cp1_l60,cp2,cp2_l60,1900-01-01 08:38:00,8.0,72.0
413,l60_cp1_24,60,cp1,cp1_l60,cp2,cp2_l60,1900-01-01 08:48:00,10.0,71.0
414,l60_cp1_25,60,cp1,cp1_l60,cp2,cp2_l60,1900-01-01 08:53:00,5.0,74.0
415,l60_cp1_26,60,cp1,cp1_l60,cp2,cp2_l60,1900-01-01 09:01:00,8.0,73.0
416,l60_cp1_27,60,cp1,cp1_l60,cp2,cp2_l60,1900-01-01 09:09:00,8.0,72.0
417,l60_cp1_28,60,cp1,cp1_l60,cp2,cp2_l60,1900-01-01 09:16:00,7.0,73.0
418,l60_cp1_29,60,cp1,cp1_l60,cp2,cp2_l60,1900-01-01 09:21:00,5.0,75.0
419,l60_cp1_30,60,cp1,cp1_l60,cp2,cp2_l60,1900-01-01 09:27:00,6.0,73.0
420,l60_cp1_31,60,cp1,cp1_l60,cp2,cp2_l60,1900-01-01 09:37:00,10.0,75.0
421,l60_cp1_32,60,cp1,cp1_l60,cp2,cp2_l60,1900-01-01 09:46:00,9.0,75.0
422,l60_cp1_33,60,cp1,cp1_l60,cp2,cp2_l60,1900-01-01 09:54:00,8.0,71.0
423,l60_cp1_34,60,cp1,cp1_l60,cp2,cp2_l60,1900-01-01 10:07:00,13.0,70.0
424,l60_cp1_35,60,cp1,cp1_l60,cp2,cp2_l60,1900-01-01 10:17:00,10.0,75.0
425,l60_cp1_36,60,cp1,cp1_l60,cp2,cp2_l60,1900-01-01 10:24:00,7.0,73.0
426,l60_cp1_37,60,cp1,cp1_l60,cp2,cp2_l60,1900-01-01 10:34:00,10.0,72.0
427,l60_cp1_38,60,cp1,cp1_l60,cp2,cp2_l60,1900-01-01 10:42:00,8.0,70.0
428,l60_cp1_39,60,cp1,cp1_l60,cp2,cp2_l60,1900-01-01 10:47:00,5.0,70.0
429,l60_cp1_40,60,cp1,cp1_l60,cp2,cp2_l60,1900-01-01 10:58:00,11.0,72.0
430,l60_cp1_41,60,cp1,cp1_l60,cp2,cp2_l60,1900-01-01 11:09:00,11.0,74.0
431,l60_cp1_42,60,cp1,cp1_l60,cp2,cp2_l60,1900-01-01 11:17:00,8.0,71.0
432,l60_cp1_43,60,cp1,cp1_l60,cp2,cp2_l60,1900-01-01 11:26:00,9.0,72.0
433,l60_cp1_44,60,cp1,cp1_l60,cp2,cp2_l60,1900-01-01 11:33:00,7.0,73.0
434,l60_cp1_45,60,cp1,cp1_l60,cp2,cp2_l60,1900-01-01 11:40:00,7.0,74.0
435,l60_cp1_46,60,cp1,cp1_l60,cp2,cp2_l60,1900-01-01 11:48:00,8.0,70.0
436,l60_cp1_47,60,cp1,cp1_l60,cp2,cp2_l60,1900-01-01 11:57:00,9.0,74.0
437,l60_cp1_48,60,cp1,cp1_l60,cp2,cp2_l60,1900-01-01 12:03:00,6.0,74.0
438,l60_cp1_49,60,cp1,cp1_l60,cp2,cp2_l60,1900-01-01 12:10:00,7.0,75.0
439,l60_cp1_50,60,cp1,cp1_l60,cp2,cp2_l60,1900-01-01 12:17:00,7.0,72.0
440,l60_cp1_51,60,cp1,cp1_l60,cp2,cp2_l60,1900-01-01 12:22:00,5.0,70.0
441,l60_cp1_52,60,cp1,cp1_l60,cp2,cp2_l60,1900-01-01 12:28:00,6.0,75.0
442,l60_cp1_53,60,cp1,cp1_l60,cp2,cp2_l60,1900-01-01 12:36:00,8.0,73.0
443,l60_cp1_54,60,cp1,cp1_l60,cp2,cp2_l60,1900-01-01 12:41:00,5.0,75.0
444,l60_cp1_55,60,cp1,cp1_l60,cp2,cp2_l60,1900-01-01 12:46:00,5.0,73.0
445,l60_cp1_56,60,cp1,cp1_l60,cp2,cp2_l60,1900-01-01 12:54:00,8.0,70.0
446,l60_cp1_57,60,cp1,cp1_l60,cp2,cp2_l60,1900-01-01 13:00:00,6.0,73.0
447,l60_cp1_58,60,cp1,cp1_l60,cp2,cp2_l60,1900-01-01 13:09:00,9.0,70.0
448,l60_cp1_59,60,cp1,cp1_l60,cp2,cp2_l60,1900-01-01 13:16:00,7.0,73.0
449,l60_cp1_60,60,cp1,cp1_l60,cp2,cp2_l60,1900-01-01 13:25:00,9.0,70.0
450,l60_cp2_1,60,cp2,cp2_l60,cp1,cp1_l60,1900-01-01 06:00:00,,74.0
451,l60_cp2_2,60,cp2,cp2_l60,cp1,cp1_l60,1900-01-01 06:08:00,8.0,74.0
452,l60_cp2_3,60,cp2,cp2_l60,cp1,cp1_l60,1900-01-01 06:16:00,8.0,73.0
453,l60_cp2_4,60,cp2,cp2_l60,cp1,cp1_l60,1900-01-01 06:27:00,11.0,73.0
454,l60_cp2_5,60,cp2,cp2_l60,cp1,cp1_l60,1900-01-01 06:32:00,5.0,72.0
455,l60_cp2_6,60,cp2,cp2_l60,cp1,cp1_l60,1900-01-01 06:40:00,8.0,74.0
456,l60_cp2_7,60,cp2,cp2_l60,cp1,cp1_l60,1900-01-01 06:48:00,8.0,75.0
457,l60_cp2_8,60,cp2,cp2_l60,cp1,cp1_l60,1900-01-01 06:57:00,9.0,71.0
458,l60_cp2_9,60,cp2,cp2_l60,cp1,cp1_l60,1900-01-01 07:02:00,5.0,71.0
459,l60_cp2_10,60,cp2,cp2_l60,cp1,cp1_l60,1900-01-01 07:09:00,7.0,70.0
460,l60_cp2_11,60,cp2,cp2_l60,cp1,cp1_l60,1900-01-01 07:15:00,6.0,74.0
461,l60_cp2_12,60,cp2,cp2_l60,cp1,cp1_l60,1900-01-01 07:22:00,7.0,73.0
462,l60_cp2_13,60,cp2,cp2_l60,cp1,cp1_l60,1900-01-01 07:32:00,10.0,73.0
463,l60_cp2_14,60,cp2,cp2_l60,cp1,cp1_l60,1900-01-01 07:41:00,9.0,71.0
464,l60_cp2_15,60,cp2,cp2_l60,cp1,cp1_l60,1900-01-01 07:47:00,6.0,74.0
465,l60_cp2_16,60,cp2,cp2_l60,cp1,cp1_l60,1900-01-01 07:52:00,5.0,72.0
466,l60_cp2_17,60,cp2,cp2_l60,cp1,cp1_l60,1900-01-01 07:59:00,7.0,75.0
467,l60_cp2_18,60,cp2,cp2_l60,cp1,cp1_l60,1900-01-01 08:06:00,7.0,74.0
468,l60_cp2_19,60,cp2,cp2_l60,cp1,cp1_l60,1900-01-01 08:12:00,6.0,74.0
469,l60_cp2_20,60,cp2,cp2_l60,cp1,cp1_l60,1900-01-01 08:17:00,5.0,75.0
470,l60_cp2_21,60,cp2,cp2_l60,cp1,cp1_l60,1900-01-01 08:22:00,5.0,75.0
471,l60_cp2_22,60,cp2,cp2_l60,cp1,cp1_l60,1900-01-01 08:28:00,6.0,75.0
472,l60_cp2_23,60,cp2,cp2_l60,cp1,cp1_l60,1900-01-01 08:37:00,9.0,72.0
473,l60_cp2_24,60,cp2,cp2_l60,cp1,cp1_l60,1900-01-01 08:42:00,5.0,72.0
474,l60_cp2_25,60,cp2,cp2_l60,cp1,cp1_l60,1900-01-01 08:48:00,6.0,75.0
475,l60_cp2_26,60,cp2,cp2_l60,cp1,cp1_l60,1900-01-01 08:58:00,10.0,75.0
476,l60_cp2_27,60,cp2,cp2_l60,cp1,cp1_l60,1900-01-01 09:08:00,10.0,73.0
477,l60_cp2_28,60,cp2,cp2_l60,cp1,cp1_l60,1900-01-01 09:15:00,7.0,71.0
478,l60_cp2_29,60,cp2,cp2_l60,cp1,cp1_l60,1900-01-01 09:22:00,7.0,75.0
479,l60_cp2_30,60,cp2,cp2_l60,cp1,cp1_l60,1900-01-01 09:30:00,8.0,75.0
480,l60_cp2_31,60,cp2,cp2_l60,cp1,cp1_l60,1900-01-01 09:36:00,6.0,74.0
481,l60_cp2_32,60,cp2,cp2_l60,cp1,cp1_l60,1900-01-01 09:42:00,6.0,72.0
482,l60_cp2_33,60,cp2,cp2_l60,cp1,cp1_l60,1900-01-01 09:55:00,13.0,74.0
483,l60_cp2_34,60,cp2,cp2_l60,cp1,cp1_l60,1900-01-01 10:00:00,5.0,71.0
484,l60_cp2_35,60,cp2,cp2_l60,cp1,cp1_l60,1900-01-01 10:09:00,9.0,73.0
485,l60_cp2_36,60,cp2,cp2_l60,cp1,cp1_l60,1900-01-01 10:16:00,7.0,70.0
486,l60_cp2_37,60,cp2,cp2_l60,cp1,cp1_l60,1900-01-01 10:27:00,11.0,71.0
487,l60_cp2_38,60,cp2,cp2_l60,cp1,cp1_l60,1900-01-01 10:34:00,7.0,72.0
488,l60_cp2_39,60,cp2,cp2_l60,cp1,cp1_l60,1900-01-01 10:42:00,8.0,70.0
489,l60_cp2_40,60,cp2,cp2_l60,cp1,cp1_l60,1900-01-01 10:47:00,5.0,72.0
490,l60_cp2_41,60,cp2,cp2_l60,cp1,cp1_l60,1900-01-01 10:57:00,10.0,73.0
491,l60_cp2_42,60,cp2,cp2_l60,cp1,cp1_l60,1900-01-01 11:04:00,7.0,72.0
492,l60_cp2_43,60,cp2,cp2_l60,cp1,cp1_l60,1900-01-01 11:11:00,7.0,71.0
493,l60_cp2_44,60,cp2,cp2_l60,cp1,cp1_l60,1900-01-01 11:20:00,9.0,72.0
494,l60_cp2_45,60,cp2,cp2_l60,cp1,cp1_l60,1900-01-01 11:27:00,7.0,73.0
495,l60_cp2_46,60,cp2,cp2_l60,cp1,cp1_l60,1900-01-01 11:34:00,7.0,74.0
496,l60_cp2_47,60,cp2,cp2_l60,cp1,cp1_l60,1900-01-01 11:40:00,6.0,70.0
497,l60_cp2_48,60,cp2,cp2_l60,cp1,cp1_l60,1900-01-01 11:46:00,6.0,74.0
498,l60_cp2_49,60,cp2,cp2_l60,cp1,cp1_l60,1900-01-01 11:53:00,7.0,71.0
499,l60_cp2_50,60,cp2,cp2_l60,cp1,cp1_l60,1900-01-01 11:58:00,5.0,75.0
500,l60_cp2_51,60,cp2,cp2_l60,cp1,cp1_l60,1900-01-01 12:08:00,10.0,74.0
501,l60_cp2_52,60,cp2,cp2_l60,cp1,cp1_l60,1900-01-01 12:16:00,8.0,70.0
502,l60_cp2_53,60,cp2,cp2_l60,cp1,cp1_l60,1900-01-01 12:22:00,6.0,74.0
503,l60_cp2_54,60,cp2,cp2_l60,cp1,cp1_l60,1900-01-01 12:31:00,9.0,74.0
504,l60_cp2_55,60,cp2,cp2_l60,cp1,cp1_l60,1900-01-01 12:37:00,6.0,75.0
505,l60_cp2_56,60,cp2,cp2_l60,cp1,cp1_l60,1900-01-01 12:44:00,7.0,75.0
506,l60_cp2_57,60,cp2,cp2_l60,cp1,cp1_l60,1900-01-01 12:51:00,7.0,74.0
507,l60_cp2_58,60,cp2,cp2_l60,cp1,cp1_l60,1900-01-01 13:00:00,9.0,74.0
508,l60_cp2_59,60,cp2,cp2_l60,cp1,cp1_l60,1900-01-01 13:09:00,9.0,71.0
509,l60_cp2_60,60,cp2,cp2_l60,cp1,cp1_l60,1900-01-01 13:14:00,5.0,75.0
