Iteration,Experiment,Time,Objective,Columns,Difference,RMP_time,Graph_time,SPFA_time,Label_time,Filter_time,Iteration_time
001,exp_1_zmin_50_k_30_i_9_True,2025-07-31 22:46:00,49324.98,63,0.0,0.0764,0.01,9.4559,0.0005,0.002,9.5478
002,exp_1_zmin_50_k_30_i_9_True,2025-07-31 22:46:00,48536.43,74,788.54,0.0878,0.0087,9.0589,0.001,0.002,9.1618
003,exp_1_zmin_50_k_30_i_9_True,2025-07-31 22:46:00,48361.33,91,175.1,0.0922,0.0094,19.6963,0.001,0.002,19.8036
004,exp_1_zmin_50_k_30_i_9_True,2025-07-31 22:46:00,48053.17,103,308.16,0.0955,0.008,11.374,0.001,0.001,11.4826
005,exp_1_zmin_50_k_30_i_9_True,2025-07-31 22:46:00,47776.69,111,276.48,0.0985,0.008,8.1888,0.0005,0.0011,8.2999
006,exp_1_zmin_50_k_30_i_9_True,2025-07-31 22:46:00,47776.69,127,0.0,0.1516,0.012,7.7285,0.001,0.001,7.899
007,exp_1_zmin_50_k_30_i_9_True,2025-07-31 22:46:00,47732.91,135,43.78,0.1221,0.01,5.9951,0.0016,0.001,6.1343
008,exp_1_zmin_50_k_30_i_9_True,2025-07-31 22:46:00,47732.91,151,0.0,0.1241,0.0105,16.6413,0.0,0.002,16.7836
009,exp_1_zmin_50_k_30_i_9_True,2025-07-31 22:46:00,47732.91,156,0.0,0.1421,0.0086,9.4893,0.002,0.0,9.6471
010,exp_1_zmin_50_k_30_i_9_True,2025-07-31 22:46:00,47732.91,161,0.0,0.1416,0.011,6.2185,0.0016,0.0011,6.3798
011,exp_1_zmin_50_k_30_i_9_True,2025-07-31 22:46:00,47732.91,170,0.0,0.1407,0.0089,10.5984,0.001,0.0015,10.7552
012,exp_1_zmin_50_k_30_i_9_True,2025-07-31 22:46:00,47732.91,178,0.0,0.1419,0.009,9.2681,0.001,0.001,9.424
013,exp_1_zmin_50_k_30_i_9_True,2025-07-31 22:46:00,47732.91,185,0.0,0.1697,0.008,10.0454,0.0,0.001,10.2301
014,exp_1_zmin_50_k_30_i_9_True,2025-07-31 22:46:00,47732.91,194,0.0,0.1492,0.008,15.6076,0.001,0.001,15.7718
015,exp_1_zmin_50_k_30_i_9_True,2025-07-31 22:46:00,45358.33,200,2374.58,0.1853,0.0085,10.8336,0.001,0.001,11.0352
016,exp_1_zmin_50_k_30_i_9_True,2025-07-31 22:46:00,44903.17,217,455.16,0.1949,0.009,21.9527,0.001,0.001,22.1629
017,exp_1_zmin_50_k_30_i_9_True,2025-07-31 22:46:00,44025.32,227,877.85,0.1635,0.0085,9.3697,0.001,0.002,9.5526
018,exp_1_zmin_50_k_30_i_9_True,2025-07-31 22:46:00,43238.36,238,786.96,0.1671,0.008,18.0273,0.0,0.001,18.2094
019,exp_1_zmin_50_k_30_i_9_True,2025-07-31 22:46:00,42480.7,246,757.65,0.1719,0.008,19.8269,0.001,0.001,20.0148
020,exp_1_zmin_50_k_30_i_9_True,2025-07-31 22:46:00,41787.88,262,692.82,0.1782,0.009,19.1752,0.001,0.001,19.3704
021,exp_1_zmin_50_k_30_i_9_True,2025-07-31 22:46:00,40981.39,273,806.49,0.1954,0.008,20.3501,0.001,0.002,20.5625
022,exp_1_zmin_50_k_30_i_9_True,2025-07-31 22:46:00,40380.97,283,600.42,0.2095,0.009,20.2108,0.001,0.0006,20.437
023,exp_1_zmin_50_k_30_i_9_True,2025-07-31 22:46:00,39681.43,299,699.54,0.1911,0.008,28.473,0.0016,0.0026,28.6849
024,exp_1_zmin_50_k_30_i_9_True,2025-07-31 22:46:00,38792.15,312,889.28,0.2403,0.0085,10.6735,0.001,0.002,10.9308
025,exp_1_zmin_50_k_30_i_9_True,2025-07-31 22:46:00,38440.09,331,352.06,0.2252,0.01,18.1895,0.0,0.003,18.4352
026,exp_1_zmin_50_k_30_i_9_True,2025-07-31 22:46:00,37925.16,345,514.93,0.2768,0.008,11.8038,0.001,0.002,12.0986
027,exp_1_zmin_50_k_30_i_9_True,2025-07-31 22:46:00,37597.21,354,327.95,0.2277,0.008,8.1752,0.001,0.001,8.4209
028,exp_1_zmin_50_k_30_i_9_True,2025-07-31 22:46:00,37206.54,365,390.67,0.2276,0.008,17.5798,0.0011,0.0013,17.8247
029,exp_1_zmin_50_k_30_i_9_True,2025-07-31 22:46:00,36987.66,380,218.88,0.2451,0.044,13.9756,0.001,0.002,14.2767
030,exp_1_zmin_50_k_30_i_9_True,2025-07-31 22:46:00,36665.88,387,321.78,0.2875,0.01,14.4908,0.001,0.001,14.8003
031,exp_1_zmin_50_k_30_i_9_True,2025-07-31 22:46:00,36231.37,404,434.51,0.2537,0.009,17.6588,0.001,0.002,17.932
032,exp_1_zmin_50_k_30_i_9_True,2025-07-31 22:46:00,36008.78,419,222.59,0.332,0.01,16.1284,0.001,0.002,16.4844
033,exp_1_zmin_50_k_30_i_9_True,2025-07-31 22:46:00,35702.97,431,305.81,0.2652,0.009,13.9344,0.001,0.001,14.2186
034,exp_1_zmin_50_k_30_i_9_True,2025-07-31 22:46:00,35547.16,449,155.81,0.3587,0.012,13.7978,0.001,0.002,14.1805
035,exp_1_zmin_50_k_30_i_9_True,2025-07-31 22:46:00,35392.68,464,154.47,0.2894,0.008,11.4284,0.001,0.002,11.7378
036,exp_1_zmin_50_k_30_i_9_True,2025-07-31 22:46:00,35319.06,484,73.63,0.3234,0.009,14.1053,0.001,0.003,14.4506
037,exp_1_zmin_50_k_30_i_9_True,2025-07-31 22:46:00,35245.51,492,73.55,0.2995,0.009,12.959,0.001,0.001,13.279
038,exp_1_zmin_50_k_30_i_9_True,2025-07-31 22:46:00,35157.14,500,88.37,0.3237,0.0105,16.5089,0.001,0.002,16.8571
039,exp_1_zmin_50_k_30_i_9_True,2025-07-31 22:46:00,35132.38,508,24.75,0.3283,0.013,12.3183,0.001,0.001,12.6736
040,exp_1_zmin_50_k_30_i_9_True,2025-07-31 22:46:00,35103.54,521,28.84,0.3065,0.009,14.3803,0.001,0.0015,14.7073
041,exp_1_zmin_50_k_30_i_9_True,2025-07-31 22:46:00,35033.06,532,70.48,0.3776,0.009,16.8763,0.001,0.001,17.2739
042,exp_1_zmin_50_k_30_i_9_True,2025-07-31 22:46:00,34997.19,544,35.87,0.322,0.008,10.5606,0.001,0.0,10.9016
043,exp_1_zmin_50_k_30_i_9_True,2025-07-31 22:46:00,34960.68,550,36.51,0.3413,0.008,15.2665,0.001,0.001,15.6268
044,exp_1_zmin_50_k_30_i_9_True,2025-07-31 22:46:00,34942.1,556,18.58,0.3327,0.008,12.8483,0.001,0.002,13.201
045,exp_1_zmin_50_k_30_i_9_True,2025-07-31 22:46:00,34919.34,566,22.77,0.394,0.008,18.1085,0.001,0.002,18.5215
046,exp_1_zmin_50_k_30_i_9_True,2025-07-31 22:46:00,34901.22,573,18.12,0.3309,0.008,10.6873,0.002,0.001,11.0402
047,exp_1_zmin_50_k_30_i_9_True,2025-07-31 22:46:00,34897.6,581,3.62,0.4123,0.01,18.5423,0.001,0.001,18.9785
048,exp_1_zmin_50_k_30_i_9_True,2025-07-31 22:46:00,34894.48,587,3.12,0.3576,0.008,21.8609,0.001,0.001,22.2386
049,exp_1_zmin_50_k_30_i_9_True,2025-07-31 22:46:00,34892.85,591,1.63,0.3563,0.011,16.0996,0.001,0.001,16.4815
050,exp_1_zmin_50_k_30_i_9_True,2025-07-31 22:46:00,34890.97,595,1.88,0.3675,0.011,16.4752,0.001,0.001,16.8664
051,exp_1_zmin_50_k_30_i_9_True,2025-07-31 22:46:00,34890.68,597,0.28,0.3677,0.009,17.3984,0.001,0.001,17.7875
001,exp_2_zmin_50_k_30_i_9_True,2025-07-31 22:58:41,49324.98,63,0.0,0.0736,0.009,9.9217,0.0021,0.0016,10.0119
002,exp_2_zmin_50_k_30_i_9_True,2025-07-31 22:58:41,48536.43,74,788.54,0.1739,0.01,9.6309,0.001,0.002,9.8214
003,exp_2_zmin_50_k_30_i_9_True,2025-07-31 22:58:41,48361.33,91,175.1,0.1025,0.0085,19.6095,0.001,0.001,19.7255
004,exp_2_zmin_50_k_30_i_9_True,2025-07-31 22:58:41,48053.17,103,308.16,0.095,0.0085,11.483,0.001,0.0013,11.5943
005,exp_2_zmin_50_k_30_i_9_True,2025-07-31 22:58:41,47776.69,111,276.48,0.1017,0.009,8.4973,0.001,0.001,8.614
006,exp_2_zmin_50_k_30_i_9_True,2025-07-31 22:58:41,47776.69,127,0.0,0.1085,0.0091,8.0592,0.001,0.002,8.1818
007,exp_2_zmin_50_k_30_i_9_True,2025-07-31 22:58:41,47732.91,135,43.78,0.1105,0.012,5.9302,0.001,0.002,6.0577
008,exp_2_zmin_50_k_30_i_9_True,2025-07-31 22:58:41,47732.91,151,0.0,0.1546,0.008,16.0752,0.001,0.001,16.2438
009,exp_2_zmin_50_k_30_i_9_True,2025-07-31 22:58:41,47732.91,156,0.0,0.2001,0.011,8.7847,0.001,0.001,9.0027
010,exp_2_zmin_50_k_30_i_9_True,2025-07-31 22:58:41,47732.91,161,0.0,0.1298,0.008,6.1439,0.002,0.001,6.2887
011,exp_2_zmin_50_k_30_i_9_True,2025-07-31 22:58:41,47732.91,170,0.0,0.258,0.0131,10.6351,0.001,0.001,10.9143
012,exp_2_zmin_50_k_30_i_9_True,2025-07-31 22:58:41,47732.91,178,0.0,0.1363,0.008,9.2126,0.001,0.002,9.3648
013,exp_2_zmin_50_k_30_i_9_True,2025-07-31 22:58:41,47732.91,185,0.0,0.146,0.009,9.8618,0.001,0.001,10.0228
014,exp_2_zmin_50_k_30_i_9_True,2025-07-31 22:58:41,47732.91,194,0.0,0.1482,0.01,15.6644,0.0011,0.001,15.8287
015,exp_2_zmin_50_k_30_i_9_True,2025-07-31 22:58:41,45358.33,200,2374.58,0.1557,0.009,11.0228,0.0015,0.0004,11.1954
016,exp_2_zmin_50_k_30_i_9_True,2025-07-31 22:58:41,44903.17,217,455.16,0.1559,0.011,22.3869,0.0011,0.002,22.562
017,exp_2_zmin_50_k_30_i_9_True,2025-07-31 22:58:41,44025.32,227,877.85,0.1572,0.009,9.2682,0.001,0.0019,9.4413
018,exp_2_zmin_50_k_30_i_9_True,2025-07-31 22:58:41,43238.36,238,786.96,0.1628,0.008,19.3915,0.0011,0.0011,19.5694
019,exp_2_zmin_50_k_30_i_9_True,2025-07-31 22:58:41,42480.7,246,757.65,0.189,0.009,19.9257,0.001,0.002,20.1319
020,exp_2_zmin_50_k_30_i_9_True,2025-07-31 22:58:41,41787.88,262,692.82,0.1732,0.008,19.094,0.001,0.0022,19.2844
021,exp_2_zmin_50_k_30_i_9_True,2025-07-31 22:58:41,40981.39,273,806.49,0.2009,0.008,20.9716,0.001,0.001,21.1875
022,exp_2_zmin_50_k_30_i_9_True,2025-07-31 22:58:41,40380.97,283,600.42,0.186,0.009,19.2617,0.001,0.001,19.4658
023,exp_2_zmin_50_k_30_i_9_True,2025-07-31 22:58:41,39681.43,299,699.54,0.1948,0.01,28.0899,0.001,0.002,28.3037
024,exp_2_zmin_50_k_30_i_9_True,2025-07-31 22:58:41,38792.15,312,889.28,0.1996,0.01,10.6138,0.001,0.002,10.8333
025,exp_2_zmin_50_k_30_i_9_True,2025-07-31 22:58:41,38440.09,331,352.06,0.2037,0.009,17.5527,0.0011,0.0016,17.773
026,exp_2_zmin_50_k_30_i_9_True,2025-07-31 22:58:41,37925.16,345,514.93,0.2448,0.008,11.7201,0.001,0.001,11.9833
027,exp_2_zmin_50_k_30_i_9_True,2025-07-31 22:58:41,37597.21,354,327.95,0.2264,0.009,7.9419,0.001,0.002,8.1863
028,exp_2_zmin_50_k_30_i_9_True,2025-07-31 22:58:41,37206.54,365,390.67,0.3114,0.01,23.8903,0.0,0.0162,24.2349
029,exp_2_zmin_50_k_30_i_9_True,2025-07-31 22:58:41,36987.66,380,218.88,0.3253,0.014,20.3713,0.0,0.0158,20.7381
030,exp_2_zmin_50_k_30_i_9_True,2025-07-31 22:58:41,36665.88,387,321.78,0.3626,0.0159,20.8708,0.0,0.0108,21.2687
031,exp_2_zmin_50_k_30_i_9_True,2025-07-31 22:58:41,36231.37,404,434.51,0.4756,0.0179,25.0569,0.0,0.0,25.5646
032,exp_2_zmin_50_k_30_i_9_True,2025-07-31 22:58:41,36008.78,419,222.59,0.286,0.009,15.7816,0.0,0.0159,16.1048
033,exp_2_zmin_50_k_30_i_9_True,2025-07-31 22:58:41,35702.97,431,305.81,0.2568,0.0092,13.6315,0.0,0.0081,13.9168
034,exp_2_zmin_50_k_30_i_9_True,2025-07-31 22:58:41,35547.16,449,155.81,0.2812,0.0083,13.511,0.0011,0.0016,13.8103
035,exp_2_zmin_50_k_30_i_9_True,2025-07-31 22:58:41,35392.68,464,154.47,0.2844,0.0122,11.0958,0.0034,0.0079,11.407
036,exp_2_zmin_50_k_30_i_9_True,2025-07-31 22:58:41,35319.06,484,73.63,0.3949,0.0161,14.9639,0.0,0.0035,15.3808
037,exp_2_zmin_50_k_30_i_9_True,2025-07-31 22:58:41,35245.51,492,73.55,0.3254,0.0135,12.6686,0.002,0.0017,13.0189
038,exp_2_zmin_50_k_30_i_9_True,2025-07-31 22:58:41,35157.14,500,88.37,0.4556,0.0111,16.6349,0.0,0.0039,17.1162
039,exp_2_zmin_50_k_30_i_9_True,2025-07-31 22:58:41,35132.38,508,24.75,0.3356,0.01,10.4554,0.0,0.0,10.8093
040,exp_2_zmin_50_k_30_i_9_True,2025-07-31 22:58:41,35103.54,521,28.84,0.3292,0.0123,13.3964,0.0,0.0052,13.753
041,exp_2_zmin_50_k_30_i_9_True,2025-07-31 22:58:41,35033.06,532,70.48,0.3164,0.01,15.6316,0.0017,0.002,15.97
042,exp_2_zmin_50_k_30_i_9_True,2025-07-31 22:58:41,34997.19,544,35.87,0.3312,0.0092,10.3929,0.001,0.0014,10.7497
043,exp_2_zmin_50_k_30_i_9_True,2025-07-31 22:58:41,34960.68,550,36.51,0.3135,0.0106,14.5216,0.0054,0.0,14.8599
044,exp_2_zmin_50_k_30_i_9_True,2025-07-31 22:58:41,34942.1,556,18.58,0.3549,0.0118,12.4782,0.0,0.0111,12.8627
045,exp_2_zmin_50_k_30_i_9_True,2025-07-31 22:58:41,34919.34,566,22.77,0.3147,0.0084,17.6634,0.0011,0.0011,18.0011
046,exp_2_zmin_50_k_30_i_9_True,2025-07-31 22:58:41,34901.22,573,18.12,0.3479,0.0031,10.4021,0.001,0.0008,10.7678
047,exp_2_zmin_50_k_30_i_9_True,2025-07-31 22:58:41,34897.6,581,3.62,0.3275,0.0082,18.0551,0.0,0.007,18.4087
048,exp_2_zmin_50_k_30_i_9_True,2025-07-31 22:58:41,34894.48,587,3.12,0.3425,0.0062,20.6576,0.001,0.0013,21.0218
049,exp_2_zmin_50_k_30_i_9_True,2025-07-31 22:58:41,34892.85,591,1.63,0.3914,0.0055,15.5788,0.0,0.0,15.9915
050,exp_2_zmin_50_k_30_i_9_True,2025-07-31 22:58:41,34890.97,595,1.88,0.3447,0.0067,15.6442,0.0,0.0,16.0161
051,exp_2_zmin_50_k_30_i_9_True,2025-07-31 22:58:41,34890.68,597,0.28,0.3395,0.0079,17.1406,0.0,0.0,17.5118
001,exp_3_zmin_50_k_30_i_9_True,2025-07-31 23:10:41,49324.98,63,0.0,0.084,0.0061,9.5579,0.0,0.011,9.6613
002,exp_3_zmin_50_k_30_i_9_True,2025-07-31 23:10:41,48536.43,74,788.54,0.0994,0.0049,8.9411,0.0,0.0033,9.0504
003,exp_3_zmin_50_k_30_i_9_True,2025-07-31 23:10:41,48361.33,91,175.1,0.1,0.0075,19.3917,0.0,0.0046,19.5083
004,exp_3_zmin_50_k_30_i_9_True,2025-07-31 23:10:41,48053.17,103,308.16,0.098,0.0104,11.1943,0.001,0.0017,11.3086
005,exp_3_zmin_50_k_30_i_9_True,2025-07-31 23:10:41,47776.69,111,276.48,0.0966,0.0134,8.0977,0.0016,0.001,8.2123
006,exp_3_zmin_50_k_30_i_9_True,2025-07-31 23:10:41,47776.69,127,0.0,0.1551,0.0106,7.7878,0.0,0.01,7.9676
007,exp_3_zmin_50_k_30_i_9_True,2025-07-31 23:10:41,47732.91,135,43.78,0.1197,0.0094,6.3533,0.0,0.0,6.4873
008,exp_3_zmin_50_k_30_i_9_True,2025-07-31 23:10:41,47732.91,151,0.0,0.1153,0.0082,16.3453,0.0,0.0036,16.4831
009,exp_3_zmin_50_k_30_i_9_True,2025-07-31 23:10:41,47732.91,156,0.0,0.132,0.0088,8.9392,0.0,0.0,9.0843
010,exp_3_zmin_50_k_30_i_9_True,2025-07-31 23:10:41,47732.91,161,0.0,0.1609,0.0094,5.8747,0.0159,0.0,6.0653
011,exp_3_zmin_50_k_30_i_9_True,2025-07-31 23:10:41,47732.91,170,0.0,0.1353,0.0118,10.4354,0.0,0.0124,10.5965
012,exp_3_zmin_50_k_30_i_9_True,2025-07-31 23:10:41,47732.91,178,0.0,0.1357,0.0095,9.0977,0.0,0.0039,9.2489
013,exp_3_zmin_50_k_30_i_9_True,2025-07-31 23:10:41,47732.91,185,0.0,0.1743,0.0119,9.7565,0.0091,0.0011,9.9539
014,exp_3_zmin_50_k_30_i_9_True,2025-07-31 23:10:41,47732.91,194,0.0,0.1581,0.0084,15.7646,0.0,0.008,15.9438
015,exp_3_zmin_50_k_30_i_9_True,2025-07-31 23:10:41,45358.33,200,2374.58,0.1505,0.0129,11.5954,0.0,0.0,11.7683
016,exp_3_zmin_50_k_30_i_9_True,2025-07-31 23:10:41,44903.17,217,455.16,0.1553,0.0086,21.555,0.0,0.0126,21.7435
017,exp_3_zmin_50_k_30_i_9_True,2025-07-31 23:10:41,44025.32,227,877.85,0.1613,0.0096,9.1108,0.0,0.008,9.2954
018,exp_3_zmin_50_k_30_i_9_True,2025-07-31 23:10:41,43238.36,238,786.96,0.1628,0.0125,17.3914,0.0157,0.0017,17.5881
019,exp_3_zmin_50_k_30_i_9_True,2025-07-31 23:10:41,42480.7,246,757.65,0.1631,0.0121,19.2102,0.0,0.0151,19.4015
020,exp_3_zmin_50_k_30_i_9_True,2025-07-31 23:10:41,41787.88,262,692.82,0.1714,0.0087,18.5805,0.0,0.0021,18.7839
021,exp_3_zmin_50_k_30_i_9_True,2025-07-31 23:10:41,40981.39,273,806.49,0.1929,0.0085,19.7751,0.0,0.0047,19.988
022,exp_3_zmin_50_k_30_i_9_True,2025-07-31 23:10:41,40380.97,283,600.42,0.217,0.0094,18.419,0.0,0.0038,18.6541
023,exp_3_zmin_50_k_30_i_9_True,2025-07-31 23:10:41,39681.43,299,699.54,0.1925,0.0125,27.5491,0.0,0.0167,27.7722
024,exp_3_zmin_50_k_30_i_9_True,2025-07-31 23:10:41,38792.15,312,889.28,0.1981,0.0081,10.5131,0.0,0.0048,10.7322
025,exp_3_zmin_50_k_30_i_9_True,2025-07-31 23:10:41,38440.09,331,352.06,0.2022,0.0086,17.0369,0.0,0.0114,17.2655
026,exp_3_zmin_50_k_30_i_9_True,2025-07-31 23:10:41,37925.16,345,514.93,0.2178,0.0083,11.365,0.0,0.0019,11.6013
027,exp_3_zmin_50_k_30_i_9_True,2025-07-31 23:10:41,37597.21,354,327.95,0.2194,0.0115,7.8033,0.0,0.0024,8.041
028,exp_3_zmin_50_k_30_i_9_True,2025-07-31 23:10:41,37206.54,365,390.67,0.2376,0.0081,16.9472,0.0,0.0102,17.2118
029,exp_3_zmin_50_k_30_i_9_True,2025-07-31 23:10:41,36987.66,380,218.88,0.2292,0.0092,13.7144,0.0,0.0074,13.9675
030,exp_3_zmin_50_k_30_i_9_True,2025-07-31 23:10:41,36665.88,387,321.78,0.2701,0.0091,14.0032,0.0,0.0,14.29
031,exp_3_zmin_50_k_30_i_9_True,2025-07-31 23:10:41,36231.37,404,434.51,0.2643,0.009,17.0461,0.0,0.0087,17.3507
032,exp_3_zmin_50_k_30_i_9_True,2025-07-31 23:10:41,36008.78,419,222.59,0.2538,0.0404,15.6383,0.0,0.0055,15.9447
033,exp_3_zmin_50_k_30_i_9_True,2025-07-31 23:10:41,35702.97,431,305.81,0.2586,0.0084,14.7952,0.0,0.0,15.0698
034,exp_3_zmin_50_k_30_i_9_True,2025-07-31 23:10:41,35547.16,449,155.81,0.3237,0.0086,13.8471,0.0,0.0114,14.2047
035,exp_3_zmin_50_k_30_i_9_True,2025-07-31 23:10:41,35392.68,464,154.47,0.2701,0.0075,10.9995,0.0,0.0091,11.2958
036,exp_3_zmin_50_k_30_i_9_True,2025-07-31 23:10:41,35319.06,484,73.63,0.3126,0.0101,14.0353,0.0,0.0,14.3651
037,exp_3_zmin_50_k_30_i_9_True,2025-07-31 23:10:41,35245.51,492,73.55,0.3165,0.0106,12.4662,0.0,0.0092,12.8318
038,exp_3_zmin_50_k_30_i_9_True,2025-07-31 23:10:41,35157.14,500,88.37,0.2981,0.0084,14.7142,0.0,0.0081,15.0365
039,exp_3_zmin_50_k_30_i_9_True,2025-07-31 23:10:41,35132.38,508,24.75,0.2977,0.0097,10.5735,0.0,0.0163,10.9051
040,exp_3_zmin_50_k_30_i_9_True,2025-07-31 23:10:41,35103.54,521,28.84,0.3031,0.0088,13.3706,0.0,0.0084,13.7047
041,exp_3_zmin_50_k_30_i_9_True,2025-07-31 23:10:41,35033.06,532,70.48,0.3587,0.0139,15.4853,0.0,0.0029,15.8732
042,exp_3_zmin_50_k_30_i_9_True,2025-07-31 23:10:41,34997.19,544,35.87,0.3694,0.0128,10.2719,0.0,0.0084,10.6701
043,exp_3_zmin_50_k_30_i_9_True,2025-07-31 23:10:41,34960.68,550,36.51,0.3314,0.0087,14.5451,0.0,0.015,14.91
044,exp_3_zmin_50_k_30_i_9_True,2025-07-31 23:10:41,34942.1,556,18.58,0.3238,0.0033,12.2997,0.0,0.0,12.634
045,exp_3_zmin_50_k_30_i_9_True,2025-07-31 23:10:41,34919.34,566,22.77,0.3236,0.0032,17.501,0.0,0.0041,17.8551
046,exp_3_zmin_50_k_30_i_9_True,2025-07-31 23:10:41,34901.22,573,18.12,0.3779,0.0083,10.3839,0.002,0.002,10.7841
047,exp_3_zmin_50_k_30_i_9_True,2025-07-31 23:10:41,34897.6,581,3.62,0.3356,0.0069,17.8756,0.0,0.0026,18.2359
048,exp_3_zmin_50_k_30_i_9_True,2025-07-31 23:10:41,34894.48,587,3.12,0.3923,0.0095,20.4691,0.0012,0.0011,20.8808
049,exp_3_zmin_50_k_30_i_9_True,2025-07-31 23:10:41,34892.85,591,1.63,0.3551,0.0037,15.4683,0.0,0.0071,15.8431
050,exp_3_zmin_50_k_30_i_9_True,2025-07-31 23:10:41,34890.97,595,1.88,0.3531,0.0085,15.6959,0.0,0.0,16.0689
051,exp_3_zmin_50_k_30_i_9_True,2025-07-31 23:10:41,34890.68,597,0.28,0.3541,0.0039,17.4636,0.0,0.0,17.844
001,exp_4_zmin_50_k_30_i_9_False,2025-07-31 23:21:55,49324.98,63,0.0,0.069,0.0142,8.7347,0.0,0.0106,8.8295
002,exp_4_zmin_50_k_30_i_9_False,2025-07-31 23:21:55,48536.43,74,788.54,0.0827,0.0079,8.8236,0.0,0.0,8.9168
003,exp_4_zmin_50_k_30_i_9_False,2025-07-31 23:21:55,48361.33,91,175.1,0.0903,0.0107,18.7122,0.0,0.0,18.8264
004,exp_4_zmin_50_k_30_i_9_False,2025-07-31 23:21:55,48053.17,103,308.16,0.1509,0.0108,10.464,0.0,0.004,10.6331
005,exp_4_zmin_50_k_30_i_9_False,2025-07-31 23:21:55,47776.69,111,276.48,0.0994,0.0093,7.5531,0.001,0.0005,7.6662
006,exp_4_zmin_50_k_30_i_9_False,2025-07-31 23:21:55,47776.69,127,0.0,0.1067,0.0081,6.8483,0.0016,0.002,6.9707
007,exp_4_zmin_50_k_30_i_9_False,2025-07-31 23:21:55,47732.91,135,43.78,0.115,0.0092,5.4393,0.0,0.0045,5.5761
008,exp_4_zmin_50_k_30_i_9_False,2025-07-31 23:21:55,47732.91,151,0.0,0.113,0.0045,14.7545,0.0,0.0127,14.8899
009,exp_4_zmin_50_k_30_i_9_False,2025-07-31 23:21:55,47732.91,156,0.0,0.1206,0.0082,8.2324,0.0,0.0,8.365
010,exp_4_zmin_50_k_30_i_9_False,2025-07-31 23:21:55,47732.91,161,0.0,0.1816,0.012,5.641,0.0011,0.0005,5.8413
011,exp_4_zmin_50_k_30_i_9_False,2025-07-31 23:21:55,47732.91,170,0.0,0.1435,0.0093,9.7251,0.0,0.0051,9.8867
012,exp_4_zmin_50_k_30_i_9_False,2025-07-31 23:21:55,47732.91,178,0.0,0.1634,0.0137,8.3684,0.0,0.0,8.5454
013,exp_4_zmin_50_k_30_i_9_False,2025-07-31 23:21:55,47732.91,185,0.0,0.1386,0.0106,9.0283,0.0,0.0137,9.203
014,exp_4_zmin_50_k_30_i_9_False,2025-07-31 23:21:55,47732.91,194,0.0,0.1402,0.011,14.4237,0.0,0.0,14.5775
015,exp_4_zmin_50_k_30_i_9_False,2025-07-31 23:21:55,45358.33,200,2374.58,0.1478,0.0093,9.7747,0.0,0.0121,9.9523
016,exp_4_zmin_50_k_30_i_9_False,2025-07-31 23:21:55,44903.17,217,455.16,0.153,0.0086,20.0424,0.0,0.0089,20.2149
017,exp_4_zmin_50_k_30_i_9_False,2025-07-31 23:21:55,44025.32,227,877.85,0.1574,0.0104,8.3672,0.0,0.0069,8.5455
018,exp_4_zmin_50_k_30_i_9_False,2025-07-31 23:21:55,43238.36,238,786.96,0.1614,0.0091,16.233,0.0,0.0,16.4067
019,exp_4_zmin_50_k_30_i_9_False,2025-07-31 23:21:55,42480.7,246,757.65,0.2346,0.0092,18.1667,0.0,0.0099,18.4279
020,exp_4_zmin_50_k_30_i_9_False,2025-07-31 23:21:55,41787.88,262,692.82,0.1828,0.0161,17.3118,0.0,0.0062,17.5479
021,exp_4_zmin_50_k_30_i_9_False,2025-07-31 23:21:55,40981.39,273,806.49,0.1792,0.0122,18.6514,0.0,0.0103,18.8567
022,exp_4_zmin_50_k_30_i_9_False,2025-07-31 23:21:55,40380.97,283,600.42,0.2508,0.0079,17.2715,0.0,0.0087,17.5447
023,exp_4_zmin_50_k_30_i_9_False,2025-07-31 23:21:55,39681.43,299,699.54,0.1876,0.0086,25.9989,0.0,0.0122,26.2138
024,exp_4_zmin_50_k_30_i_9_False,2025-07-31 23:21:55,38792.15,312,889.28,0.231,0.0129,9.5936,0.0157,0.0014,9.8562
025,exp_4_zmin_50_k_30_i_9_False,2025-07-31 23:21:55,38440.09,331,352.06,0.2169,0.0187,16.5104,0.0,0.0046,16.7668
026,exp_4_zmin_50_k_30_i_9_False,2025-07-31 23:21:55,37925.16,345,514.93,0.2417,0.0101,10.9116,0.0,0.0052,11.1774
027,exp_4_zmin_50_k_30_i_9_False,2025-07-31 23:21:55,37597.21,354,327.95,0.3087,0.0062,7.171,0.0011,0.001,7.4938
028,exp_4_zmin_50_k_30_i_9_False,2025-07-31 23:21:55,37206.54,365,390.67,0.2346,0.0135,15.7393,0.0,0.0158,16.0047
029,exp_4_zmin_50_k_30_i_9_False,2025-07-31 23:21:55,36987.66,380,218.88,0.2554,0.0109,12.4959,0.0,0.0154,12.7821
030,exp_4_zmin_50_k_30_i_9_False,2025-07-31 23:21:55,36665.88,387,321.78,0.2745,0.0091,13.4375,0.016,0.0,13.7457
031,exp_4_zmin_50_k_30_i_9_False,2025-07-31 23:21:55,36231.37,404,434.51,0.2618,0.01,16.2069,0.0,0.0082,16.492
032,exp_4_zmin_50_k_30_i_9_False,2025-07-31 23:21:55,36008.78,419,222.59,0.2994,0.0077,14.6004,0.0017,0.0011,14.9184
033,exp_4_zmin_50_k_30_i_9_False,2025-07-31 23:21:55,35702.97,431,305.81,0.274,0.0078,12.3286,0.0,0.0074,12.6267
034,exp_4_zmin_50_k_30_i_9_False,2025-07-31 23:21:55,35547.16,449,155.81,0.2668,0.0083,12.4026,0.0,0.0062,12.6894
035,exp_4_zmin_50_k_30_i_9_False,2025-07-31 23:21:55,35392.68,464,154.47,0.3113,0.0073,10.6906,0.0,0.0,11.018
036,exp_4_zmin_50_k_30_i_9_False,2025-07-31 23:21:55,35319.06,484,73.63,3.5744,0.0079,13.1302,0.0,0.015,16.7435
037,exp_4_zmin_50_k_30_i_9_False,2025-07-31 23:21:55,35245.51,492,73.55,0.3651,0.0104,11.6853,0.0,0.0045,12.0747
038,exp_4_zmin_50_k_30_i_9_False,2025-07-31 23:21:55,35157.14,500,88.37,0.3411,0.0046,13.8318,0.0,0.0,14.1858
039,exp_4_zmin_50_k_30_i_9_False,2025-07-31 23:21:55,35132.38,508,24.75,0.3003,0.0143,9.5493,0.0,0.0027,9.8846
040,exp_4_zmin_50_k_30_i_9_False,2025-07-31 23:21:55,35103.54,521,28.84,0.308,0.0135,12.3849,0.0,0.0103,12.7189
041,exp_4_zmin_50_k_30_i_9_False,2025-07-31 23:21:55,35033.06,532,70.48,0.3254,0.0112,14.3994,0.0,0.0028,14.7496
042,exp_4_zmin_50_k_30_i_9_False,2025-07-31 23:21:55,34997.19,544,35.87,0.3461,0.0083,9.4919,0.0,0.0132,9.8685
043,exp_4_zmin_50_k_30_i_9_False,2025-07-31 23:21:55,34960.68,550,36.51,0.3111,0.0147,14.1113,0.0,0.0,14.44
044,exp_4_zmin_50_k_30_i_9_False,2025-07-31 23:21:55,34942.1,556,18.58,0.3478,0.0093,11.7735,0.0,0.0,12.1389
045,exp_4_zmin_50_k_30_i_9_False,2025-07-31 23:21:55,34919.34,566,22.77,0.3534,0.0104,16.369,0.0,0.0,16.7501
046,exp_4_zmin_50_k_30_i_9_False,2025-07-31 23:21:55,34901.22,573,18.12,0.3395,0.0104,9.7158,0.0,0.0057,10.076
047,exp_4_zmin_50_k_30_i_9_False,2025-07-31 23:21:55,34897.6,581,3.62,0.3822,0.0091,16.7469,0.0,0.0157,17.166
048,exp_4_zmin_50_k_30_i_9_False,2025-07-31 23:21:55,34894.48,587,3.12,0.4055,0.0079,19.1285,0.0049,0.0009,19.5629
049,exp_4_zmin_50_k_30_i_9_False,2025-07-31 23:21:55,34892.85,591,1.63,0.3359,0.0082,14.3847,0.0,0.0,14.741
050,exp_4_zmin_50_k_30_i_9_False,2025-07-31 23:21:55,34890.97,595,1.88,0.3317,0.0074,14.6563,0.0,0.0,15.0193
051,exp_4_zmin_50_k_30_i_9_False,2025-07-31 23:21:55,34890.68,597,0.28,0.3442,0.0022,16.0135,0.0159,0.0,16.3951
001,exp_5_zmin_50_k_30_i_9_False,2025-07-31 23:33:08,49324.98,63,0.0,0.0723,0.0112,9.1519,0.0,0.0052,9.2432
002,exp_5_zmin_50_k_30_i_9_False,2025-07-31 23:33:08,48536.43,74,788.54,0.0818,0.0085,8.3983,0.0,0.0055,8.4976
003,exp_5_zmin_50_k_30_i_9_False,2025-07-31 23:33:08,48361.33,91,175.1,0.0907,0.0092,18.0199,0.0036,0.0021,18.1268
004,exp_5_zmin_50_k_30_i_9_False,2025-07-31 23:33:08,48053.17,103,308.16,0.0905,0.0084,10.3833,0.0,0.0,10.4852
005,exp_5_zmin_50_k_30_i_9_False,2025-07-31 23:33:08,47776.69,111,276.48,0.1052,0.0088,7.5673,0.0,0.0,7.6833
006,exp_5_zmin_50_k_30_i_9_False,2025-07-31 23:33:08,47776.69,127,0.0,0.1013,0.0045,6.8699,0.0,0.0049,6.9933
007,exp_5_zmin_50_k_30_i_9_False,2025-07-31 23:33:08,47732.91,135,43.78,0.1116,0.0089,5.2568,0.0161,0.0016,5.3961
008,exp_5_zmin_50_k_30_i_9_False,2025-07-31 23:33:08,47732.91,151,0.0,0.1143,0.0092,14.7483,0.0,0.0026,14.8929
009,exp_5_zmin_50_k_30_i_9_False,2025-07-31 23:33:08,47732.91,156,0.0,0.1277,0.0104,7.9267,0.0102,0.0,8.0766
010,exp_5_zmin_50_k_30_i_9_False,2025-07-31 23:33:08,47732.91,161,0.0,0.1284,0.0092,5.6518,0.0,0.0,5.793
011,exp_5_zmin_50_k_30_i_9_False,2025-07-31 23:33:08,47732.91,170,0.0,0.1275,0.0387,9.7106,0.0,0.0085,9.9005
012,exp_5_zmin_50_k_30_i_9_False,2025-07-31 23:33:08,47732.91,178,0.0,0.1312,0.0136,8.6311,0.0,0.0037,8.7805
013,exp_5_zmin_50_k_30_i_9_False,2025-07-31 23:33:08,47732.91,185,0.0,0.1472,0.0083,9.1028,0.0,0.0093,9.2715
014,exp_5_zmin_50_k_30_i_9_False,2025-07-31 23:33:08,47732.91,194,0.0,0.1377,0.0126,14.265,0.0,0.0148,14.43
015,exp_5_zmin_50_k_30_i_9_False,2025-07-31 23:33:08,45358.33,200,2374.58,0.1475,0.0096,9.6986,0.0,0.0102,9.8704
016,exp_5_zmin_50_k_30_i_9_False,2025-07-31 23:33:08,44903.17,217,455.16,0.1466,0.0023,20.0394,0.0,0.0151,20.2073
017,exp_5_zmin_50_k_30_i_9_False,2025-07-31 23:33:08,44025.32,227,877.85,0.1878,0.0144,8.5715,0.0,0.0154,8.79
018,exp_5_zmin_50_k_30_i_9_False,2025-07-31 23:33:08,43238.36,238,786.96,0.2056,0.0197,16.1358,0.0,0.005,16.3745
019,exp_5_zmin_50_k_30_i_9_False,2025-07-31 23:33:08,42480.7,246,757.65,0.1686,0.0078,18.8346,0.0,0.0,19.018
020,exp_5_zmin_50_k_30_i_9_False,2025-07-31 23:33:08,41787.88,262,692.82,0.1829,0.0084,17.6823,0.0,0.0,17.8963
021,exp_5_zmin_50_k_30_i_9_False,2025-07-31 23:33:08,40981.39,273,806.49,0.182,0.009,18.6076,0.0,0.0124,18.8198
022,exp_5_zmin_50_k_30_i_9_False,2025-07-31 23:33:08,40380.97,283,600.42,0.1843,0.009,17.2309,0.0,0.0067,17.4389
023,exp_5_zmin_50_k_30_i_9_False,2025-07-31 23:33:08,39681.43,299,699.54,0.2215,0.0099,25.9965,0.0,0.0078,26.2402
024,exp_5_zmin_50_k_30_i_9_False,2025-07-31 23:33:08,38792.15,312,889.28,0.2045,0.0083,9.7594,0.0,0.0146,9.9938
025,exp_5_zmin_50_k_30_i_9_False,2025-07-31 23:33:08,38440.09,331,352.06,0.2039,0.014,15.9868,0.0,0.0076,16.2151
026,exp_5_zmin_50_k_30_i_9_False,2025-07-31 23:33:08,37925.16,345,514.93,0.2437,0.0072,11.0998,0.0,0.0,11.3564
027,exp_5_zmin_50_k_30_i_9_False,2025-07-31 23:33:08,37597.21,354,327.95,0.2322,0.0089,7.2844,0.0,0.0,7.5414
028,exp_5_zmin_50_k_30_i_9_False,2025-07-31 23:33:08,37206.54,365,390.67,0.2404,0.0101,16.4986,0.0,0.0,16.7567
029,exp_5_zmin_50_k_30_i_9_False,2025-07-31 23:33:08,36987.66,380,218.88,0.274,0.0039,12.764,0.0,0.0034,13.0519
030,exp_5_zmin_50_k_30_i_9_False,2025-07-31 23:33:08,36665.88,387,321.78,0.2437,0.0064,13.2767,0.0,0.0032,13.5378
031,exp_5_zmin_50_k_30_i_9_False,2025-07-31 23:33:08,36231.37,404,434.51,0.2418,0.0079,15.8651,0.0,0.0024,16.1274
032,exp_5_zmin_50_k_30_i_9_False,2025-07-31 23:33:08,36008.78,419,222.59,0.254,0.0086,15.2697,0.0,0.0,15.5411
033,exp_5_zmin_50_k_30_i_9_False,2025-07-31 23:33:08,35702.97,431,305.81,0.2719,0.0113,12.6919,0.0,0.0061,13.0007
034,exp_5_zmin_50_k_30_i_9_False,2025-07-31 23:33:08,35547.16,449,155.81,0.2749,0.0085,12.1377,0.0,0.0069,12.4384
035,exp_5_zmin_50_k_30_i_9_False,2025-07-31 23:33:08,35392.68,464,154.47,0.309,0.0112,10.2291,0.0,0.0155,10.5701
036,exp_5_zmin_50_k_30_i_9_False,2025-07-31 23:33:08,35319.06,484,73.63,0.2851,0.0106,12.619,0.0,0.0106,12.9316
037,exp_5_zmin_50_k_30_i_9_False,2025-07-31 23:33:08,35245.51,492,73.55,0.3089,0.0092,11.5876,0.0022,0.0016,11.9199
038,exp_5_zmin_50_k_30_i_9_False,2025-07-31 23:33:08,35157.14,500,88.37,0.3498,0.0098,14.6306,0.002,0.0015,15.0027
039,exp_5_zmin_50_k_30_i_9_False,2025-07-31 23:33:08,35132.38,508,24.75,0.3109,0.01,9.7517,0.0,0.0037,10.0855
040,exp_5_zmin_50_k_30_i_9_False,2025-07-31 23:33:08,35103.54,521,28.84,0.2992,0.01,12.4485,0.0,0.0056,12.7746
041,exp_5_zmin_50_k_30_i_9_False,2025-07-31 23:33:08,35033.06,532,70.48,0.3073,0.0088,14.4121,0.0,0.0097,14.7492
042,exp_5_zmin_50_k_30_i_9_False,2025-07-31 23:33:08,34997.19,544,35.87,0.3172,0.0093,9.5064,0.0,0.0049,9.8446
043,exp_5_zmin_50_k_30_i_9_False,2025-07-31 23:33:08,34960.68,550,36.51,0.3449,0.0114,14.1638,0.0,0.002,14.5285
044,exp_5_zmin_50_k_30_i_9_False,2025-07-31 23:33:08,34942.1,556,18.58,0.3475,0.009,11.7354,0.0157,0.0,12.1162
045,exp_5_zmin_50_k_30_i_9_False,2025-07-31 23:33:08,34919.34,566,22.77,0.3406,0.0091,16.2956,0.0,0.0071,16.662
046,exp_5_zmin_50_k_30_i_9_False,2025-07-31 23:33:08,34901.22,573,18.12,0.3578,0.0084,9.5762,0.0,0.0158,9.9683
047,exp_5_zmin_50_k_30_i_9_False,2025-07-31 23:33:08,34897.6,581,3.62,0.329,0.0089,16.9503,0.0,0.0,17.2987
048,exp_5_zmin_50_k_30_i_9_False,2025-07-31 23:33:08,34894.48,587,3.12,0.3385,0.0057,19.95,0.0034,0.0008,20.3176
049,exp_5_zmin_50_k_30_i_9_False,2025-07-31 23:33:08,34892.85,591,1.63,0.399,0.0084,14.5951,0.0,0.0,15.0129
050,exp_5_zmin_50_k_30_i_9_False,2025-07-31 23:33:08,34890.97,595,1.88,0.3612,0.0081,14.9829,0.0011,0.0005,15.3637
051,exp_5_zmin_50_k_30_i_9_False,2025-07-31 23:33:08,34890.68,597,0.28,0.3976,0.0027,15.7799,0.0011,0.0005,16.1987
001,exp_6_zmin_50_k_30_i_9_False,2025-07-31 23:44:21,49324.98,63,0.0,0.0751,0.0075,8.7378,0.0,0.0152,8.8391
002,exp_6_zmin_50_k_30_i_9_False,2025-07-31 23:44:21,48536.43,74,788.54,0.0822,0.0043,8.4625,0.0,0.0157,8.5676
003,exp_6_zmin_50_k_30_i_9_False,2025-07-31 23:44:21,48361.33,91,175.1,0.0907,0.0028,18.6232,0.0,0.0042,18.723
004,exp_6_zmin_50_k_30_i_9_False,2025-07-31 23:44:21,48053.17,103,308.16,0.1216,0.0224,10.7069,0.0,0.0,10.862
005,exp_6_zmin_50_k_30_i_9_False,2025-07-31 23:44:21,47776.69,111,276.48,0.1005,0.0088,7.43,0.0,0.0,7.558
006,exp_6_zmin_50_k_30_i_9_False,2025-07-31 23:44:21,47776.69,127,0.0,0.1019,0.0086,6.9129,0.0,0.0074,7.0457
007,exp_6_zmin_50_k_30_i_9_False,2025-07-31 23:44:21,47732.91,135,43.78,0.1132,0.0091,5.2274,0.0,0.0078,5.3609
008,exp_6_zmin_50_k_30_i_9_False,2025-07-31 23:44:21,47732.91,151,0.0,0.1628,0.0091,14.7075,0.0,0.0036,14.8866
009,exp_6_zmin_50_k_30_i_9_False,2025-07-31 23:44:21,47732.91,156,0.0,0.1737,0.0127,8.1492,0.0,0.002,8.3387
010,exp_6_zmin_50_k_30_i_9_False,2025-07-31 23:44:21,47732.91,161,0.0,0.1537,0.0124,5.7863,0.0,0.0,5.9564
011,exp_6_zmin_50_k_30_i_9_False,2025-07-31 23:44:21,47732.91,170,0.0,0.1893,0.0091,10.0177,0.0,0.0,10.2207
012,exp_6_zmin_50_k_30_i_9_False,2025-07-31 23:44:21,47732.91,178,0.0,0.1363,0.0085,8.3355,0.0,0.0,8.4934
013,exp_6_zmin_50_k_30_i_9_False,2025-07-31 23:44:21,47732.91,185,0.0,0.1343,0.0085,8.9952,0.0,0.0,9.1525
014,exp_6_zmin_50_k_30_i_9_False,2025-07-31 23:44:21,47732.91,194,0.0,0.1593,0.0087,14.2504,0.0,0.0054,14.4282
015,exp_6_zmin_50_k_30_i_9_False,2025-07-31 23:44:21,45358.33,200,2374.58,0.1396,0.0114,9.7357,0.0011,0.001,9.8912
016,exp_6_zmin_50_k_30_i_9_False,2025-07-31 23:44:21,44903.17,217,455.16,0.1559,0.0087,20.0472,0.0,0.0161,20.2339
017,exp_6_zmin_50_k_30_i_9_False,2025-07-31 23:44:21,44025.32,227,877.85,0.1582,0.0082,8.4177,0.0,0.0132,8.6021
018,exp_6_zmin_50_k_30_i_9_False,2025-07-31 23:44:21,43238.36,238,786.96,0.1674,0.0082,16.2618,0.0,0.0088,16.45
019,exp_6_zmin_50_k_30_i_9_False,2025-07-31 23:44:21,42480.7,246,757.65,0.1673,0.0094,18.5308,0.0,0.0,18.7135
020,exp_6_zmin_50_k_30_i_9_False,2025-07-31 23:44:21,41787.88,262,692.82,0.2027,0.0093,18.2517,0.0158,0.0029,18.4879
021,exp_6_zmin_50_k_30_i_9_False,2025-07-31 23:44:21,40981.39,273,806.49,0.1783,0.0139,18.5862,0.0,0.0059,18.7857
022,exp_6_zmin_50_k_30_i_9_False,2025-07-31 23:44:21,40380.97,283,600.42,0.1777,0.0093,17.1608,0.002,0.0,17.3546
023,exp_6_zmin_50_k_30_i_9_False,2025-07-31 23:44:21,39681.43,299,699.54,0.1902,0.0083,25.9198,0.0,0.008,26.1343
024,exp_6_zmin_50_k_30_i_9_False,2025-07-31 23:44:21,38792.15,312,889.28,0.1983,0.0079,9.6349,0.0,0.0083,9.8541
025,exp_6_zmin_50_k_30_i_9_False,2025-07-31 23:44:21,38440.09,331,352.06,0.1966,0.0126,16.641,0.0,0.004,16.8571
026,exp_6_zmin_50_k_30_i_9_False,2025-07-31 23:44:21,37925.16,345,514.93,0.2169,0.0123,10.5393,0.0,0.0074,10.7778
027,exp_6_zmin_50_k_30_i_9_False,2025-07-31 23:44:21,37597.21,354,327.95,0.2262,0.0108,7.1955,0.0,0.0,7.4364
028,exp_6_zmin_50_k_30_i_9_False,2025-07-31 23:44:21,37206.54,365,390.67,0.2306,0.009,15.9654,0.0,0.0086,16.2321
029,exp_6_zmin_50_k_30_i_9_False,2025-07-31 23:44:21,36987.66,380,218.88,0.24,0.0088,12.6092,0.0,0.0148,12.879
030,exp_6_zmin_50_k_30_i_9_False,2025-07-31 23:44:21,36665.88,387,321.78,0.2484,0.0103,13.2105,0.0,0.0,13.4737
031,exp_6_zmin_50_k_30_i_9_False,2025-07-31 23:44:21,36231.37,404,434.51,0.3032,0.0081,15.9136,0.0,0.0,16.2323
032,exp_6_zmin_50_k_30_i_9_False,2025-07-31 23:44:21,36008.78,419,222.59,0.2675,0.0044,14.5788,0.0158,0.0022,14.8794
033,exp_6_zmin_50_k_30_i_9_False,2025-07-31 23:44:21,35702.97,431,305.81,0.2546,0.0093,12.2376,0.0,0.0088,12.5199
034,exp_6_zmin_50_k_30_i_9_False,2025-07-31 23:44:21,35547.16,449,155.81,0.2711,0.0091,12.7423,0.0,0.0085,13.0397
035,exp_6_zmin_50_k_30_i_9_False,2025-07-31 23:44:21,35392.68,464,154.47,0.2847,0.0039,10.4002,0.0,0.0,10.7019
036,exp_6_zmin_50_k_30_i_9_False,2025-07-31 23:44:21,35319.06,484,73.63,0.294,0.0096,12.6085,0.0,0.0047,12.9252
037,exp_6_zmin_50_k_30_i_9_False,2025-07-31 23:44:21,35245.51,492,73.55,0.2981,0.0099,11.4578,0.0,0.0042,11.7814
038,exp_6_zmin_50_k_30_i_9_False,2025-07-31 23:44:21,35157.14,500,88.37,0.2955,0.0082,13.711,0.0,0.0054,14.03
039,exp_6_zmin_50_k_30_i_9_False,2025-07-31 23:44:21,35132.38,508,24.75,0.3245,0.0091,10.2449,0.0011,0.001,10.5899
040,exp_6_zmin_50_k_30_i_9_False,2025-07-31 23:44:21,35103.54,521,28.84,0.3362,0.0081,14.4084,0.0016,0.0016,14.7656
041,exp_6_zmin_50_k_30_i_9_False,2025-07-31 23:44:21,35033.06,532,70.48,0.345,0.008,14.6383,0.0,0.0071,15.0084
042,exp_6_zmin_50_k_30_i_9_False,2025-07-31 23:44:21,34997.19,544,35.87,0.3363,0.0243,9.338,0.0,0.0,9.7337
043,exp_6_zmin_50_k_30_i_9_False,2025-07-31 23:44:21,34960.68,550,36.51,0.326,0.0092,13.3286,0.0,0.0163,13.6943
044,exp_6_zmin_50_k_30_i_9_False,2025-07-31 23:44:21,34942.1,556,18.58,0.3176,0.0082,11.1849,0.0,0.0132,11.5319
045,exp_6_zmin_50_k_30_i_9_False,2025-07-31 23:44:21,34919.34,566,22.77,0.315,0.0081,16.2007,0.0,0.0072,16.5392
046,exp_6_zmin_50_k_30_i_9_False,2025-07-31 23:44:21,34901.22,573,18.12,0.323,0.0082,9.6123,0.0,0.0,9.9515
047,exp_6_zmin_50_k_30_i_9_False,2025-07-31 23:44:21,34897.6,581,3.62,0.3396,0.0082,16.691,0.0,0.0,17.0479
048,exp_6_zmin_50_k_30_i_9_False,2025-07-31 23:44:21,34894.48,587,3.12,0.3318,0.008,19.8505,0.0,0.0158,20.2207
049,exp_6_zmin_50_k_30_i_9_False,2025-07-31 23:44:21,34892.85,591,1.63,0.354,0.0082,14.7402,0.0,0.0,15.1115
050,exp_6_zmin_50_k_30_i_9_False,2025-07-31 23:44:21,34890.97,595,1.88,0.3624,0.0092,14.8317,0.0,0.0,15.2113
051,exp_6_zmin_50_k_30_i_9_False,2025-07-31 23:44:21,34890.68,597,0.28,0.3585,0.0102,15.7568,0.0,0.0,16.1347
001,exp_7_zmin_50_k_100_i_9_True,2025-07-31 23:56:13,49324.98,63,0.0,0.0687,0.0081,9.1585,0.0,0.0,9.2373
002,exp_7_zmin_50_k_100_i_9_True,2025-07-31 23:56:13,48536.43,74,788.54,0.0854,0.0082,8.7819,0.0,0.0,8.8775
003,exp_7_zmin_50_k_100_i_9_True,2025-07-31 23:56:13,48361.33,91,175.1,0.0883,0.0096,18.9989,0.0,0.0103,19.1236
004,exp_7_zmin_50_k_100_i_9_True,2025-07-31 23:56:13,48053.17,103,308.16,0.0962,0.008,11.037,0.0011,0.0011,11.1476
005,exp_7_zmin_50_k_100_i_9_True,2025-07-31 23:56:13,47776.69,111,276.48,0.104,0.0084,7.9631,0.0,0.0075,8.0878
006,exp_7_zmin_50_k_100_i_9_True,2025-07-31 23:56:13,47776.69,127,0.0,0.102,0.0081,7.3441,0.0,0.0144,7.4716
007,exp_7_zmin_50_k_100_i_9_True,2025-07-31 23:56:13,47732.91,135,43.78,0.1086,0.0081,5.7094,0.0,0.0062,5.8363
008,exp_7_zmin_50_k_100_i_9_True,2025-07-31 23:56:13,47732.91,151,0.0,0.1145,0.0081,15.6427,0.0011,0.0016,15.771
009,exp_7_zmin_50_k_100_i_9_True,2025-07-31 23:56:13,47732.91,156,0.0,0.1492,0.009,9.0956,0.0,0.0,9.2577
010,exp_7_zmin_50_k_100_i_9_True,2025-07-31 23:56:13,47732.91,161,0.0,0.1806,0.0127,6.0486,0.0,0.0,6.2538
011,exp_7_zmin_50_k_100_i_9_True,2025-07-31 23:56:13,47732.91,170,0.0,0.1429,0.0325,10.5535,0.0,0.0051,10.7391
012,exp_7_zmin_50_k_100_i_9_True,2025-07-31 23:56:13,47732.91,178,0.0,0.1364,0.008,9.0557,0.0,0.0,9.2034
013,exp_7_zmin_50_k_100_i_9_True,2025-07-31 23:56:13,47732.91,185,0.0,0.1292,0.0081,9.4562,0.0,0.0156,9.6259
014,exp_7_zmin_50_k_100_i_9_True,2025-07-31 23:56:13,47732.91,194,0.0,0.1375,0.0071,15.087,0.0,0.0,15.2357
015,exp_7_zmin_50_k_100_i_9_True,2025-07-31 23:56:13,45358.33,200,2374.58,0.1748,0.009,10.4797,0.0,0.0063,10.6746
016,exp_7_zmin_50_k_100_i_9_True,2025-07-31 23:56:13,44903.17,217,455.16,0.1478,0.0072,21.1828,0.0,0.0052,21.3479
017,exp_7_zmin_50_k_100_i_9_True,2025-07-31 23:56:13,44025.32,227,877.85,0.1515,0.0082,8.8175,0.0,0.0067,8.989
018,exp_7_zmin_50_k_100_i_9_True,2025-07-31 23:56:13,43238.36,238,786.96,0.1512,0.008,17.1745,0.0,0.0114,17.3502
019,exp_7_zmin_50_k_100_i_9_True,2025-07-31 23:56:13,42480.7,246,757.65,0.1601,0.008,19.1805,0.0,0.0101,19.364
020,exp_7_zmin_50_k_100_i_9_True,2025-07-31 23:56:13,41787.88,262,692.82,0.1642,0.0081,19.0528,0.0,0.0077,19.2378
021,exp_7_zmin_50_k_100_i_9_True,2025-07-31 23:56:13,40981.39,273,806.49,0.179,0.0093,19.9303,0.0,0.0133,20.1369
022,exp_7_zmin_50_k_100_i_9_True,2025-07-31 23:56:13,40380.97,283,600.42,0.245,0.0087,18.3197,0.0,0.0105,18.5888
023,exp_7_zmin_50_k_100_i_9_True,2025-07-31 23:56:13,39681.43,299,699.54,0.1886,0.0081,27.2628,0.0159,0.002,27.4827
024,exp_7_zmin_50_k_100_i_9_True,2025-07-31 23:56:13,38792.15,312,889.28,0.1923,0.008,10.2145,0.0011,0.0015,10.4245
025,exp_7_zmin_50_k_100_i_9_True,2025-07-31 23:56:13,38440.09,331,352.06,0.2113,0.008,17.1274,0.0,0.0041,17.3571
026,exp_7_zmin_50_k_100_i_9_True,2025-07-31 23:56:13,37925.16,345,514.93,0.2128,0.0081,11.2772,0.0,0.0054,11.5104
027,exp_7_zmin_50_k_100_i_9_True,2025-07-31 23:56:13,37597.21,354,327.95,0.2662,0.008,7.7307,0.006,0.0026,8.0186
028,exp_7_zmin_50_k_100_i_9_True,2025-07-31 23:56:13,37206.54,365,390.67,0.2551,0.0096,17.5082,0.0,0.0116,17.7901
029,exp_7_zmin_50_k_100_i_9_True,2025-07-31 23:56:13,36987.66,380,218.88,0.2353,0.008,13.5001,0.0,0.0025,13.7687
030,exp_7_zmin_50_k_100_i_9_True,2025-07-31 23:56:13,36665.88,387,321.78,0.2289,0.0082,13.8354,0.0,0.0038,14.0823
031,exp_7_zmin_50_k_100_i_9_True,2025-07-31 23:56:13,36231.37,404,434.51,0.2376,0.0081,17.0502,0.0,0.0,17.3019
032,exp_7_zmin_50_k_100_i_9_True,2025-07-31 23:56:13,36008.78,419,222.59,0.2954,0.0081,15.3948,0.0,0.0104,15.7262
033,exp_7_zmin_50_k_100_i_9_True,2025-07-31 23:56:13,35702.97,431,305.81,0.2655,0.0099,13.1449,0.0,0.0073,13.4383
034,exp_7_zmin_50_k_100_i_9_True,2025-07-31 23:56:13,35547.16,449,155.81,0.2666,0.008,13.1488,0.0,0.0022,13.4472
035,exp_7_zmin_50_k_100_i_9_True,2025-07-31 23:56:13,35392.68,464,154.47,0.274,0.0091,10.9851,0.0,0.015,11.2913
036,exp_7_zmin_50_k_100_i_9_True,2025-07-31 23:56:13,35319.06,484,73.63,0.2781,0.008,13.6166,0.0,0.0138,13.9241
037,exp_7_zmin_50_k_100_i_9_True,2025-07-31 23:56:13,35245.51,492,73.55,0.3019,0.0092,12.7228,0.002,0.0008,13.0439
038,exp_7_zmin_50_k_100_i_9_True,2025-07-31 23:56:13,35157.14,500,88.37,0.3452,0.0091,14.9247,0.0,0.0078,15.2953
039,exp_7_zmin_50_k_100_i_9_True,2025-07-31 23:56:13,35132.38,508,24.75,0.3198,0.0081,10.3432,0.0,0.0,10.6792
040,exp_7_zmin_50_k_100_i_9_True,2025-07-31 23:56:13,35103.54,521,28.84,0.302,0.0092,13.186,0.0,0.006,13.5166
041,exp_7_zmin_50_k_100_i_9_True,2025-07-31 23:56:13,35033.06,532,70.48,0.3174,0.0071,15.2927,0.0,0.0034,15.6298
042,exp_7_zmin_50_k_100_i_9_True,2025-07-31 23:56:13,34997.19,544,35.87,0.3112,0.008,10.1626,0.0159,0.0023,10.5102
043,exp_7_zmin_50_k_100_i_9_True,2025-07-31 23:56:13,34960.68,550,36.51,0.3237,0.007,14.4105,0.0,0.0136,14.764
044,exp_7_zmin_50_k_100_i_9_True,2025-07-31 23:56:13,34942.1,556,18.58,0.3167,0.0082,12.1796,0.0,0.0,12.5124
045,exp_7_zmin_50_k_100_i_9_True,2025-07-31 23:56:13,34919.34,566,22.77,0.3267,0.0085,17.1728,0.0,0.0074,17.5234
046,exp_7_zmin_50_k_100_i_9_True,2025-07-31 23:56:13,34901.22,573,18.12,0.3252,0.0082,12.4328,0.0,0.0108,12.7867
047,exp_7_zmin_50_k_100_i_9_True,2025-07-31 23:56:13,34897.6,581,3.62,0.3374,0.0099,18.1685,0.0,0.0115,18.5407
048,exp_7_zmin_50_k_100_i_9_True,2025-07-31 23:56:13,34894.48,587,3.12,0.3401,0.0103,20.4591,0.0,0.0034,20.8236
049,exp_7_zmin_50_k_100_i_9_True,2025-07-31 23:56:13,34892.85,591,1.63,0.3333,0.0079,15.4637,0.0,0.0,15.8175
050,exp_7_zmin_50_k_100_i_9_True,2025-07-31 23:56:13,34890.97,595,1.88,0.341,0.0075,15.691,0.0,0.0,16.0565
051,exp_7_zmin_50_k_100_i_9_True,2025-07-31 23:56:13,34890.68,597,0.28,0.3391,0.0085,17.0262,0.0,0.0,17.3907
001,exp_8_zmin_50_k_100_i_9_True,2025-08-01 00:08:14,49324.98,63,0.0,0.0705,0.0099,9.3623,0.0,0.0037,9.4474
002,exp_8_zmin_50_k_100_i_9_True,2025-08-01 00:08:14,48536.43,74,788.54,0.0791,0.0121,8.9664,0.0053,0.0,9.0636
003,exp_8_zmin_50_k_100_i_9_True,2025-08-01 00:08:14,48361.33,91,175.1,0.0855,0.0085,19.3102,0.0,0.0164,19.4227
004,exp_8_zmin_50_k_100_i_9_True,2025-08-01 00:08:14,48053.17,103,308.16,0.0933,0.0081,11.1232,0.0,0.0083,11.2358
005,exp_8_zmin_50_k_100_i_9_True,2025-08-01 00:08:14,47776.69,111,276.48,0.1,0.0038,8.1103,0.0,0.0052,8.227
006,exp_8_zmin_50_k_100_i_9_True,2025-08-01 00:08:14,47776.69,127,0.0,0.1331,0.0096,7.622,0.0,0.0,7.7673
007,exp_8_zmin_50_k_100_i_9_True,2025-08-01 00:08:14,47732.91,135,43.78,0.1064,0.0103,5.6725,0.0,0.004,5.8051
008,exp_8_zmin_50_k_100_i_9_True,2025-08-01 00:08:14,47732.91,151,0.0,0.112,0.0138,15.7177,0.0138,0.0,15.8583
009,exp_8_zmin_50_k_100_i_9_True,2025-08-01 00:08:14,47732.91,156,0.0,0.127,0.0092,8.6462,0.0,0.0044,8.7922
010,exp_8_zmin_50_k_100_i_9_True,2025-08-01 00:08:14,47732.91,161,0.0,0.1246,0.0025,6.0532,0.0,0.0,6.1903
011,exp_8_zmin_50_k_100_i_9_True,2025-08-01 00:08:14,47732.91,170,0.0,0.1325,0.0111,10.3879,0.0,0.0121,10.5608
012,exp_8_zmin_50_k_100_i_9_True,2025-08-01 00:08:14,47732.91,178,0.0,0.1401,0.0097,9.0622,0.0,0.0097,9.2249
013,exp_8_zmin_50_k_100_i_9_True,2025-08-01 00:08:14,47732.91,185,0.0,0.1383,0.0046,9.6968,0.0,0.0137,9.854
014,exp_8_zmin_50_k_100_i_9_True,2025-08-01 00:08:14,47732.91,194,0.0,0.1397,0.0124,15.4911,0.0062,0.0013,15.6517
015,exp_8_zmin_50_k_100_i_9_True,2025-08-01 00:08:14,45358.33,200,2374.58,0.151,0.0098,10.7427,0.001,0.0,10.9099
016,exp_8_zmin_50_k_100_i_9_True,2025-08-01 00:08:14,44903.17,217,455.16,0.1485,0.0084,21.4881,0.0,0.0105,21.6587
017,exp_8_zmin_50_k_100_i_9_True,2025-08-01 00:08:14,44025.32,227,877.85,0.1725,0.0099,9.2175,0.0,0.0109,9.4159
018,exp_8_zmin_50_k_100_i_9_True,2025-08-01 00:08:14,43238.36,238,786.96,0.159,0.0174,17.5144,0.0,0.002,17.6944
019,exp_8_zmin_50_k_100_i_9_True,2025-08-01 00:08:14,42480.7,246,757.65,0.191,0.0124,20.1935,0.0,0.0,20.3968
020,exp_8_zmin_50_k_100_i_9_True,2025-08-01 00:08:14,41787.88,262,692.82,0.2235,0.0144,20.1504,0.0,0.016,20.411
021,exp_8_zmin_50_k_100_i_9_True,2025-08-01 00:08:14,40981.39,273,806.49,0.1857,0.0086,20.2425,0.0,0.0161,20.4579
022,exp_8_zmin_50_k_100_i_9_True,2025-08-01 00:08:14,40380.97,283,600.42,0.1862,0.0084,18.5008,0.0,0.0,18.7035
023,exp_8_zmin_50_k_100_i_9_True,2025-08-01 00:08:14,39681.43,299,699.54,0.2037,0.0107,27.4715,0.0,0.0104,27.7047
024,exp_8_zmin_50_k_100_i_9_True,2025-08-01 00:08:14,38792.15,312,889.28,0.1951,0.0094,10.3511,0.0,0.0082,10.5701
025,exp_8_zmin_50_k_100_i_9_True,2025-08-01 00:08:14,38440.09,331,352.06,0.2076,0.0098,17.9066,0.0,0.0087,18.1413
026,exp_8_zmin_50_k_100_i_9_True,2025-08-01 00:08:14,37925.16,345,514.93,0.2494,0.011,11.7181,0.0,0.0142,11.9966
027,exp_8_zmin_50_k_100_i_9_True,2025-08-01 00:08:14,37597.21,354,327.95,0.2209,0.0037,7.8155,0.0,0.0027,8.0488
028,exp_8_zmin_50_k_100_i_9_True,2025-08-01 00:08:14,37206.54,365,390.67,0.2233,0.0091,16.9529,0.0,0.0079,17.2024
029,exp_8_zmin_50_k_100_i_9_True,2025-08-01 00:08:14,36987.66,380,218.88,0.2307,0.0084,13.7398,0.006,0.0027,13.9939
030,exp_8_zmin_50_k_100_i_9_True,2025-08-01 00:08:14,36665.88,387,321.78,0.2463,0.0067,14.2293,0.0,0.0,14.4893
031,exp_8_zmin_50_k_100_i_9_True,2025-08-01 00:08:14,36231.37,404,434.51,0.257,0.0078,17.0752,0.0,0.0085,17.3554
032,exp_8_zmin_50_k_100_i_9_True,2025-08-01 00:08:14,36008.78,419,222.59,0.2493,0.0092,15.6519,0.0,0.0083,15.929
033,exp_8_zmin_50_k_100_i_9_True,2025-08-01 00:08:14,35702.97,431,305.81,0.2548,0.0066,13.1297,0.0,0.0048,13.4026
034,exp_8_zmin_50_k_100_i_9_True,2025-08-01 00:08:14,35547.16,449,155.81,0.2982,0.0089,13.2172,0.0,0.0152,13.5505
035,exp_8_zmin_50_k_100_i_9_True,2025-08-01 00:08:14,35392.68,464,154.47,0.279,0.0024,11.0113,0.0014,0.0014,11.311
036,exp_8_zmin_50_k_100_i_9_True,2025-08-01 00:08:14,35319.06,484,73.63,0.3028,0.009,13.5831,0.0,0.0073,13.9101
037,exp_8_zmin_50_k_100_i_9_True,2025-08-01 00:08:14,35245.51,492,73.55,0.313,0.0058,12.3483,0.0017,0.0023,12.6794
038,exp_8_zmin_50_k_100_i_9_True,2025-08-01 00:08:14,35157.14,500,88.37,0.349,0.005,15.3888,0.0,0.0,15.7521
039,exp_8_zmin_50_k_100_i_9_True,2025-08-01 00:08:14,35132.38,508,24.75,0.3144,0.008,10.7865,0.0005,0.0015,11.1205
040,exp_8_zmin_50_k_100_i_9_True,2025-08-01 00:08:14,35103.54,521,28.84,0.3449,0.0086,13.7394,0.0011,0.0014,14.1059
041,exp_8_zmin_50_k_100_i_9_True,2025-08-01 00:08:14,35033.06,532,70.48,0.3556,0.004,15.8726,0.0011,0.0011,16.2419
042,exp_8_zmin_50_k_100_i_9_True,2025-08-01 00:08:14,34997.19,544,35.87,0.34,0.0126,10.3023,0.0,0.0036,10.6631
043,exp_8_zmin_50_k_100_i_9_True,2025-08-01 00:08:14,34960.68,550,36.51,0.3116,0.0106,14.6225,0.0011,0.0006,14.9561
044,exp_8_zmin_50_k_100_i_9_True,2025-08-01 00:08:14,34942.1,556,18.58,0.3832,0.0082,12.3792,0.0,0.011,12.7954
045,exp_8_zmin_50_k_100_i_9_True,2025-08-01 00:08:14,34919.34,566,22.77,0.3252,0.0082,17.5143,0.0,0.0,17.8571
046,exp_8_zmin_50_k_100_i_9_True,2025-08-01 00:08:14,34901.22,573,18.12,0.336,0.0042,11.0834,0.002,0.001,11.4468
047,exp_8_zmin_50_k_100_i_9_True,2025-08-01 00:08:14,34897.6,581,3.62,0.4019,0.009,18.5581,0.0,0.011,18.999
048,exp_8_zmin_50_k_100_i_9_True,2025-08-01 00:08:14,34894.48,587,3.12,0.343,0.0124,20.442,0.0,0.013,20.816
049,exp_8_zmin_50_k_100_i_9_True,2025-08-01 00:08:14,34892.85,591,1.63,0.3392,0.0084,15.4506,0.0,0.0,15.8065
050,exp_8_zmin_50_k_100_i_9_True,2025-08-01 00:08:14,34890.97,595,1.88,0.3361,0.0084,15.6499,0.0021,0.0005,16.0166
051,exp_8_zmin_50_k_100_i_9_True,2025-08-01 00:08:14,34890.68,597,0.28,0.3599,0.0044,16.8874,0.0,0.0,17.2612
001,exp_9_zmin_50_k_100_i_9_True,2025-08-01 00:20:19,49324.98,63,0.0,0.0707,0.0096,9.3908,0.0,0.0063,9.4808
002,exp_9_zmin_50_k_100_i_9_True,2025-08-01 00:20:19,48536.43,74,788.54,0.0807,0.0083,8.9352,0.006,0.0021,9.0358
003,exp_9_zmin_50_k_100_i_9_True,2025-08-01 00:20:19,48361.33,91,175.1,0.0904,0.0083,20.0674,0.0,0.0037,20.1734
004,exp_9_zmin_50_k_100_i_9_True,2025-08-01 00:20:19,48053.17,103,308.16,0.1016,0.0085,11.3731,0.001,0.001,11.4889
005,exp_9_zmin_50_k_100_i_9_True,2025-08-01 00:20:19,47776.69,111,276.48,0.111,0.0121,8.3665,0.0,0.0037,8.4953
006,exp_9_zmin_50_k_100_i_9_True,2025-08-01 00:20:19,47776.69,127,0.0,0.1057,0.0087,7.5377,0.0011,0.0016,7.6571
007,exp_9_zmin_50_k_100_i_9_True,2025-08-01 00:20:19,47732.91,135,43.78,0.1153,0.0087,5.9239,0.0,0.013,6.0657
008,exp_9_zmin_50_k_100_i_9_True,2025-08-01 00:20:19,47732.91,151,0.0,0.1153,0.0111,15.7202,0.0,0.0163,15.8655
009,exp_9_zmin_50_k_100_i_9_True,2025-08-01 00:20:19,47732.91,156,0.0,0.1333,0.0131,8.6703,0.0,0.0,8.8172
010,exp_9_zmin_50_k_100_i_9_True,2025-08-01 00:20:19,47732.91,161,0.0,0.1261,0.01,5.9356,0.0,0.0101,6.0877
011,exp_9_zmin_50_k_100_i_9_True,2025-08-01 00:20:19,47732.91,170,0.0,0.1375,0.0106,10.7016,0.0,0.0041,10.8541
012,exp_9_zmin_50_k_100_i_9_True,2025-08-01 00:20:19,47732.91,178,0.0,0.1637,0.0089,8.9833,0.0,0.0027,9.1631
013,exp_9_zmin_50_k_100_i_9_True,2025-08-01 00:20:19,47732.91,185,0.0,0.1404,0.0089,9.6591,0.0159,0.0022,9.8294
014,exp_9_zmin_50_k_100_i_9_True,2025-08-01 00:20:19,47732.91,194,0.0,0.1477,0.0099,15.9462,0.0,0.0131,16.1215
015,exp_9_zmin_50_k_100_i_9_True,2025-08-01 00:20:19,45358.33,200,2374.58,0.1505,0.01,10.9183,0.0,0.0,11.0816
016,exp_9_zmin_50_k_100_i_9_True,2025-08-01 00:20:19,44903.17,217,455.16,0.1471,0.0113,21.6338,0.0,0.0159,21.8147
017,exp_9_zmin_50_k_100_i_9_True,2025-08-01 00:20:19,44025.32,227,877.85,0.1596,0.0062,8.9804,0.0,0.0073,9.1585
018,exp_9_zmin_50_k_100_i_9_True,2025-08-01 00:20:19,43238.36,238,786.96,0.162,0.0093,17.2838,0.0,0.0,17.461
019,exp_9_zmin_50_k_100_i_9_True,2025-08-01 00:20:19,42480.7,246,757.65,0.1663,0.0082,20.2229,0.0,0.0036,20.4113
020,exp_9_zmin_50_k_100_i_9_True,2025-08-01 00:20:19,41787.88,262,692.82,0.1855,0.0069,19.1104,0.0158,0.0,19.3243
021,exp_9_zmin_50_k_100_i_9_True,2025-08-01 00:20:19,40981.39,273,806.49,0.2159,0.01,20.804,0.0,0.0,21.0508
022,exp_9_zmin_50_k_100_i_9_True,2025-08-01 00:20:19,40380.97,283,600.42,0.2114,0.0139,19.8756,0.0,0.005,20.1079
023,exp_9_zmin_50_k_100_i_9_True,2025-08-01 00:20:19,39681.43,299,699.54,0.196,0.0087,27.5095,0.0,0.0066,27.7267
024,exp_9_zmin_50_k_100_i_9_True,2025-08-01 00:20:19,38792.15,312,889.28,0.197,0.0099,10.3899,0.0,0.003,10.6094
025,exp_9_zmin_50_k_100_i_9_True,2025-08-01 00:20:19,38440.09,331,352.06,0.2027,0.0148,17.7968,0.0,0.0076,18.023
026,exp_9_zmin_50_k_100_i_9_True,2025-08-01 00:20:19,37925.16,345,514.93,0.2246,0.0087,11.8321,0.005,0.0026,12.0814
027,exp_9_zmin_50_k_100_i_9_True,2025-08-01 00:20:19,37597.21,354,327.95,0.2229,0.0138,7.7053,0.0,0.0036,7.9465
028,exp_9_zmin_50_k_100_i_9_True,2025-08-01 00:20:19,37206.54,365,390.67,0.234,0.0085,17.7838,0.0,0.0026,18.0391
029,exp_9_zmin_50_k_100_i_9_True,2025-08-01 00:20:19,36987.66,380,218.88,0.2607,0.0134,14.1057,0.0,0.0151,14.4034
030,exp_9_zmin_50_k_100_i_9_True,2025-08-01 00:20:19,36665.88,387,321.78,0.3379,0.0135,14.0518,0.0,0.0034,14.4217
031,exp_9_zmin_50_k_100_i_9_True,2025-08-01 00:20:19,36231.37,404,434.51,0.2639,0.0085,17.1296,0.0,0.0095,17.4209
032,exp_9_zmin_50_k_100_i_9_True,2025-08-01 00:20:19,36008.78,419,222.59,0.253,0.0052,16.3262,0.0,0.0047,16.5948
033,exp_9_zmin_50_k_100_i_9_True,2025-08-01 00:20:19,35702.97,431,305.81,0.2694,0.0099,13.1163,0.0159,0.0026,13.4208
034,exp_9_zmin_50_k_100_i_9_True,2025-08-01 00:20:19,35547.16,449,155.81,0.2663,0.0104,13.616,0.0,0.0034,13.9037
035,exp_9_zmin_50_k_100_i_9_True,2025-08-01 00:20:19,35392.68,464,154.47,0.2799,0.0078,11.3277,0.0,0.0064,11.63
036,exp_9_zmin_50_k_100_i_9_True,2025-08-01 00:20:19,35319.06,484,73.63,0.3132,0.0153,13.6978,0.0,0.0123,14.0401
037,exp_9_zmin_50_k_100_i_9_True,2025-08-01 00:20:19,35245.51,492,73.55,0.3093,0.0109,12.9407,0.0,0.0,13.2758
038,exp_9_zmin_50_k_100_i_9_True,2025-08-01 00:20:19,35157.14,500,88.37,0.3459,0.009,15.0254,0.0,0.0037,15.3916
039,exp_9_zmin_50_k_100_i_9_True,2025-08-01 00:20:19,35132.38,508,24.75,0.2943,0.0121,10.5091,0.0,0.0034,10.8248
040,exp_9_zmin_50_k_100_i_9_True,2025-08-01 00:20:19,35103.54,521,28.84,0.2965,0.0081,13.3493,0.0,0.0143,13.6807
041,exp_9_zmin_50_k_100_i_9_True,2025-08-01 00:20:19,35033.06,532,70.48,0.3139,0.0127,15.4622,0.002,0.0015,15.7983
042,exp_9_zmin_50_k_100_i_9_True,2025-08-01 00:20:19,34997.19,544,35.87,0.3695,0.0099,10.333,0.0,0.0116,10.7325
043,exp_9_zmin_50_k_100_i_9_True,2025-08-01 00:20:19,34960.68,550,36.51,0.3087,0.0109,14.6152,0.0,0.0,14.9446
044,exp_9_zmin_50_k_100_i_9_True,2025-08-01 00:20:19,34942.1,556,18.58,0.3582,0.009,12.7625,0.0,0.0,13.1411
045,exp_9_zmin_50_k_100_i_9_True,2025-08-01 00:20:19,34919.34,566,22.77,0.3365,0.008,17.926,0.0,0.0032,18.2882
046,exp_9_zmin_50_k_100_i_9_True,2025-08-01 00:20:19,34901.22,573,18.12,0.3365,0.0051,10.539,0.0,0.009,10.899
047,exp_9_zmin_50_k_100_i_9_True,2025-08-01 00:20:19,34897.6,581,3.62,0.3351,0.0074,17.9903,0.0,0.0156,18.3577
048,exp_9_zmin_50_k_100_i_9_True,2025-08-01 00:20:19,34894.48,587,3.12,0.341,0.0074,20.5036,0.0,0.0,20.864
049,exp_9_zmin_50_k_100_i_9_True,2025-08-01 00:20:19,34892.85,591,1.63,0.357,0.0093,16.1114,0.0,0.0,16.4915
050,exp_9_zmin_50_k_100_i_9_True,2025-08-01 00:20:19,34890.97,595,1.88,0.3488,0.0099,15.5324,0.0,0.0,15.9146
051,exp_9_zmin_50_k_100_i_9_True,2025-08-01 00:20:19,34890.68,597,0.28,0.3789,0.0105,16.8934,0.0015,0.0,17.2925
001,exp_10_zmin_50_k_100_i_9_False,2025-08-01 00:31:28,49324.98,63,0.0,0.0735,0.0088,8.8119,0.0,0.009,8.9046
002,exp_10_zmin_50_k_100_i_9_False,2025-08-01 00:31:28,48536.43,74,788.54,0.0811,0.0102,8.3796,0.0,0.0042,8.4761
003,exp_10_zmin_50_k_100_i_9_False,2025-08-01 00:31:28,48361.33,91,175.1,0.1236,0.0085,18.0021,0.0,0.0069,18.1435
004,exp_10_zmin_50_k_100_i_9_False,2025-08-01 00:31:28,48053.17,103,308.16,0.1015,0.0091,10.8229,0.0,0.0,10.937
005,exp_10_zmin_50_k_100_i_9_False,2025-08-01 00:31:28,47776.69,111,276.48,0.1063,0.0111,7.9658,0.0011,0.001,8.0915
006,exp_10_zmin_50_k_100_i_9_False,2025-08-01 00:31:28,47776.69,127,0.0,0.1197,0.0115,7.1417,0.0,0.0149,7.2895
007,exp_10_zmin_50_k_100_i_9_False,2025-08-01 00:31:28,47732.91,135,43.78,0.1134,0.0096,5.2914,0.0,0.0109,5.4283
008,exp_10_zmin_50_k_100_i_9_False,2025-08-01 00:31:28,47732.91,151,0.0,0.1152,0.0083,14.6828,0.0,0.0118,14.8217
009,exp_10_zmin_50_k_100_i_9_False,2025-08-01 00:31:28,47732.91,156,0.0,0.1353,0.0105,8.1677,0.0,0.0,8.3176
010,exp_10_zmin_50_k_100_i_9_False,2025-08-01 00:31:28,47732.91,161,0.0,0.1293,0.0111,5.4794,0.0158,0.0,5.645
011,exp_10_zmin_50_k_100_i_9_False,2025-08-01 00:31:28,47732.91,170,0.0,0.1336,0.0125,10.0286,0.0,0.0106,10.1875
012,exp_10_zmin_50_k_100_i_9_False,2025-08-01 00:31:28,47732.91,178,0.0,0.1334,0.0088,8.3296,0.0156,0.002,8.4914
013,exp_10_zmin_50_k_100_i_9_False,2025-08-01 00:31:28,47732.91,185,0.0,0.1444,0.009,8.9522,0.0,0.0104,9.1208
014,exp_10_zmin_50_k_100_i_9_False,2025-08-01 00:31:28,47732.91,194,0.0,0.1379,0.0086,14.224,0.0,0.0069,14.3817
015,exp_10_zmin_50_k_100_i_9_False,2025-08-01 00:31:28,45358.33,200,2374.58,0.1516,0.0095,9.7222,0.0,0.003,9.8894
016,exp_10_zmin_50_k_100_i_9_False,2025-08-01 00:31:28,44903.17,217,455.16,0.1473,0.0128,20.1908,0.0,0.0,20.3509
017,exp_10_zmin_50_k_100_i_9_False,2025-08-01 00:31:28,44025.32,227,877.85,0.1565,0.0076,8.3696,0.0,0.0112,8.5587
018,exp_10_zmin_50_k_100_i_9_False,2025-08-01 00:31:28,43238.36,238,786.96,0.1572,0.007,16.1332,0.0,0.0093,16.3109
019,exp_10_zmin_50_k_100_i_9_False,2025-08-01 00:31:28,42480.7,246,757.65,0.1701,0.0109,18.5621,0.0061,0.001,18.7559
020,exp_10_zmin_50_k_100_i_9_False,2025-08-01 00:31:28,41787.88,262,692.82,0.2161,0.0106,17.9059,0.0,0.0056,18.1459
021,exp_10_zmin_50_k_100_i_9_False,2025-08-01 00:31:28,40981.39,273,806.49,0.1877,0.0052,18.5502,0.0,0.0165,18.7645
022,exp_10_zmin_50_k_100_i_9_False,2025-08-01 00:31:28,40380.97,283,600.42,0.1853,0.0096,18.2358,0.001,0.001,18.4378
023,exp_10_zmin_50_k_100_i_9_False,2025-08-01 00:31:28,39681.43,299,699.54,0.1848,0.009,25.906,0.0,0.0075,26.1133
024,exp_10_zmin_50_k_100_i_9_False,2025-08-01 00:31:28,38792.15,312,889.28,0.2014,0.0299,9.537,0.0,0.0058,9.7934
025,exp_10_zmin_50_k_100_i_9_False,2025-08-01 00:31:28,38440.09,331,352.06,0.2097,0.01,16.4429,0.0,0.0032,16.6717
026,exp_10_zmin_50_k_100_i_9_False,2025-08-01 00:31:28,37925.16,345,514.93,0.2394,0.0092,10.4619,0.0,0.0145,10.731
027,exp_10_zmin_50_k_100_i_9_False,2025-08-01 00:31:28,37597.21,354,327.95,0.222,0.0081,7.1163,0.0,0.0067,7.359
028,exp_10_zmin_50_k_100_i_9_False,2025-08-01 00:31:28,37206.54,365,390.67,0.2669,0.009,15.6698,0.0,0.008,15.9614
029,exp_10_zmin_50_k_100_i_9_False,2025-08-01 00:31:28,36987.66,380,218.88,0.2631,0.0153,12.3459,0.0,0.0111,12.6516
030,exp_10_zmin_50_k_100_i_9_False,2025-08-01 00:31:28,36665.88,387,321.78,0.2384,0.0075,13.5823,0.0,0.0,13.851
031,exp_10_zmin_50_k_100_i_9_False,2025-08-01 00:31:28,36231.37,404,434.51,0.2522,0.0082,16.7812,0.0,0.0131,17.0619
032,exp_10_zmin_50_k_100_i_9_False,2025-08-01 00:31:28,36008.78,419,222.59,0.2919,0.008,14.4026,0.0,0.0103,14.7191
033,exp_10_zmin_50_k_100_i_9_False,2025-08-01 00:31:28,35702.97,431,305.81,0.2635,0.0082,12.0902,0.0,0.0168,12.3867
034,exp_10_zmin_50_k_100_i_9_False,2025-08-01 00:31:28,35547.16,449,155.81,0.3006,0.0081,11.9132,0.0,0.0025,12.2312
035,exp_10_zmin_50_k_100_i_9_False,2025-08-01 00:31:28,35392.68,464,154.47,0.2939,0.0091,10.0609,0.0,0.0112,10.3841
036,exp_10_zmin_50_k_100_i_9_False,2025-08-01 00:31:28,35319.06,484,73.63,0.3175,0.0101,12.5074,0.0,0.0045,12.8466
037,exp_10_zmin_50_k_100_i_9_False,2025-08-01 00:31:28,35245.51,492,73.55,0.288,0.0081,11.6994,0.0,0.0,12.0037
038,exp_10_zmin_50_k_100_i_9_False,2025-08-01 00:31:28,35157.14,500,88.37,0.3611,0.0091,14.0895,0.0,0.0,14.4679
039,exp_10_zmin_50_k_100_i_9_False,2025-08-01 00:31:28,35132.38,508,24.75,0.3089,0.009,9.4848,0.0,0.0147,9.8254
040,exp_10_zmin_50_k_100_i_9_False,2025-08-01 00:31:28,35103.54,521,28.84,0.3846,0.008,12.2748,0.0,0.0,12.6756
041,exp_10_zmin_50_k_100_i_9_False,2025-08-01 00:31:28,35033.06,532,70.48,0.3019,0.009,14.4783,0.0,0.0032,14.8054
042,exp_10_zmin_50_k_100_i_9_False,2025-08-01 00:31:28,34997.19,544,35.87,0.3369,0.0105,9.4062,0.0,0.0036,9.7664
043,exp_10_zmin_50_k_100_i_9_False,2025-08-01 00:31:28,34960.68,550,36.51,0.3346,0.0081,13.215,0.0,0.0,13.5669
044,exp_10_zmin_50_k_100_i_9_False,2025-08-01 00:31:28,34942.1,556,18.58,0.3443,0.0087,11.1496,0.0158,0.0017,11.5286
045,exp_10_zmin_50_k_100_i_9_False,2025-08-01 00:31:28,34919.34,566,22.77,0.3459,0.0105,16.2482,0.0021,0.0005,16.6154
046,exp_10_zmin_50_k_100_i_9_False,2025-08-01 00:31:28,34901.22,573,18.12,0.3452,0.008,9.4327,0.0,0.0069,9.8019
047,exp_10_zmin_50_k_100_i_9_False,2025-08-01 00:31:28,34897.6,581,3.62,0.3641,0.0082,17.4423,0.0,0.0048,17.8285
048,exp_10_zmin_50_k_100_i_9_False,2025-08-01 00:31:28,34894.48,587,3.12,0.3995,0.008,19.3877,0.0,0.0,19.8044
049,exp_10_zmin_50_k_100_i_9_False,2025-08-01 00:31:28,34892.85,591,1.63,0.3506,0.007,14.2186,0.0088,0.0,14.5945
050,exp_10_zmin_50_k_100_i_9_False,2025-08-01 00:31:28,34890.97,595,1.88,0.3365,0.0071,14.5043,0.0,0.0,14.8613
051,exp_10_zmin_50_k_100_i_9_False,2025-08-01 00:31:28,34890.68,597,0.28,0.3926,0.0081,16.232,0.0,0.0,16.6698
001,exp_11_zmin_50_k_100_i_9_False,2025-08-01 00:42:33,49324.98,63,0.0,0.1943,0.009,8.8862,0.0,0.0167,9.1091
002,exp_11_zmin_50_k_100_i_9_False,2025-08-01 00:42:33,48536.43,74,788.54,0.131,0.0081,8.2211,0.0157,0.0018,8.3817
003,exp_11_zmin_50_k_100_i_9_False,2025-08-01 00:42:33,48361.33,91,175.1,0.0897,0.0086,17.8686,0.0,0.0105,17.9814
004,exp_11_zmin_50_k_100_i_9_False,2025-08-01 00:42:33,48053.17,103,308.16,0.0956,0.0081,10.1959,0.0158,0.0,10.3184
005,exp_11_zmin_50_k_100_i_9_False,2025-08-01 00:42:33,47776.69,111,276.48,0.098,0.008,7.3328,0.0,0.015,7.4569
006,exp_11_zmin_50_k_100_i_9_False,2025-08-01 00:42:33,47776.69,127,0.0,0.0983,0.0083,6.6859,0.0,0.013,6.8074
007,exp_11_zmin_50_k_100_i_9_False,2025-08-01 00:42:33,47732.91,135,43.78,0.1104,0.0071,5.1079,0.0,0.0042,5.2336
008,exp_11_zmin_50_k_100_i_9_False,2025-08-01 00:42:33,47732.91,151,0.0,0.1375,0.0081,14.5936,0.0,0.0053,14.7475
009,exp_11_zmin_50_k_100_i_9_False,2025-08-01 00:42:33,47732.91,156,0.0,0.1344,0.0088,7.8865,0.0,0.0069,8.0408
010,exp_11_zmin_50_k_100_i_9_False,2025-08-01 00:42:33,47732.91,161,0.0,0.1266,0.008,5.2986,0.0,0.0,5.4363
011,exp_11_zmin_50_k_100_i_9_False,2025-08-01 00:42:33,47732.91,170,0.0,0.1256,0.008,9.6892,0.0016,0.0,9.8364
012,exp_11_zmin_50_k_100_i_9_False,2025-08-01 00:42:33,47732.91,178,0.0,0.1313,0.009,8.367,0.0,0.0,8.5118
013,exp_11_zmin_50_k_100_i_9_False,2025-08-01 00:42:33,47732.91,185,0.0,0.1488,0.0092,9.2712,0.0,0.0,9.4427
014,exp_11_zmin_50_k_100_i_9_False,2025-08-01 00:42:33,47732.91,194,0.0,0.1438,0.0082,14.3383,0.001,0.0015,14.4969
015,exp_11_zmin_50_k_100_i_9_False,2025-08-01 00:42:33,45358.33,200,2374.58,0.1919,0.01,9.6602,0.0,0.0146,9.8804
016,exp_11_zmin_50_k_100_i_9_False,2025-08-01 00:42:33,44903.17,217,455.16,0.1416,0.008,19.8097,0.0,0.0161,19.9797
017,exp_11_zmin_50_k_100_i_9_False,2025-08-01 00:42:33,44025.32,227,877.85,0.1557,0.0071,8.2973,0.0,0.0052,8.4714
018,exp_11_zmin_50_k_100_i_9_False,2025-08-01 00:42:33,43238.36,238,786.96,0.1577,0.0071,15.9436,0.0,0.0083,16.1218
019,exp_11_zmin_50_k_100_i_9_False,2025-08-01 00:42:33,42480.7,246,757.65,0.1655,0.009,17.9492,0.0,0.0149,18.1426
020,exp_11_zmin_50_k_100_i_9_False,2025-08-01 00:42:33,41787.88,262,692.82,0.169,0.0081,17.1151,0.0,0.0121,17.3093
021,exp_11_zmin_50_k_100_i_9_False,2025-08-01 00:42:33,40981.39,273,806.49,0.1828,0.008,19.0596,0.0011,0.0011,19.2576
022,exp_11_zmin_50_k_100_i_9_False,2025-08-01 00:42:33,40380.97,283,600.42,0.1909,0.0081,17.6001,0.0,0.0,17.8046
023,exp_11_zmin_50_k_100_i_9_False,2025-08-01 00:42:33,39681.43,299,699.54,0.2701,0.0082,26.5661,0.0,0.0,26.8496
024,exp_11_zmin_50_k_100_i_9_False,2025-08-01 00:42:33,38792.15,312,889.28,0.2007,0.0092,9.7046,0.0,0.0114,9.9383
025,exp_11_zmin_50_k_100_i_9_False,2025-08-01 00:42:33,38440.09,331,352.06,0.1996,0.008,15.8579,0.0,0.0035,16.075
026,exp_11_zmin_50_k_100_i_9_False,2025-08-01 00:42:33,37925.16,345,514.93,0.2287,0.0092,10.5149,0.0,0.0,10.7568
027,exp_11_zmin_50_k_100_i_9_False,2025-08-01 00:42:33,37597.21,354,327.95,0.2524,0.0082,7.1751,0.0,0.0039,7.4465
028,exp_11_zmin_50_k_100_i_9_False,2025-08-01 00:42:33,37206.54,365,390.67,0.2223,0.008,16.3799,0.0,0.0,16.6153
029,exp_11_zmin_50_k_100_i_9_False,2025-08-01 00:42:33,36987.66,380,218.88,0.3597,0.0091,12.6732,0.002,0.0014,13.0524
030,exp_11_zmin_50_k_100_i_9_False,2025-08-01 00:42:33,36665.88,387,321.78,0.244,0.0092,13.1783,0.002,0.0,13.4415
031,exp_11_zmin_50_k_100_i_9_False,2025-08-01 00:42:33,36231.37,404,434.51,0.2699,0.009,15.765,0.0,0.0064,16.0585
032,exp_11_zmin_50_k_100_i_9_False,2025-08-01 00:42:33,36008.78,419,222.59,0.5055,0.0078,14.9156,0.0,0.0,15.5698
033,exp_11_zmin_50_k_100_i_9_False,2025-08-01 00:42:33,35702.97,431,305.81,0.3309,0.0092,12.1611,0.0,0.0146,12.523
034,exp_11_zmin_50_k_100_i_9_False,2025-08-01 00:42:33,35547.16,449,155.81,0.2723,0.0095,11.9349,0.0,0.0082,12.2372
035,exp_11_zmin_50_k_100_i_9_False,2025-08-01 00:42:33,35392.68,464,154.47,0.2706,0.0082,10.0766,0.0,0.0032,10.3656
036,exp_11_zmin_50_k_100_i_9_False,2025-08-01 00:42:33,35319.06,484,73.63,0.2769,0.0092,12.455,0.0,0.0153,12.7644
037,exp_11_zmin_50_k_100_i_9_False,2025-08-01 00:42:33,35245.51,492,73.55,0.2872,0.0092,11.3229,0.0,0.0036,11.6321
038,exp_11_zmin_50_k_100_i_9_False,2025-08-01 00:42:33,35157.14,500,88.37,0.2974,0.0082,13.6524,0.0158,0.0,13.982
039,exp_11_zmin_50_k_100_i_9_False,2025-08-01 00:42:33,35132.38,508,24.75,0.3196,0.0081,9.4602,0.0,0.015,9.8099
040,exp_11_zmin_50_k_100_i_9_False,2025-08-01 00:42:33,35103.54,521,28.84,0.298,0.008,12.3131,0.0158,0.0019,12.6448
041,exp_11_zmin_50_k_100_i_9_False,2025-08-01 00:42:33,35033.06,532,70.48,0.3738,0.0068,14.2832,0.0,0.0152,14.6883
042,exp_11_zmin_50_k_100_i_9_False,2025-08-01 00:42:33,34997.19,544,35.87,0.2994,0.008,9.2554,0.0,0.0152,9.5852
043,exp_11_zmin_50_k_100_i_9_False,2025-08-01 00:42:33,34960.68,550,36.51,0.3167,0.009,13.5431,0.0,0.0041,13.881
044,exp_11_zmin_50_k_100_i_9_False,2025-08-01 00:42:33,34942.1,556,18.58,0.3255,0.0112,11.6615,0.0,0.0,12.0251
045,exp_11_zmin_50_k_100_i_9_False,2025-08-01 00:42:33,34919.34,566,22.77,0.3796,0.0142,16.2252,0.0,0.0131,16.6699
046,exp_11_zmin_50_k_100_i_9_False,2025-08-01 00:42:33,34901.22,573,18.12,0.3311,0.008,9.4443,0.0,0.0054,9.7969
047,exp_11_zmin_50_k_100_i_9_False,2025-08-01 00:42:33,34897.6,581,3.62,0.3622,0.009,16.6715,0.0,0.0095,17.0608
048,exp_11_zmin_50_k_100_i_9_False,2025-08-01 00:42:33,34894.48,587,3.12,0.3295,0.009,18.9333,0.0,0.0157,19.2952
049,exp_11_zmin_50_k_100_i_9_False,2025-08-01 00:42:33,34892.85,591,1.63,0.3323,0.0102,14.5776,0.0016,0.0005,14.9311
050,exp_11_zmin_50_k_100_i_9_False,2025-08-01 00:42:33,34890.97,595,1.88,0.3767,0.0081,15.073,0.0,0.0,15.4673
051,exp_11_zmin_50_k_100_i_9_False,2025-08-01 00:42:33,34890.68,597,0.28,0.3502,0.0081,15.8848,0.0,0.0,16.2533
001,exp_12_zmin_50_k_100_i_9_False,2025-08-01 00:53:38,49324.98,63,0.0,0.0732,0.0081,8.6913,0.005,0.003,8.7858
002,exp_12_zmin_50_k_100_i_9_False,2025-08-01 00:53:38,48536.43,74,788.54,0.0837,0.0091,8.419,0.0,0.0,8.5148
003,exp_12_zmin_50_k_100_i_9_False,2025-08-01 00:53:38,48361.33,91,175.1,0.0953,0.0091,17.8191,0.0,0.0152,17.9407
004,exp_12_zmin_50_k_100_i_9_False,2025-08-01 00:53:38,48053.17,103,308.16,0.0969,0.009,10.7758,0.0,0.0145,10.8983
005,exp_12_zmin_50_k_100_i_9_False,2025-08-01 00:53:38,47776.69,111,276.48,0.1002,0.012,7.5356,0.0,0.0,7.6508
006,exp_12_zmin_50_k_100_i_9_False,2025-08-01 00:53:38,47776.69,127,0.0,0.1029,0.008,6.9131,0.0,0.0,7.0344
007,exp_12_zmin_50_k_100_i_9_False,2025-08-01 00:53:38,47732.91,135,43.78,0.1079,0.009,5.3087,0.0011,0.0011,5.4384
008,exp_12_zmin_50_k_100_i_9_False,2025-08-01 00:53:38,47732.91,151,0.0,0.1241,0.0101,15.0296,0.0,0.0096,15.176
009,exp_12_zmin_50_k_100_i_9_False,2025-08-01 00:53:38,47732.91,156,0.0,0.128,0.008,7.9475,0.0021,0.0009,8.0905
010,exp_12_zmin_50_k_100_i_9_False,2025-08-01 00:53:38,47732.91,161,0.0,0.1327,0.008,5.3304,0.0,0.0118,5.4876
011,exp_12_zmin_50_k_100_i_9_False,2025-08-01 00:53:38,47732.91,170,0.0,0.1279,0.008,9.6246,0.0,0.0164,9.7809
012,exp_12_zmin_50_k_100_i_9_False,2025-08-01 00:53:38,47732.91,178,0.0,0.1287,0.0088,8.2153,0.0,0.0096,8.3664
013,exp_12_zmin_50_k_100_i_9_False,2025-08-01 00:53:38,47732.91,185,0.0,0.163,0.0111,8.8067,0.0,0.0,8.9848
014,exp_12_zmin_50_k_100_i_9_False,2025-08-01 00:53:38,47732.91,194,0.0,0.1372,0.0081,14.0353,0.0,0.0044,14.203
015,exp_12_zmin_50_k_100_i_9_False,2025-08-01 00:53:38,45358.33,200,2374.58,0.1483,0.0183,9.7033,0.0,0.0129,9.908
016,exp_12_zmin_50_k_100_i_9_False,2025-08-01 00:53:38,44903.17,217,455.16,0.1408,0.008,20.2396,0.0,0.0036,20.4122
017,exp_12_zmin_50_k_100_i_9_False,2025-08-01 00:53:38,44025.32,227,877.85,0.1526,0.0093,8.2057,0.0027,0.0012,8.3771
018,exp_12_zmin_50_k_100_i_9_False,2025-08-01 00:53:38,43238.36,238,786.96,0.1694,0.0079,15.8979,0.0,0.0,16.0815
019,exp_12_zmin_50_k_100_i_9_False,2025-08-01 00:53:38,42480.7,246,757.65,0.199,0.0081,17.982,0.0,0.0157,18.209
020,exp_12_zmin_50_k_100_i_9_False,2025-08-01 00:53:38,41787.88,262,692.82,0.1643,0.0082,17.2186,0.0,0.0072,17.4032
021,exp_12_zmin_50_k_100_i_9_False,2025-08-01 00:53:38,40981.39,273,806.49,0.18,0.0092,18.3555,0.0,0.0042,18.5539
022,exp_12_zmin_50_k_100_i_9_False,2025-08-01 00:53:38,40380.97,283,600.42,0.1834,0.008,17.2023,0.0,0.0131,17.4119
023,exp_12_zmin_50_k_100_i_9_False,2025-08-01 00:53:38,39681.43,299,699.54,0.1825,0.0092,25.9512,0.0,0.0062,26.1541
024,exp_12_zmin_50_k_100_i_9_False,2025-08-01 00:53:38,38792.15,312,889.28,0.2054,0.0081,9.959,0.0,0.0,10.179
025,exp_12_zmin_50_k_100_i_9_False,2025-08-01 00:53:38,38440.09,331,352.06,0.2459,0.0091,16.2338,0.0,0.0158,16.5107
026,exp_12_zmin_50_k_100_i_9_False,2025-08-01 00:53:38,37925.16,345,514.93,0.2203,0.0082,10.7179,0.0,0.0,10.954
027,exp_12_zmin_50_k_100_i_9_False,2025-08-01 00:53:38,37597.21,354,327.95,0.2284,0.009,7.2087,0.0,0.0158,7.4774
028,exp_12_zmin_50_k_100_i_9_False,2025-08-01 00:53:38,37206.54,365,390.67,0.2289,0.009,16.0839,0.0,0.009,16.339
029,exp_12_zmin_50_k_100_i_9_False,2025-08-01 00:53:38,36987.66,380,218.88,0.2295,0.0081,12.3362,0.0015,0.0015,12.583
030,exp_12_zmin_50_k_100_i_9_False,2025-08-01 00:53:38,36665.88,387,321.78,0.2458,0.0081,12.8875,0.0,0.0,13.1485
031,exp_12_zmin_50_k_100_i_9_False,2025-08-01 00:53:38,36231.37,404,434.51,0.2601,0.009,15.8595,0.0,0.0078,16.1496
032,exp_12_zmin_50_k_100_i_9_False,2025-08-01 00:53:38,36008.78,419,222.59,0.2477,0.0092,15.1156,0.002,0.002,15.3837
033,exp_12_zmin_50_k_100_i_9_False,2025-08-01 00:53:38,35702.97,431,305.81,0.2706,0.0091,12.154,0.0,0.0165,12.4572
034,exp_12_zmin_50_k_100_i_9_False,2025-08-01 00:53:38,35547.16,449,155.81,0.2616,0.008,12.4906,0.0,0.0,12.7673
035,exp_12_zmin_50_k_100_i_9_False,2025-08-01 00:53:38,35392.68,464,154.47,0.2906,0.0087,10.4341,0.0,0.0,10.7423
036,exp_12_zmin_50_k_100_i_9_False,2025-08-01 00:53:38,35319.06,484,73.63,0.2853,0.0092,12.8453,0.002,0.002,13.1603
037,exp_12_zmin_50_k_100_i_9_False,2025-08-01 00:53:38,35245.51,492,73.55,0.3223,0.008,11.5108,0.0,0.0,11.8494
038,exp_12_zmin_50_k_100_i_9_False,2025-08-01 00:53:38,35157.14,500,88.37,0.301,0.009,13.7915,0.0,0.0102,14.1261
039,exp_12_zmin_50_k_100_i_9_False,2025-08-01 00:53:38,35132.38,508,24.75,0.3465,0.008,9.4261,0.0157,0.0013,9.8046
040,exp_12_zmin_50_k_100_i_9_False,2025-08-01 00:53:38,35103.54,521,28.84,0.3058,0.0085,12.2164,0.0,0.0072,12.546
041,exp_12_zmin_50_k_100_i_9_False,2025-08-01 00:53:38,35033.06,532,70.48,0.3175,0.008,14.4396,0.0,0.0029,14.776
042,exp_12_zmin_50_k_100_i_9_False,2025-08-01 00:53:38,34997.19,544,35.87,0.3083,0.0082,9.3114,0.0,0.0075,9.6434
043,exp_12_zmin_50_k_100_i_9_False,2025-08-01 00:53:38,34960.68,550,36.51,0.3474,0.0263,13.2924,0.0,0.0,13.6929
044,exp_12_zmin_50_k_100_i_9_False,2025-08-01 00:53:38,34942.1,556,18.58,0.3194,0.0082,11.248,0.0,0.0086,11.6
045,exp_12_zmin_50_k_100_i_9_False,2025-08-01 00:53:38,34919.34,566,22.77,0.3302,0.0102,16.4375,0.0016,0.0,16.7936
046,exp_12_zmin_50_k_100_i_9_False,2025-08-01 00:53:38,34901.22,573,18.12,0.3617,0.0081,9.5487,0.0,0.0107,9.9382
047,exp_12_zmin_50_k_100_i_9_False,2025-08-01 00:53:38,34897.6,581,3.62,0.3223,0.008,17.3152,0.0133,0.001,17.669
048,exp_12_zmin_50_k_100_i_9_False,2025-08-01 00:53:38,34894.48,587,3.12,0.3658,0.0084,19.5825,0.0159,0.0,19.9838
049,exp_12_zmin_50_k_100_i_9_False,2025-08-01 00:53:38,34892.85,591,1.63,0.3507,0.0082,14.5934,0.0,0.0,14.9623
050,exp_12_zmin_50_k_100_i_9_False,2025-08-01 00:53:38,34890.97,595,1.88,0.3888,0.008,14.4654,0.0,0.0,14.8711
051,exp_12_zmin_50_k_100_i_9_False,2025-08-01 00:53:38,34890.68,597,0.28,0.3301,0.0082,15.6289,0.0,0.0,15.9877
